accession_in_sys	type	subtype	species	sys_id	sys_beg	sys_end	duplicate_count	rank	defense_system_protein_id	defense_system_cluster_id	cluster_id	protein_id	evalue	cluFlag	fident	alnlen	mismatch	gapopen	qstart	qend	tstart	tend	evalue_foldseek	bits	Reviewed	Entry Name	Protein names	Gene Names	Organism	Gene Names (ordered locus)	Gene Names (ORF)	Gene Names (primary)	Gene Names (synonym)	Proteomes	Gene Ontology (biological process)	Gene Ontology (cellular component)	Gene Ontology (GO)	Gene Ontology (molecular function)	Gene Ontology IDs	CDD	FunFam	Gene3D	InterPro	PANTHER	Pfam	PROSITE	SMART	RefSeq	Query_range	Query_length	Human_prot_total_length	Human_prot_domain_match	Human_domain_percentage	Query_percentage	Query_overlap_w_Human_protein	Human_domain_note	Human_domain_evidence	Target_range	Target_length	Bacterial_prot_total_length	Bacterial_prot_domain_match	Bacterial_domain_percentage	Target_percentage	Target_overlap_w_Bacterial_protein	Bacterial_domain_note	Bacterial_domain_evidence	Bacterial_Human_Len_Ratio	Query_Target_Overlap_Length	Overlap_ratio
WP_063110969.1	GasderMIN	GasderMIN	Methylorubrum populi	GCF_002355515_NZ_AP014809_GasderMIN_1	GCF_002355515.1_NZ_AP014809_02772	GCF_002355515.1_NZ_AP014809_02772	1	202	A0A160PE62	A0A2V2RJT9	A0A811ZZM7	A0A024RA58	0.00002422	1	0.116	277	240	0	1	277	9	280	0.00002705	88																									1.0..277.0	277								9.0..280.0	272	286								272	0.951048951
WP_063110969.1	GasderMIN	GasderMIN	Methylorubrum populi	GCF_002355515_NZ_AP014809_GasderMIN_1	GCF_002355515.1_NZ_AP014809_02772	GCF_002355515.1_NZ_AP014809_02772	1	202	A0A160PE62	A0A2V2RJT9	A0A811ZZM7	A0A2R8Y5J4	0.00002422	1	0.105	280	245	0	1	275	7	286	0.00006189	92	unreviewed	A0A2R8Y5J4_HUMAN	Gasdermin C	GSDMC	Homo sapiens (Human)			GSDMC		UP000005640: Unplaced	programmed cell death [GO:0012501]	cytosol [GO:0005829]; plasma membrane [GO:0005886]	cytosol [GO:0005829]; plasma membrane [GO:0005886]; programmed cell death [GO:0012501]		GO:0005829; GO:0005886; GO:0012501				"IPR007677; Gasdermin.;""IPR040460; Gasdermin_pore."";""IPR041263; Gasdermin_PUB."";"	"PTHR16399; GASDERMIN; 1.;""PTHR16399:SF21; GASDERMIN-C; 1."";"	"PF04598; Gasdermin; 1.;""PF17708; Gasdermin_C; 1."";"				1.0..275.0	275	508							7.0..286.0	280	286							0.562992126	275	0.961538462
WP_063110969.1	GasderMIN	GasderMIN	Methylorubrum populi	GCF_002355515_NZ_AP014809_GasderMIN_1	GCF_002355515.1_NZ_AP014809_02772	GCF_002355515.1_NZ_AP014809_02772	1	202	A0A160PE62	A0A2V2RJT9	A0A811ZZM7	A4FTY0	0.00002422	1	0.111	230	194	0	32	250	35	264	0.0001308	89	unreviewed	A4FTY0_HUMAN	"Deafness, autosomal dominant 5"	DFNA5	Homo sapiens (Human)			DFNA5			programmed cell death [GO:0012501]	cytoplasm [GO:0005737]; plasma membrane [GO:0005886]	cytoplasm [GO:0005737]; plasma membrane [GO:0005886]; programmed cell death [GO:0012501]		GO:0005737; GO:0005886; GO:0012501				"IPR040460; Gasdermin_pore.;""IPR041263; Gasdermin_PUB."";""IPR042377; GSDME."";"	"PTHR15207:SF1; GASDERMIN-E; 1.;""PTHR15207; NONSYNDROMIC HEARING IMPAIRMENT PROTEIN; 1."";"	"PF04598; Gasdermin; 1.;""PF17708; Gasdermin_C; 1."";"				32.0..250.0	219	496	1..246	87.40	98.17	44.15	['Gasdermin pore forming']	['ECO:0000259|Pfam:PF04598']	35.0..264.0	230	286							0.576612903	219	0.765734266
WP_063110969.1	GasderMIN	GasderMIN	Methylorubrum populi	GCF_002355515_NZ_AP014809_GasderMIN_1	GCF_002355515.1_NZ_AP014809_02772	GCF_002355515.1_NZ_AP014809_02772	1	202	A0A160PE62	A0A2V2RJT9	A0A811ZZM7	A8K410	0.00002422	1	0.125	277	239	0	1	277	9	282	0.0002017	74	unreviewed	A8K410_HUMAN	"cDNA FLJ78210, highly similar to Homo sapiens nonsyndromic hearing impairment protein (DFNA5) mRNA"		Homo sapiens (Human)						programmed cell death [GO:0012501]	cytoplasm [GO:0005737]; plasma membrane [GO:0005886]	cytoplasm [GO:0005737]; plasma membrane [GO:0005886]; programmed cell death [GO:0012501]		GO:0005737; GO:0005886; GO:0012501				"IPR040460; Gasdermin_pore.;""IPR041263; Gasdermin_PUB."";""IPR042377; GSDME."";"	"PTHR15207:SF1; GASDERMIN-E; 1.;""PTHR15207; NONSYNDROMIC HEARING IMPAIRMENT PROTEIN; 1."";"	"PF04598; Gasdermin; 1.;""PF17708; Gasdermin_C; 1."";"				1.0..277.0	277	496	1..246	100.00	88.81	55.85	['Gasdermin pore forming']	['ECO:0000259|Pfam:PF04598']	9.0..282.0	274	286							0.576612903	274	0.958041958
WP_063110969.1	GasderMIN	GasderMIN	Methylorubrum populi	GCF_002355515_NZ_AP014809_GasderMIN_1	GCF_002355515.1_NZ_AP014809_02772	GCF_002355515.1_NZ_AP014809_02772	1	202	A0A160PE62	A0A2V2RJT9	A0A811ZZM7	G3V1A6	0.00002422	1	0.112	281	246	0	49	329	7	284	0.00004004	83	unreviewed	G3V1A6_HUMAN	Gasdermin D	GSDMD GSDMDC1 hCG_32063	Homo sapiens (Human)		hCG_32063	GSDMD	GSDMDC1	UP000005640: Chromosome 8	programmed cell death [GO:0012501]	cytoplasm [GO:0005737]; nucleoplasm [GO:0005654]; plasma membrane [GO:0005886]	cytoplasm [GO:0005737]; nucleoplasm [GO:0005654]; plasma membrane [GO:0005886]; programmed cell death [GO:0012501]		GO:0005654; GO:0005737; GO:0005886; GO:0012501				"IPR007677; Gasdermin.;""IPR040460; Gasdermin_pore."";""IPR041263; Gasdermin_PUB."";"	"PTHR16399; GASDERMIN; 1.;""PTHR16399:SF15; GASDERMIN-D; 1."";"	"PF04598; Gasdermin; 1.;""PF17708; Gasdermin_C; 1."";"				49.0..329.0	281	532	52..290	100.00	85.05	52.82	['Gasdermin pore forming']	['ECO:0000259|Pfam:PF04598']	7.0..284.0	278	286							0.537593985	278	0.972027972
WP_063110969.1	GasderMIN	GasderMIN	Methylorubrum populi	GCF_002355515_NZ_AP014809_GasderMIN_1	GCF_002355515.1_NZ_AP014809_02772	GCF_002355515.1_NZ_AP014809_02772	1	202	A0A160PE62	A0A2V2RJT9	A0A811ZZM7	O60443	0.00002422	1	0.112	281	244	0	1	281	9	284	0.00001974	91	reviewed	GSDME_HUMAN	"Gasdermin-E (Inversely correlated with estrogen receptor expression 1) (ICERE-1) (Non-syndromic hearing impairment protein 5) [Cleaved into: Gasdermin-E, N-terminal (GSDME-NT); Gasdermin-E, C-terminal (GSDME-CT)]"	GSDME DFNA5 ICERE1	Homo sapiens (Human)			GSDME	DFNA5 ICERE1	UP000005640: Chromosome 7	cellular response to tumor necrosis factor [GO:0071356]; cellular response to virus [GO:0098586]; inner ear auditory receptor cell differentiation [GO:0042491]; negative regulation of cell population proliferation [GO:0008285]; positive regulation of immune response to tumor cell [GO:0002839]; positive regulation of intrinsic apoptotic signaling pathway [GO:2001244]; positive regulation of MAPK cascade [GO:0043410]; programmed cell death [GO:0012501]; pyroptotic cell death [GO:0141201]; pyroptotic inflammatory response [GO:0070269]; sensory perception of sound [GO:0007605]	cytoplasm [GO:0005737]; cytosol [GO:0005829]; membrane [GO:0016020]; plasma membrane [GO:0005886]	"cytoplasm [GO:0005737]; cytosol [GO:0005829]; membrane [GO:0016020]; plasma membrane [GO:0005886]; cardiolipin binding [GO:1901612]; phosphatidylinositol-4,5-bisphosphate binding [GO:0005546]; wide pore channel activity [GO:0022829]; cellular response to tumor necrosis factor [GO:0071356]; cellular response to virus [GO:0098586]; inner ear auditory receptor cell differentiation [GO:0042491]; negative regulation of cell population proliferation [GO:0008285]; positive regulation of immune response to tumor cell [GO:0002839]; positive regulation of intrinsic apoptotic signaling pathway [GO:2001244]; positive regulation of MAPK cascade [GO:0043410]; programmed cell death [GO:0012501]; pyroptotic cell death [GO:0141201]; pyroptotic inflammatory response [GO:0070269]; sensory perception of sound [GO:0007605]"	"cardiolipin binding [GO:1901612]; phosphatidylinositol-4,5-bisphosphate binding [GO:0005546]; wide pore channel activity [GO:0022829]"	GO:0002839; GO:0005546; GO:0005737; GO:0005829; GO:0005886; GO:0007605; GO:0008285; GO:0012501; GO:0016020; GO:0022829; GO:0042491; GO:0043410; GO:0070269; GO:0071356; GO:0098586; GO:0141201; GO:1901612; GO:2001244				"IPR040460; Gasdermin_pore.;""IPR041263; Gasdermin_PUB."";""IPR042377; GSDME."";"	"PTHR15207:SF1; GASDERMIN-E; 1.;""PTHR15207; NONSYNDROMIC HEARING IMPAIRMENT PROTEIN; 1."";"	"PF04598; Gasdermin; 1.;""PF17708; Gasdermin_C; 1."";"			"NP_001120925.1; NM_001127453.2. [O60443-1];""NP_001120926.1; NM_001127454.2. [O60443-3]"";""NP_004394.1; NM_004403.3. [O60443-1]"";""XP_016867291.1; XM_017011802.2. [O60443-3]"";""XP_024302438.1; XM_024446670.2. [O60443-1]"";""XP_054213373.1; XM_054357398.1. [O60443-1]"";""XP_054213374.1; XM_054357399.1. [O60443-3]"";"	1.0..281.0	281	496							9.0..284.0	276	286							0.576612903	276	0.965034965
WP_063110969.1	GasderMIN	GasderMIN	Methylorubrum populi	GCF_002355515_NZ_AP014809_GasderMIN_1	GCF_002355515.1_NZ_AP014809_02772	GCF_002355515.1_NZ_AP014809_02772	1	202	A0A160PE62	A0A2V2RJT9	A0A811ZZM7	P57764	0.00002422	1	0.1	281	249	0	1	281	7	284	0.0001744	74	reviewed	GSDMD_HUMAN	"Gasdermin-D (Gasdermin domain-containing protein 1) [Cleaved into: Gasdermin-D, N-terminal (GSDMD-NT) (hGSDMD-NTD); Gasdermin-D, C-terminal (GSDMD-CT) (hGSDMD-CTD); Gasdermin-D, p13 (Gasdermin-D, 13 kDa) (13 kDa GSDMD); Gasdermin-D, p40]"	GSDMD DFNA5L GSDMDC1 FKSG10	Homo sapiens (Human)		FKSG10	GSDMD	DFNA5L GSDMDC1	UP000005640: Chromosome 8	defense response to bacterium [GO:0042742]; defense response to Gram-negative bacterium [GO:0050829]; defense response to Gram-positive bacterium [GO:0050830]; innate immune response [GO:0045087]; pore complex assembly [GO:0046931]; positive regulation of inflammatory response [GO:0050729]; positive regulation of interleukin-1 beta production [GO:0032731]; protein homooligomerization [GO:0051260]; protein secretion [GO:0009306]; pyroptotic cell death [GO:0141201]; pyroptotic inflammatory response [GO:0070269]	cytosol [GO:0005829]; extracellular region [GO:0005576]; extracellular space [GO:0005615]; ficolin-1-rich granule lumen [GO:1904813]; membrane [GO:0016020]; mitochondrial membrane [GO:0031966]; NLRP3 inflammasome complex [GO:0072559]; nucleoplasm [GO:0005654]; plasma membrane [GO:0005886]; specific granule lumen [GO:0035580]; tertiary granule lumen [GO:1904724]	"cytosol [GO:0005829]; extracellular region [GO:0005576]; extracellular space [GO:0005615]; ficolin-1-rich granule lumen [GO:1904813]; membrane [GO:0016020]; mitochondrial membrane [GO:0031966]; NLRP3 inflammasome complex [GO:0072559]; nucleoplasm [GO:0005654]; plasma membrane [GO:0005886]; specific granule lumen [GO:0035580]; tertiary granule lumen [GO:1904724]; cardiolipin binding [GO:1901612]; phosphatidic acid binding [GO:0070300]; phosphatidylinositol-4,5-bisphosphate binding [GO:0005546]; phosphatidylinositol-4-phosphate binding [GO:0070273]; phosphatidylserine binding [GO:0001786]; wide pore channel activity [GO:0022829]; defense response to bacterium [GO:0042742]; defense response to Gram-negative bacterium [GO:0050829]; defense response to Gram-positive bacterium [GO:0050830]; innate immune response [GO:0045087]; pore complex assembly [GO:0046931]; positive regulation of inflammatory response [GO:0050729]; positive regulation of interleukin-1 beta production [GO:0032731]; protein homooligomerization [GO:0051260]; protein secretion [GO:0009306]; pyroptotic cell death [GO:0141201]; pyroptotic inflammatory response [GO:0070269]"	"cardiolipin binding [GO:1901612]; phosphatidic acid binding [GO:0070300]; phosphatidylinositol-4,5-bisphosphate binding [GO:0005546]; phosphatidylinositol-4-phosphate binding [GO:0070273]; phosphatidylserine binding [GO:0001786]; wide pore channel activity [GO:0022829]"	GO:0001786; GO:0005546; GO:0005576; GO:0005615; GO:0005654; GO:0005829; GO:0005886; GO:0009306; GO:0016020; GO:0022829; GO:0031966; GO:0032731; GO:0035580; GO:0042742; GO:0045087; GO:0046931; GO:0050729; GO:0050829; GO:0050830; GO:0051260; GO:0070269; GO:0070273; GO:0070300; GO:0072559; GO:0141201; GO:1901612; GO:1904724; GO:1904813				"IPR007677; Gasdermin.;""IPR040460; Gasdermin_pore."";""IPR041263; Gasdermin_PUB."";"	"PTHR16399; GASDERMIN; 1.;""PTHR16399:SF15; GASDERMIN-D; 1."";"	"PF04598; Gasdermin; 1.;""PF17708; Gasdermin_C; 1."";"			"NP_001159709.1; NM_001166237.1.;""NP_079012.3; NM_024736.6."";"	1.0..281.0	281	484							7.0..284.0	278	286							0.590909091	278	0.972027972
WP_063110969.1	GasderMIN	GasderMIN	Methylorubrum populi	GCF_002355515_NZ_AP014809_GasderMIN_1	GCF_002355515.1_NZ_AP014809_02772	GCF_002355515.1_NZ_AP014809_02772	1	202	A0A160PE62	A0A2V2RJT9	A0A811ZZM7	Q9BYG8	0.00002422	1	0.094	280	247	0	1	274	7	286	0.0003118	77	reviewed	GSDMC_HUMAN	"Gasdermin-C (Melanoma-derived leucine zipper-containing extranuclear factor) [Cleaved into: Gasdermin-C, N-terminal (GSDMC-NT); Gasdermin-C, C-terminal (GSDMC-CT)]"	GSDMC MLZE	Homo sapiens (Human)			GSDMC	MLZE	UP000005640: Chromosome 8	defense response to bacterium [GO:0042742]; programmed cell death [GO:0012501]; pyroptotic inflammatory response [GO:0070269]	cytoplasm [GO:0005737]; cytosol [GO:0005829]; plasma membrane [GO:0005886]	"cytoplasm [GO:0005737]; cytosol [GO:0005829]; plasma membrane [GO:0005886]; phosphatidylinositol-4,5-bisphosphate binding [GO:0005546]; phosphatidylinositol-4-phosphate binding [GO:0070273]; phosphatidylserine binding [GO:0001786]; defense response to bacterium [GO:0042742]; programmed cell death [GO:0012501]; pyroptotic inflammatory response [GO:0070269]"	"phosphatidylinositol-4,5-bisphosphate binding [GO:0005546]; phosphatidylinositol-4-phosphate binding [GO:0070273]; phosphatidylserine binding [GO:0001786]"	GO:0001786; GO:0005546; GO:0005737; GO:0005829; GO:0005886; GO:0012501; GO:0042742; GO:0070269; GO:0070273				"IPR007677; Gasdermin.;""IPR040460; Gasdermin_pore."";""IPR041263; Gasdermin_PUB."";"	"PTHR16399; GASDERMIN; 1.;""PTHR16399:SF21; GASDERMIN-C; 1."";"	"PF04598; Gasdermin; 1.;""PF17708; Gasdermin_C; 1."";"			NP_113603.1; NM_031415.3.;	1.0..274.0	274	508							7.0..286.0	280	286							0.562992126	274	0.958041958
WP_142775046.1	GasderMIN	GasderMIN	Spirosoma sp. KCTC 42546	GCF_006965485_NZ_CP041360_GasderMIN_1	GCF_006965485.1_NZ_CP041360_05397	GCF_006965485.1_NZ_CP041360_05397	1	202	A0A515A5B6	A0A2V2RJT9	A0A811ZZM7	A0A024RA58	0.00002422	1	0.101	278	228	0	2	279	12	266	0.000007681	125																									2.0..279.0	278								12.0..266.0	255	269								255	0.94795539
WP_142775046.1	GasderMIN	GasderMIN	Spirosoma sp. KCTC 42546	GCF_006965485_NZ_CP041360_GasderMIN_1	GCF_006965485.1_NZ_CP041360_05397	GCF_006965485.1_NZ_CP041360_05397	1	202	A0A515A5B6	A0A2V2RJT9	A0A811ZZM7	A0A2R8Y5J4	0.00002422	1	0.124	265	225	0	5	269	12	269	0.00001257	117	unreviewed	A0A2R8Y5J4_HUMAN	Gasdermin C	GSDMC	Homo sapiens (Human)			GSDMC		UP000005640: Unplaced	programmed cell death [GO:0012501]	cytosol [GO:0005829]; plasma membrane [GO:0005886]	cytosol [GO:0005829]; plasma membrane [GO:0005886]; programmed cell death [GO:0012501]		GO:0005829; GO:0005886; GO:0012501				"IPR007677; Gasdermin.;""IPR040460; Gasdermin_pore."";""IPR041263; Gasdermin_PUB."";"	"PTHR16399; GASDERMIN; 1.;""PTHR16399:SF21; GASDERMIN-C; 1."";"	"PF04598; Gasdermin; 1.;""PF17708; Gasdermin_C; 1."";"				5.0..269.0	265	508							12.0..269.0	258	269							0.529527559	258	0.959107807
WP_142775046.1	GasderMIN	GasderMIN	Spirosoma sp. KCTC 42546	GCF_006965485_NZ_CP041360_GasderMIN_1	GCF_006965485.1_NZ_CP041360_05397	GCF_006965485.1_NZ_CP041360_05397	1	202	A0A515A5B6	A0A2V2RJT9	A0A811ZZM7	A4FTY0	0.00002422	1	0.097	250	217	0	2	251	12	252	0.00001245	128	unreviewed	A4FTY0_HUMAN	"Deafness, autosomal dominant 5"	DFNA5	Homo sapiens (Human)			DFNA5			programmed cell death [GO:0012501]	cytoplasm [GO:0005737]; plasma membrane [GO:0005886]	cytoplasm [GO:0005737]; plasma membrane [GO:0005886]; programmed cell death [GO:0012501]		GO:0005737; GO:0005886; GO:0012501				"IPR040460; Gasdermin_pore.;""IPR041263; Gasdermin_PUB."";""IPR042377; GSDME."";"	"PTHR15207:SF1; GASDERMIN-E; 1.;""PTHR15207; NONSYNDROMIC HEARING IMPAIRMENT PROTEIN; 1."";"	"PF04598; Gasdermin; 1.;""PF17708; Gasdermin_C; 1."";"				2.0..251.0	250	496	1..246	99.59	98.00	50.40	['Gasdermin pore forming']	['ECO:0000259|Pfam:PF04598']	12.0..252.0	241	269							0.54233871	241	0.895910781
WP_142775046.1	GasderMIN	GasderMIN	Spirosoma sp. KCTC 42546	GCF_006965485_NZ_CP041360_GasderMIN_1	GCF_006965485.1_NZ_CP041360_05397	GCF_006965485.1_NZ_CP041360_05397	1	202	A0A515A5B6	A0A2V2RJT9	A0A811ZZM7	A8K410	0.00002422	1	0.095	256	221	0	2	257	12	256	0.00008018	105	unreviewed	A8K410_HUMAN	"cDNA FLJ78210, highly similar to Homo sapiens nonsyndromic hearing impairment protein (DFNA5) mRNA"		Homo sapiens (Human)						programmed cell death [GO:0012501]	cytoplasm [GO:0005737]; plasma membrane [GO:0005886]	cytoplasm [GO:0005737]; plasma membrane [GO:0005886]; programmed cell death [GO:0012501]		GO:0005737; GO:0005886; GO:0012501				"IPR040460; Gasdermin_pore.;""IPR041263; Gasdermin_PUB."";""IPR042377; GSDME."";"	"PTHR15207:SF1; GASDERMIN-E; 1.;""PTHR15207; NONSYNDROMIC HEARING IMPAIRMENT PROTEIN; 1."";"	"PF04598; Gasdermin; 1.;""PF17708; Gasdermin_C; 1."";"				2.0..257.0	256	496	1..246	99.59	95.70	51.61	['Gasdermin pore forming']	['ECO:0000259|Pfam:PF04598']	12.0..256.0	245	269							0.54233871	245	0.910780669
WP_142775046.1	GasderMIN	GasderMIN	Spirosoma sp. KCTC 42546	GCF_006965485_NZ_CP041360_GasderMIN_1	GCF_006965485.1_NZ_CP041360_05397	GCF_006965485.1_NZ_CP041360_05397	1	202	A0A515A5B6	A0A2V2RJT9	A0A811ZZM7	G3V1A6	0.00002422	1	0.109	257	228	0	52	308	11	267	0.00001139	111	unreviewed	G3V1A6_HUMAN	Gasdermin D	GSDMD GSDMDC1 hCG_32063	Homo sapiens (Human)		hCG_32063	GSDMD	GSDMDC1	UP000005640: Chromosome 8	programmed cell death [GO:0012501]	cytoplasm [GO:0005737]; nucleoplasm [GO:0005654]; plasma membrane [GO:0005886]	cytoplasm [GO:0005737]; nucleoplasm [GO:0005654]; plasma membrane [GO:0005886]; programmed cell death [GO:0012501]		GO:0005654; GO:0005737; GO:0005886; GO:0012501				"IPR007677; Gasdermin.;""IPR040460; Gasdermin_pore."";""IPR041263; Gasdermin_PUB."";"	"PTHR16399; GASDERMIN; 1.;""PTHR16399:SF15; GASDERMIN-D; 1."";"	"PF04598; Gasdermin; 1.;""PF17708; Gasdermin_C; 1."";"				52.0..308.0	257	532	52..290	100.00	93.00	48.31	['Gasdermin pore forming']	['ECO:0000259|Pfam:PF04598']	11.0..267.0	257	269							0.505639098	257	0.955390335
WP_142775046.1	GasderMIN	GasderMIN	Spirosoma sp. KCTC 42546	GCF_006965485_NZ_CP041360_GasderMIN_1	GCF_006965485.1_NZ_CP041360_05397	GCF_006965485.1_NZ_CP041360_05397	1	202	A0A515A5B6	A0A2V2RJT9	A0A811ZZM7	O60443	0.00002422	1	0.095	276	232	0	5	280	11	267	0.000004851	132	reviewed	GSDME_HUMAN	"Gasdermin-E (Inversely correlated with estrogen receptor expression 1) (ICERE-1) (Non-syndromic hearing impairment protein 5) [Cleaved into: Gasdermin-E, N-terminal (GSDME-NT); Gasdermin-E, C-terminal (GSDME-CT)]"	GSDME DFNA5 ICERE1	Homo sapiens (Human)			GSDME	DFNA5 ICERE1	UP000005640: Chromosome 7	cellular response to tumor necrosis factor [GO:0071356]; cellular response to virus [GO:0098586]; inner ear auditory receptor cell differentiation [GO:0042491]; negative regulation of cell population proliferation [GO:0008285]; positive regulation of immune response to tumor cell [GO:0002839]; positive regulation of intrinsic apoptotic signaling pathway [GO:2001244]; positive regulation of MAPK cascade [GO:0043410]; programmed cell death [GO:0012501]; pyroptotic cell death [GO:0141201]; pyroptotic inflammatory response [GO:0070269]; sensory perception of sound [GO:0007605]	cytoplasm [GO:0005737]; cytosol [GO:0005829]; membrane [GO:0016020]; plasma membrane [GO:0005886]	"cytoplasm [GO:0005737]; cytosol [GO:0005829]; membrane [GO:0016020]; plasma membrane [GO:0005886]; cardiolipin binding [GO:1901612]; phosphatidylinositol-4,5-bisphosphate binding [GO:0005546]; wide pore channel activity [GO:0022829]; cellular response to tumor necrosis factor [GO:0071356]; cellular response to virus [GO:0098586]; inner ear auditory receptor cell differentiation [GO:0042491]; negative regulation of cell population proliferation [GO:0008285]; positive regulation of immune response to tumor cell [GO:0002839]; positive regulation of intrinsic apoptotic signaling pathway [GO:2001244]; positive regulation of MAPK cascade [GO:0043410]; programmed cell death [GO:0012501]; pyroptotic cell death [GO:0141201]; pyroptotic inflammatory response [GO:0070269]; sensory perception of sound [GO:0007605]"	"cardiolipin binding [GO:1901612]; phosphatidylinositol-4,5-bisphosphate binding [GO:0005546]; wide pore channel activity [GO:0022829]"	GO:0002839; GO:0005546; GO:0005737; GO:0005829; GO:0005886; GO:0007605; GO:0008285; GO:0012501; GO:0016020; GO:0022829; GO:0042491; GO:0043410; GO:0070269; GO:0071356; GO:0098586; GO:0141201; GO:1901612; GO:2001244				"IPR040460; Gasdermin_pore.;""IPR041263; Gasdermin_PUB."";""IPR042377; GSDME."";"	"PTHR15207:SF1; GASDERMIN-E; 1.;""PTHR15207; NONSYNDROMIC HEARING IMPAIRMENT PROTEIN; 1."";"	"PF04598; Gasdermin; 1.;""PF17708; Gasdermin_C; 1."";"			"NP_001120925.1; NM_001127453.2. [O60443-1];""NP_001120926.1; NM_001127454.2. [O60443-3]"";""NP_004394.1; NM_004403.3. [O60443-1]"";""XP_016867291.1; XM_017011802.2. [O60443-3]"";""XP_024302438.1; XM_024446670.2. [O60443-1]"";""XP_054213373.1; XM_054357398.1. [O60443-1]"";""XP_054213374.1; XM_054357399.1. [O60443-3]"";"	5.0..280.0	276	496							11.0..267.0	257	269							0.54233871	257	0.955390335
WP_142775046.1	GasderMIN	GasderMIN	Spirosoma sp. KCTC 42546	GCF_006965485_NZ_CP041360_GasderMIN_1	GCF_006965485.1_NZ_CP041360_05397	GCF_006965485.1_NZ_CP041360_05397	1	202	A0A515A5B6	A0A2V2RJT9	A0A811ZZM7	P57764	0.00002422	1	0.129	257	223	0	1	257	8	264	0.000004441	115	reviewed	GSDMD_HUMAN	"Gasdermin-D (Gasdermin domain-containing protein 1) [Cleaved into: Gasdermin-D, N-terminal (GSDMD-NT) (hGSDMD-NTD); Gasdermin-D, C-terminal (GSDMD-CT) (hGSDMD-CTD); Gasdermin-D, p13 (Gasdermin-D, 13 kDa) (13 kDa GSDMD); Gasdermin-D, p40]"	GSDMD DFNA5L GSDMDC1 FKSG10	Homo sapiens (Human)		FKSG10	GSDMD	DFNA5L GSDMDC1	UP000005640: Chromosome 8	defense response to bacterium [GO:0042742]; defense response to Gram-negative bacterium [GO:0050829]; defense response to Gram-positive bacterium [GO:0050830]; innate immune response [GO:0045087]; pore complex assembly [GO:0046931]; positive regulation of inflammatory response [GO:0050729]; positive regulation of interleukin-1 beta production [GO:0032731]; protein homooligomerization [GO:0051260]; protein secretion [GO:0009306]; pyroptotic cell death [GO:0141201]; pyroptotic inflammatory response [GO:0070269]	cytosol [GO:0005829]; extracellular region [GO:0005576]; extracellular space [GO:0005615]; ficolin-1-rich granule lumen [GO:1904813]; membrane [GO:0016020]; mitochondrial membrane [GO:0031966]; NLRP3 inflammasome complex [GO:0072559]; nucleoplasm [GO:0005654]; plasma membrane [GO:0005886]; specific granule lumen [GO:0035580]; tertiary granule lumen [GO:1904724]	"cytosol [GO:0005829]; extracellular region [GO:0005576]; extracellular space [GO:0005615]; ficolin-1-rich granule lumen [GO:1904813]; membrane [GO:0016020]; mitochondrial membrane [GO:0031966]; NLRP3 inflammasome complex [GO:0072559]; nucleoplasm [GO:0005654]; plasma membrane [GO:0005886]; specific granule lumen [GO:0035580]; tertiary granule lumen [GO:1904724]; cardiolipin binding [GO:1901612]; phosphatidic acid binding [GO:0070300]; phosphatidylinositol-4,5-bisphosphate binding [GO:0005546]; phosphatidylinositol-4-phosphate binding [GO:0070273]; phosphatidylserine binding [GO:0001786]; wide pore channel activity [GO:0022829]; defense response to bacterium [GO:0042742]; defense response to Gram-negative bacterium [GO:0050829]; defense response to Gram-positive bacterium [GO:0050830]; innate immune response [GO:0045087]; pore complex assembly [GO:0046931]; positive regulation of inflammatory response [GO:0050729]; positive regulation of interleukin-1 beta production [GO:0032731]; protein homooligomerization [GO:0051260]; protein secretion [GO:0009306]; pyroptotic cell death [GO:0141201]; pyroptotic inflammatory response [GO:0070269]"	"cardiolipin binding [GO:1901612]; phosphatidic acid binding [GO:0070300]; phosphatidylinositol-4,5-bisphosphate binding [GO:0005546]; phosphatidylinositol-4-phosphate binding [GO:0070273]; phosphatidylserine binding [GO:0001786]; wide pore channel activity [GO:0022829]"	GO:0001786; GO:0005546; GO:0005576; GO:0005615; GO:0005654; GO:0005829; GO:0005886; GO:0009306; GO:0016020; GO:0022829; GO:0031966; GO:0032731; GO:0035580; GO:0042742; GO:0045087; GO:0046931; GO:0050729; GO:0050829; GO:0050830; GO:0051260; GO:0070269; GO:0070273; GO:0070300; GO:0072559; GO:0141201; GO:1901612; GO:1904724; GO:1904813				"IPR007677; Gasdermin.;""IPR040460; Gasdermin_pore."";""IPR041263; Gasdermin_PUB."";"	"PTHR16399; GASDERMIN; 1.;""PTHR16399:SF15; GASDERMIN-D; 1."";"	"PF04598; Gasdermin; 1.;""PF17708; Gasdermin_C; 1."";"			"NP_001159709.1; NM_001166237.1.;""NP_079012.3; NM_024736.6."";"	1.0..257.0	257	484							8.0..264.0	257	269							0.555785124	257	0.955390335
WP_142775046.1	GasderMIN	GasderMIN	Spirosoma sp. KCTC 42546	GCF_006965485_NZ_CP041360_GasderMIN_1	GCF_006965485.1_NZ_CP041360_05397	GCF_006965485.1_NZ_CP041360_05397	1	202	A0A515A5B6	A0A2V2RJT9	A0A811ZZM7	Q9BYG8	0.00002422	1	0.116	265	227	0	5	269	12	269	0.000004124	117	reviewed	GSDMC_HUMAN	"Gasdermin-C (Melanoma-derived leucine zipper-containing extranuclear factor) [Cleaved into: Gasdermin-C, N-terminal (GSDMC-NT); Gasdermin-C, C-terminal (GSDMC-CT)]"	GSDMC MLZE	Homo sapiens (Human)			GSDMC	MLZE	UP000005640: Chromosome 8	defense response to bacterium [GO:0042742]; programmed cell death [GO:0012501]; pyroptotic inflammatory response [GO:0070269]	cytoplasm [GO:0005737]; cytosol [GO:0005829]; plasma membrane [GO:0005886]	"cytoplasm [GO:0005737]; cytosol [GO:0005829]; plasma membrane [GO:0005886]; phosphatidylinositol-4,5-bisphosphate binding [GO:0005546]; phosphatidylinositol-4-phosphate binding [GO:0070273]; phosphatidylserine binding [GO:0001786]; defense response to bacterium [GO:0042742]; programmed cell death [GO:0012501]; pyroptotic inflammatory response [GO:0070269]"	"phosphatidylinositol-4,5-bisphosphate binding [GO:0005546]; phosphatidylinositol-4-phosphate binding [GO:0070273]; phosphatidylserine binding [GO:0001786]"	GO:0001786; GO:0005546; GO:0005737; GO:0005829; GO:0005886; GO:0012501; GO:0042742; GO:0070269; GO:0070273				"IPR007677; Gasdermin.;""IPR040460; Gasdermin_pore."";""IPR041263; Gasdermin_PUB."";"	"PTHR16399; GASDERMIN; 1.;""PTHR16399:SF21; GASDERMIN-C; 1."";"	"PF04598; Gasdermin; 1.;""PF17708; Gasdermin_C; 1."";"			NP_113603.1; NM_031415.3.;	5.0..269.0	265	508							12.0..269.0	258	269							0.529527559	258	0.959107807
WP_182458775.1	GasderMIN	GasderMIN	Spirosoma foliorum	GCF_014117325_NZ_CP059732_GasderMIN_3	GCF_014117325.1_NZ_CP059732_05320	GCF_014117325.1_NZ_CP059732_05320	1	202	A0A7G5GRK1	A0A2V2RJT9	A0A811ZZM7	A0A024RA58	0.00002422	1	0.1	249	221	0	8	256	10	256	0.000002987	128																									8.0..256.0	249								10.0..256.0	247	267								247	0.925093633
WP_182458775.1	GasderMIN	GasderMIN	Spirosoma foliorum	GCF_014117325_NZ_CP059732_GasderMIN_3	GCF_014117325.1_NZ_CP059732_05320	GCF_014117325.1_NZ_CP059732_05320	1	202	A0A7G5GRK1	A0A2V2RJT9	A0A811ZZM7	A0A2R8Y5J4	0.00002422	1	0.148	271	222	0	3	273	1	261	0.000003009	136	unreviewed	A0A2R8Y5J4_HUMAN	Gasdermin C	GSDMC	Homo sapiens (Human)			GSDMC		UP000005640: Unplaced	programmed cell death [GO:0012501]	cytosol [GO:0005829]; plasma membrane [GO:0005886]	cytosol [GO:0005829]; plasma membrane [GO:0005886]; programmed cell death [GO:0012501]		GO:0005829; GO:0005886; GO:0012501				"IPR007677; Gasdermin.;""IPR040460; Gasdermin_pore."";""IPR041263; Gasdermin_PUB."";"	"PTHR16399; GASDERMIN; 1.;""PTHR16399:SF21; GASDERMIN-C; 1."";"	"PF04598; Gasdermin; 1.;""PF17708; Gasdermin_C; 1."";"				3.0..273.0	271	508							1.0..261.0	261	267							0.525590551	261	0.97752809
WP_182458775.1	GasderMIN	GasderMIN	Spirosoma foliorum	GCF_014117325_NZ_CP059732_GasderMIN_3	GCF_014117325.1_NZ_CP059732_05320	GCF_014117325.1_NZ_CP059732_05320	1	202	A0A7G5GRK1	A0A2V2RJT9	A0A811ZZM7	A4FTY0	0.00002422	1	0.096	255	229	0	3	256	2	256	0.000004381	128	unreviewed	A4FTY0_HUMAN	"Deafness, autosomal dominant 5"	DFNA5	Homo sapiens (Human)			DFNA5			programmed cell death [GO:0012501]	cytoplasm [GO:0005737]; plasma membrane [GO:0005886]	cytoplasm [GO:0005737]; plasma membrane [GO:0005886]; programmed cell death [GO:0012501]		GO:0005737; GO:0005886; GO:0012501				"IPR040460; Gasdermin_pore.;""IPR041263; Gasdermin_PUB."";""IPR042377; GSDME."";"	"PTHR15207:SF1; GASDERMIN-E; 1.;""PTHR15207; NONSYNDROMIC HEARING IMPAIRMENT PROTEIN; 1."";"	"PF04598; Gasdermin; 1.;""PF17708; Gasdermin_C; 1."";"				3.0..256.0	254	496	1..246	99.19	96.06	51.21	['Gasdermin pore forming']	['ECO:0000259|Pfam:PF04598']	2.0..256.0	255	267							0.538306452	254	0.951310861
WP_182458775.1	GasderMIN	GasderMIN	Spirosoma foliorum	GCF_014117325_NZ_CP059732_GasderMIN_3	GCF_014117325.1_NZ_CP059732_05320	GCF_014117325.1_NZ_CP059732_05320	1	202	A0A7G5GRK1	A0A2V2RJT9	A0A811ZZM7	A8K410	0.00002422	1	0.096	249	222	0	8	256	10	256	0.000006507	121	unreviewed	A8K410_HUMAN	"cDNA FLJ78210, highly similar to Homo sapiens nonsyndromic hearing impairment protein (DFNA5) mRNA"		Homo sapiens (Human)						programmed cell death [GO:0012501]	cytoplasm [GO:0005737]; plasma membrane [GO:0005886]	cytoplasm [GO:0005737]; plasma membrane [GO:0005886]; programmed cell death [GO:0012501]		GO:0005737; GO:0005886; GO:0012501				"IPR040460; Gasdermin_pore.;""IPR041263; Gasdermin_PUB."";""IPR042377; GSDME."";"	"PTHR15207:SF1; GASDERMIN-E; 1.;""PTHR15207; NONSYNDROMIC HEARING IMPAIRMENT PROTEIN; 1."";"	"PF04598; Gasdermin; 1.;""PF17708; Gasdermin_C; 1."";"				8.0..256.0	249	496	1..246	97.15	95.98	50.20	['Gasdermin pore forming']	['ECO:0000259|Pfam:PF04598']	10.0..256.0	247	267							0.538306452	247	0.925093633
WP_182458775.1	GasderMIN	GasderMIN	Spirosoma foliorum	GCF_014117325_NZ_CP059732_GasderMIN_3	GCF_014117325.1_NZ_CP059732_05320	GCF_014117325.1_NZ_CP059732_05320	1	202	A0A7G5GRK1	A0A2V2RJT9	A0A811ZZM7	G3V1A6	0.00002422	1	0.082	258	234	0	52	307	4	261	0.000001615	137	unreviewed	G3V1A6_HUMAN	Gasdermin D	GSDMD GSDMDC1 hCG_32063	Homo sapiens (Human)		hCG_32063	GSDMD	GSDMDC1	UP000005640: Chromosome 8	programmed cell death [GO:0012501]	cytoplasm [GO:0005737]; nucleoplasm [GO:0005654]; plasma membrane [GO:0005886]	cytoplasm [GO:0005737]; nucleoplasm [GO:0005654]; plasma membrane [GO:0005886]; programmed cell death [GO:0012501]		GO:0005654; GO:0005737; GO:0005886; GO:0012501				"IPR007677; Gasdermin.;""IPR040460; Gasdermin_pore."";""IPR041263; Gasdermin_PUB."";"	"PTHR16399; GASDERMIN; 1.;""PTHR16399:SF15; GASDERMIN-D; 1."";"	"PF04598; Gasdermin; 1.;""PF17708; Gasdermin_C; 1."";"				52.0..307.0	256	532	52..290	100.00	93.36	48.12	['Gasdermin pore forming']	['ECO:0000259|Pfam:PF04598']	4.0..261.0	258	267							0.501879699	256	0.958801498
WP_182458775.1	GasderMIN	GasderMIN	Spirosoma foliorum	GCF_014117325_NZ_CP059732_GasderMIN_3	GCF_014117325.1_NZ_CP059732_05320	GCF_014117325.1_NZ_CP059732_05320	1	202	A0A7G5GRK1	A0A2V2RJT9	A0A811ZZM7	O60443	0.00002422	1	0.096	249	222	0	8	256	10	256	0.000003971	129	reviewed	GSDME_HUMAN	"Gasdermin-E (Inversely correlated with estrogen receptor expression 1) (ICERE-1) (Non-syndromic hearing impairment protein 5) [Cleaved into: Gasdermin-E, N-terminal (GSDME-NT); Gasdermin-E, C-terminal (GSDME-CT)]"	GSDME DFNA5 ICERE1	Homo sapiens (Human)			GSDME	DFNA5 ICERE1	UP000005640: Chromosome 7	cellular response to tumor necrosis factor [GO:0071356]; cellular response to virus [GO:0098586]; inner ear auditory receptor cell differentiation [GO:0042491]; negative regulation of cell population proliferation [GO:0008285]; positive regulation of immune response to tumor cell [GO:0002839]; positive regulation of intrinsic apoptotic signaling pathway [GO:2001244]; positive regulation of MAPK cascade [GO:0043410]; programmed cell death [GO:0012501]; pyroptotic cell death [GO:0141201]; pyroptotic inflammatory response [GO:0070269]; sensory perception of sound [GO:0007605]	cytoplasm [GO:0005737]; cytosol [GO:0005829]; membrane [GO:0016020]; plasma membrane [GO:0005886]	"cytoplasm [GO:0005737]; cytosol [GO:0005829]; membrane [GO:0016020]; plasma membrane [GO:0005886]; cardiolipin binding [GO:1901612]; phosphatidylinositol-4,5-bisphosphate binding [GO:0005546]; wide pore channel activity [GO:0022829]; cellular response to tumor necrosis factor [GO:0071356]; cellular response to virus [GO:0098586]; inner ear auditory receptor cell differentiation [GO:0042491]; negative regulation of cell population proliferation [GO:0008285]; positive regulation of immune response to tumor cell [GO:0002839]; positive regulation of intrinsic apoptotic signaling pathway [GO:2001244]; positive regulation of MAPK cascade [GO:0043410]; programmed cell death [GO:0012501]; pyroptotic cell death [GO:0141201]; pyroptotic inflammatory response [GO:0070269]; sensory perception of sound [GO:0007605]"	"cardiolipin binding [GO:1901612]; phosphatidylinositol-4,5-bisphosphate binding [GO:0005546]; wide pore channel activity [GO:0022829]"	GO:0002839; GO:0005546; GO:0005737; GO:0005829; GO:0005886; GO:0007605; GO:0008285; GO:0012501; GO:0016020; GO:0022829; GO:0042491; GO:0043410; GO:0070269; GO:0071356; GO:0098586; GO:0141201; GO:1901612; GO:2001244				"IPR040460; Gasdermin_pore.;""IPR041263; Gasdermin_PUB."";""IPR042377; GSDME."";"	"PTHR15207:SF1; GASDERMIN-E; 1.;""PTHR15207; NONSYNDROMIC HEARING IMPAIRMENT PROTEIN; 1."";"	"PF04598; Gasdermin; 1.;""PF17708; Gasdermin_C; 1."";"			"NP_001120925.1; NM_001127453.2. [O60443-1];""NP_001120926.1; NM_001127454.2. [O60443-3]"";""NP_004394.1; NM_004403.3. [O60443-1]"";""XP_016867291.1; XM_017011802.2. [O60443-3]"";""XP_024302438.1; XM_024446670.2. [O60443-1]"";""XP_054213373.1; XM_054357398.1. [O60443-1]"";""XP_054213374.1; XM_054357399.1. [O60443-3]"";"	8.0..256.0	249	496							10.0..256.0	247	267							0.538306452	247	0.925093633
WP_182458775.1	GasderMIN	GasderMIN	Spirosoma foliorum	GCF_014117325_NZ_CP059732_GasderMIN_3	GCF_014117325.1_NZ_CP059732_05320	GCF_014117325.1_NZ_CP059732_05320	1	202	A0A7G5GRK1	A0A2V2RJT9	A0A811ZZM7	P57764	0.00002422	1	0.092	261	234	0	1	259	1	261	0.000003484	129	reviewed	GSDMD_HUMAN	"Gasdermin-D (Gasdermin domain-containing protein 1) [Cleaved into: Gasdermin-D, N-terminal (GSDMD-NT) (hGSDMD-NTD); Gasdermin-D, C-terminal (GSDMD-CT) (hGSDMD-CTD); Gasdermin-D, p13 (Gasdermin-D, 13 kDa) (13 kDa GSDMD); Gasdermin-D, p40]"	GSDMD DFNA5L GSDMDC1 FKSG10	Homo sapiens (Human)		FKSG10	GSDMD	DFNA5L GSDMDC1	UP000005640: Chromosome 8	defense response to bacterium [GO:0042742]; defense response to Gram-negative bacterium [GO:0050829]; defense response to Gram-positive bacterium [GO:0050830]; innate immune response [GO:0045087]; pore complex assembly [GO:0046931]; positive regulation of inflammatory response [GO:0050729]; positive regulation of interleukin-1 beta production [GO:0032731]; protein homooligomerization [GO:0051260]; protein secretion [GO:0009306]; pyroptotic cell death [GO:0141201]; pyroptotic inflammatory response [GO:0070269]	cytosol [GO:0005829]; extracellular region [GO:0005576]; extracellular space [GO:0005615]; ficolin-1-rich granule lumen [GO:1904813]; membrane [GO:0016020]; mitochondrial membrane [GO:0031966]; NLRP3 inflammasome complex [GO:0072559]; nucleoplasm [GO:0005654]; plasma membrane [GO:0005886]; specific granule lumen [GO:0035580]; tertiary granule lumen [GO:1904724]	"cytosol [GO:0005829]; extracellular region [GO:0005576]; extracellular space [GO:0005615]; ficolin-1-rich granule lumen [GO:1904813]; membrane [GO:0016020]; mitochondrial membrane [GO:0031966]; NLRP3 inflammasome complex [GO:0072559]; nucleoplasm [GO:0005654]; plasma membrane [GO:0005886]; specific granule lumen [GO:0035580]; tertiary granule lumen [GO:1904724]; cardiolipin binding [GO:1901612]; phosphatidic acid binding [GO:0070300]; phosphatidylinositol-4,5-bisphosphate binding [GO:0005546]; phosphatidylinositol-4-phosphate binding [GO:0070273]; phosphatidylserine binding [GO:0001786]; wide pore channel activity [GO:0022829]; defense response to bacterium [GO:0042742]; defense response to Gram-negative bacterium [GO:0050829]; defense response to Gram-positive bacterium [GO:0050830]; innate immune response [GO:0045087]; pore complex assembly [GO:0046931]; positive regulation of inflammatory response [GO:0050729]; positive regulation of interleukin-1 beta production [GO:0032731]; protein homooligomerization [GO:0051260]; protein secretion [GO:0009306]; pyroptotic cell death [GO:0141201]; pyroptotic inflammatory response [GO:0070269]"	"cardiolipin binding [GO:1901612]; phosphatidic acid binding [GO:0070300]; phosphatidylinositol-4,5-bisphosphate binding [GO:0005546]; phosphatidylinositol-4-phosphate binding [GO:0070273]; phosphatidylserine binding [GO:0001786]; wide pore channel activity [GO:0022829]"	GO:0001786; GO:0005546; GO:0005576; GO:0005615; GO:0005654; GO:0005829; GO:0005886; GO:0009306; GO:0016020; GO:0022829; GO:0031966; GO:0032731; GO:0035580; GO:0042742; GO:0045087; GO:0046931; GO:0050729; GO:0050829; GO:0050830; GO:0051260; GO:0070269; GO:0070273; GO:0070300; GO:0072559; GO:0141201; GO:1901612; GO:1904724; GO:1904813				"IPR007677; Gasdermin.;""IPR040460; Gasdermin_pore."";""IPR041263; Gasdermin_PUB."";"	"PTHR16399; GASDERMIN; 1.;""PTHR16399:SF15; GASDERMIN-D; 1."";"	"PF04598; Gasdermin; 1.;""PF17708; Gasdermin_C; 1."";"			"NP_001159709.1; NM_001166237.1.;""NP_079012.3; NM_024736.6."";"	1.0..259.0	259	484							1.0..261.0	261	267							0.551652893	259	0.970037453
WP_182458775.1	GasderMIN	GasderMIN	Spirosoma foliorum	GCF_014117325_NZ_CP059732_GasderMIN_3	GCF_014117325.1_NZ_CP059732_05320	GCF_014117325.1_NZ_CP059732_05320	1	202	A0A7G5GRK1	A0A2V2RJT9	A0A811ZZM7	Q9BYG8	0.00002422	1	0.143	263	223	0	3	265	1	261	0.000001864	139	reviewed	GSDMC_HUMAN	"Gasdermin-C (Melanoma-derived leucine zipper-containing extranuclear factor) [Cleaved into: Gasdermin-C, N-terminal (GSDMC-NT); Gasdermin-C, C-terminal (GSDMC-CT)]"	GSDMC MLZE	Homo sapiens (Human)			GSDMC	MLZE	UP000005640: Chromosome 8	defense response to bacterium [GO:0042742]; programmed cell death [GO:0012501]; pyroptotic inflammatory response [GO:0070269]	cytoplasm [GO:0005737]; cytosol [GO:0005829]; plasma membrane [GO:0005886]	"cytoplasm [GO:0005737]; cytosol [GO:0005829]; plasma membrane [GO:0005886]; phosphatidylinositol-4,5-bisphosphate binding [GO:0005546]; phosphatidylinositol-4-phosphate binding [GO:0070273]; phosphatidylserine binding [GO:0001786]; defense response to bacterium [GO:0042742]; programmed cell death [GO:0012501]; pyroptotic inflammatory response [GO:0070269]"	"phosphatidylinositol-4,5-bisphosphate binding [GO:0005546]; phosphatidylinositol-4-phosphate binding [GO:0070273]; phosphatidylserine binding [GO:0001786]"	GO:0001786; GO:0005546; GO:0005737; GO:0005829; GO:0005886; GO:0012501; GO:0042742; GO:0070269; GO:0070273				"IPR007677; Gasdermin.;""IPR040460; Gasdermin_pore."";""IPR041263; Gasdermin_PUB."";"	"PTHR16399; GASDERMIN; 1.;""PTHR16399:SF21; GASDERMIN-C; 1."";"	"PF04598; Gasdermin; 1.;""PF17708; Gasdermin_C; 1."";"			NP_113603.1; NM_031415.3.;	3.0..265.0	263	508							1.0..261.0	261	267							0.525590551	261	0.97752809
WP_063110969.1	GasderMIN	GasderMIN	Methylorubrum populi	GCF_002355515_NZ_AP014809_GasderMIN_1	GCF_002355515.1_NZ_AP014809_02772	GCF_002355515.1_NZ_AP014809_02772	1	202	A0A160PE62	A0A2V2RJT9	A0A6I4AZW5	E6Y8C6	0.0002216	1	0.099	146	99	0	92	237	69	179	0.3544	10	unreviewed	E6Y8C6_HUMAN	Perforin-1 (Cytolysin) (Lymphocyte pore-forming protein)	PRF1	Homo sapiens (Human)			PRF1			killing of cells of another organism [GO:0031640]; leukocyte mediated cytotoxicity [GO:0001909]	extracellular region [GO:0005576]; membrane [GO:0016020]	extracellular region [GO:0005576]; membrane [GO:0016020]; calcium ion binding [GO:0005509]; pore-forming activity [GO:0140911]; killing of cells of another organism [GO:0031640]; leukocyte mediated cytotoxicity [GO:0001909]	calcium ion binding [GO:0005509]; pore-forming activity [GO:0140911]	GO:0001909; GO:0005509; GO:0005576; GO:0016020; GO:0031640; GO:0140911	cd04032; C2_Perforin; 1.;	2.60.40.150:FF:000216; Perforin-1 precursor; 1.;	2.60.40.150; C2 domain; 1.;	"IPR000008; C2_dom.;""IPR035892; C2_domain_sf."";""IPR020864; MACPF."";""IPR020863; MACPF_CS."";""IPR037300; Perforin-1_C2."";""IPR052784; Perforin-1_pore-forming."";"	"PTHR46096; PERFORIN-1; 1.;""PTHR46096:SF3; PERFORIN-1; 1."";"	"PF00168; C2; 1.;""PF01823; MACPF; 1."";"	"PS50004; C2; 1.;""PS00279; MACPF_1; 1."";""PS51412; MACPF_2; 1."";"	"SM00239; C2; 1.;""SM00457; MACPF; 1."";"		92.0..237.0	146	555	27..375	41.83	100.00	26.31	['MACPF']	['ECO:0000259|PROSITE:PS51412']	69.0..179.0	111	286							0.515315315	111	0.388111888
WP_063110969.1	GasderMIN	GasderMIN	Methylorubrum populi	GCF_002355515_NZ_AP014809_GasderMIN_1	GCF_002355515.1_NZ_AP014809_02772	GCF_002355515.1_NZ_AP014809_02772	1	202	A0A160PE62	A0A2V2RJT9	A0A6I4AZW5	P14222	0.0002216	1	0.088	146	100	0	92	237	69	179	0.2995	11	reviewed	PERF_HUMAN	Perforin-1 (P1) (Cytolysin) (Lymphocyte pore-forming protein) (PFP)	PRF1 PFP	Homo sapiens (Human)			PRF1	PFP	UP000005640: Chromosome 10	apoptotic process [GO:0006915]; cellular defense response [GO:0006968]; defense response to tumor cell [GO:0002357]; defense response to virus [GO:0051607]; granzyme-mediated programmed cell death signaling pathway [GO:0140507]; immune response to tumor cell [GO:0002418]; immunological synapse formation [GO:0001771]; killing of cells of another organism [GO:0031640]; positive regulation of killing of cells of another organism [GO:0051712]; protein homooligomerization [GO:0051260]; protein import [GO:0017038]; protein secretion [GO:0009306]; protein transmembrane transport [GO:0071806]; T cell mediated cytotoxicity [GO:0001913]	cytolytic granule [GO:0044194]; cytolytic granule lumen [GO:1904856]; cytosol [GO:0005829]; endosome lumen [GO:0031904]; extracellular region [GO:0005576]; immunological synapse [GO:0001772]; membrane [GO:0016020]; plasma membrane [GO:0005886]	cytolytic granule [GO:0044194]; cytolytic granule lumen [GO:1904856]; cytosol [GO:0005829]; endosome lumen [GO:0031904]; extracellular region [GO:0005576]; immunological synapse [GO:0001772]; membrane [GO:0016020]; plasma membrane [GO:0005886]; calcium ion binding [GO:0005509]; identical protein binding [GO:0042802]; pore-forming activity [GO:0140911]; wide pore channel activity [GO:0022829]; apoptotic process [GO:0006915]; cellular defense response [GO:0006968]; defense response to tumor cell [GO:0002357]; defense response to virus [GO:0051607]; granzyme-mediated programmed cell death signaling pathway [GO:0140507]; immune response to tumor cell [GO:0002418]; immunological synapse formation [GO:0001771]; killing of cells of another organism [GO:0031640]; positive regulation of killing of cells of another organism [GO:0051712]; protein homooligomerization [GO:0051260]; protein import [GO:0017038]; protein secretion [GO:0009306]; protein transmembrane transport [GO:0071806]; T cell mediated cytotoxicity [GO:0001913]	calcium ion binding [GO:0005509]; identical protein binding [GO:0042802]; pore-forming activity [GO:0140911]; wide pore channel activity [GO:0022829]	GO:0001771; GO:0001772; GO:0001913; GO:0002357; GO:0002418; GO:0005509; GO:0005576; GO:0005829; GO:0005886; GO:0006915; GO:0006968; GO:0009306; GO:0016020; GO:0017038; GO:0022829; GO:0031640; GO:0031904; GO:0042802; GO:0044194; GO:0051260; GO:0051607; GO:0051712; GO:0071806; GO:0140507; GO:0140911; GO:1904856	cd04032; C2_Perforin; 1.;	2.60.40.150:FF:000216; Perforin-1 precursor; 1.;	2.60.40.150; C2 domain; 1.;	"IPR000008; C2_dom.;""IPR035892; C2_domain_sf."";""IPR020864; MACPF."";""IPR020863; MACPF_CS."";""IPR037300; Perforin-1_C2."";""IPR052784; Perforin-1_pore-forming."";"	"PTHR46096; PERFORIN-1; 1.;""PTHR46096:SF3; PERFORIN-1; 1."";"	"PF00168; C2; 1.;""PF01823; MACPF; 1."";"	"PS50004; C2; 1.;""PS00279; MACPF_1; 1."";""PS51412; MACPF_2; 1."";"	"SM00239; C2; 1.;""SM00457; MACPF; 1."";"	"NP_001076585.1; NM_001083116.3.;""NP_005032.2; NM_005041.4."";"	92.0..237.0	146	555	27..375	41.83	100.00	26.31	['MACPF']	['ECO:0000255|PROSITE-ProRule:PRU00745']	69.0..179.0	111	286							0.515315315	111	0.388111888
WP_142775046.1	GasderMIN	GasderMIN	Spirosoma sp. KCTC 42546	GCF_006965485_NZ_CP041360_GasderMIN_1	GCF_006965485.1_NZ_CP041360_05397	GCF_006965485.1_NZ_CP041360_05397	1	202	A0A515A5B6	A0A2V2RJT9	A0A6I4AZW5	E6Y8C6	0.0002216	1	0.072	214	148	0	35	248	25	184	0.3475	9	unreviewed	E6Y8C6_HUMAN	Perforin-1 (Cytolysin) (Lymphocyte pore-forming protein)	PRF1	Homo sapiens (Human)			PRF1			killing of cells of another organism [GO:0031640]; leukocyte mediated cytotoxicity [GO:0001909]	extracellular region [GO:0005576]; membrane [GO:0016020]	extracellular region [GO:0005576]; membrane [GO:0016020]; calcium ion binding [GO:0005509]; pore-forming activity [GO:0140911]; killing of cells of another organism [GO:0031640]; leukocyte mediated cytotoxicity [GO:0001909]	calcium ion binding [GO:0005509]; pore-forming activity [GO:0140911]	GO:0001909; GO:0005509; GO:0005576; GO:0016020; GO:0031640; GO:0140911	cd04032; C2_Perforin; 1.;	2.60.40.150:FF:000216; Perforin-1 precursor; 1.;	2.60.40.150; C2 domain; 1.;	"IPR000008; C2_dom.;""IPR035892; C2_domain_sf."";""IPR020864; MACPF."";""IPR020863; MACPF_CS."";""IPR037300; Perforin-1_C2."";""IPR052784; Perforin-1_pore-forming."";"	"PTHR46096; PERFORIN-1; 1.;""PTHR46096:SF3; PERFORIN-1; 1."";"	"PF00168; C2; 1.;""PF01823; MACPF; 1."";"	"PS50004; C2; 1.;""PS00279; MACPF_1; 1."";""PS51412; MACPF_2; 1."";"	"SM00239; C2; 1.;""SM00457; MACPF; 1."";"		35.0..248.0	214	555	27..375	61.32	100.00	38.56	['MACPF']	['ECO:0000259|PROSITE:PS51412']	25.0..184.0	160	269							0.484684685	160	0.594795539
WP_142775046.1	GasderMIN	GasderMIN	Spirosoma sp. KCTC 42546	GCF_006965485_NZ_CP041360_GasderMIN_1	GCF_006965485.1_NZ_CP041360_05397	GCF_006965485.1_NZ_CP041360_05397	1	202	A0A515A5B6	A0A2V2RJT9	A0A6I4AZW5	P14222	0.0002216	1	0.084	214	146	0	35	248	25	184	0.2937	9	reviewed	PERF_HUMAN	Perforin-1 (P1) (Cytolysin) (Lymphocyte pore-forming protein) (PFP)	PRF1 PFP	Homo sapiens (Human)			PRF1	PFP	UP000005640: Chromosome 10	apoptotic process [GO:0006915]; cellular defense response [GO:0006968]; defense response to tumor cell [GO:0002357]; defense response to virus [GO:0051607]; granzyme-mediated programmed cell death signaling pathway [GO:0140507]; immune response to tumor cell [GO:0002418]; immunological synapse formation [GO:0001771]; killing of cells of another organism [GO:0031640]; positive regulation of killing of cells of another organism [GO:0051712]; protein homooligomerization [GO:0051260]; protein import [GO:0017038]; protein secretion [GO:0009306]; protein transmembrane transport [GO:0071806]; T cell mediated cytotoxicity [GO:0001913]	cytolytic granule [GO:0044194]; cytolytic granule lumen [GO:1904856]; cytosol [GO:0005829]; endosome lumen [GO:0031904]; extracellular region [GO:0005576]; immunological synapse [GO:0001772]; membrane [GO:0016020]; plasma membrane [GO:0005886]	cytolytic granule [GO:0044194]; cytolytic granule lumen [GO:1904856]; cytosol [GO:0005829]; endosome lumen [GO:0031904]; extracellular region [GO:0005576]; immunological synapse [GO:0001772]; membrane [GO:0016020]; plasma membrane [GO:0005886]; calcium ion binding [GO:0005509]; identical protein binding [GO:0042802]; pore-forming activity [GO:0140911]; wide pore channel activity [GO:0022829]; apoptotic process [GO:0006915]; cellular defense response [GO:0006968]; defense response to tumor cell [GO:0002357]; defense response to virus [GO:0051607]; granzyme-mediated programmed cell death signaling pathway [GO:0140507]; immune response to tumor cell [GO:0002418]; immunological synapse formation [GO:0001771]; killing of cells of another organism [GO:0031640]; positive regulation of killing of cells of another organism [GO:0051712]; protein homooligomerization [GO:0051260]; protein import [GO:0017038]; protein secretion [GO:0009306]; protein transmembrane transport [GO:0071806]; T cell mediated cytotoxicity [GO:0001913]	calcium ion binding [GO:0005509]; identical protein binding [GO:0042802]; pore-forming activity [GO:0140911]; wide pore channel activity [GO:0022829]	GO:0001771; GO:0001772; GO:0001913; GO:0002357; GO:0002418; GO:0005509; GO:0005576; GO:0005829; GO:0005886; GO:0006915; GO:0006968; GO:0009306; GO:0016020; GO:0017038; GO:0022829; GO:0031640; GO:0031904; GO:0042802; GO:0044194; GO:0051260; GO:0051607; GO:0051712; GO:0071806; GO:0140507; GO:0140911; GO:1904856	cd04032; C2_Perforin; 1.;	2.60.40.150:FF:000216; Perforin-1 precursor; 1.;	2.60.40.150; C2 domain; 1.;	"IPR000008; C2_dom.;""IPR035892; C2_domain_sf."";""IPR020864; MACPF."";""IPR020863; MACPF_CS."";""IPR037300; Perforin-1_C2."";""IPR052784; Perforin-1_pore-forming."";"	"PTHR46096; PERFORIN-1; 1.;""PTHR46096:SF3; PERFORIN-1; 1."";"	"PF00168; C2; 1.;""PF01823; MACPF; 1."";"	"PS50004; C2; 1.;""PS00279; MACPF_1; 1."";""PS51412; MACPF_2; 1."";"	"SM00239; C2; 1.;""SM00457; MACPF; 1."";"	"NP_001076585.1; NM_001083116.3.;""NP_005032.2; NM_005041.4."";"	35.0..248.0	214	555	27..375	61.32	100.00	38.56	['MACPF']	['ECO:0000255|PROSITE-ProRule:PRU00745']	25.0..184.0	160	269							0.484684685	160	0.594795539
WP_182458775.1	GasderMIN	GasderMIN	Spirosoma foliorum	GCF_014117325_NZ_CP059732_GasderMIN_3	GCF_014117325.1_NZ_CP059732_05320	GCF_014117325.1_NZ_CP059732_05320	1	202	A0A7G5GRK1	A0A2V2RJT9	A0A6I4AZW5	E6Y8C6	0.0002216	1	0.066	194	145	0	45	238	16	171	0.7337	7	unreviewed	E6Y8C6_HUMAN	Perforin-1 (Cytolysin) (Lymphocyte pore-forming protein)	PRF1	Homo sapiens (Human)			PRF1			killing of cells of another organism [GO:0031640]; leukocyte mediated cytotoxicity [GO:0001909]	extracellular region [GO:0005576]; membrane [GO:0016020]	extracellular region [GO:0005576]; membrane [GO:0016020]; calcium ion binding [GO:0005509]; pore-forming activity [GO:0140911]; killing of cells of another organism [GO:0031640]; leukocyte mediated cytotoxicity [GO:0001909]	calcium ion binding [GO:0005509]; pore-forming activity [GO:0140911]	GO:0001909; GO:0005509; GO:0005576; GO:0016020; GO:0031640; GO:0140911	cd04032; C2_Perforin; 1.;	2.60.40.150:FF:000216; Perforin-1 precursor; 1.;	2.60.40.150; C2 domain; 1.;	"IPR000008; C2_dom.;""IPR035892; C2_domain_sf."";""IPR020864; MACPF."";""IPR020863; MACPF_CS."";""IPR037300; Perforin-1_C2."";""IPR052784; Perforin-1_pore-forming."";"	"PTHR46096; PERFORIN-1; 1.;""PTHR46096:SF3; PERFORIN-1; 1."";"	"PF00168; C2; 1.;""PF01823; MACPF; 1."";"	"PS50004; C2; 1.;""PS00279; MACPF_1; 1."";""PS51412; MACPF_2; 1."";"	"SM00239; C2; 1.;""SM00457; MACPF; 1."";"		45.0..238.0	194	555	27..375	55.59	100.00	34.95	['MACPF']	['ECO:0000259|PROSITE:PS51412']	16.0..171.0	156	267							0.481081081	156	0.584269663
WP_182458775.1	GasderMIN	GasderMIN	Spirosoma foliorum	GCF_014117325_NZ_CP059732_GasderMIN_3	GCF_014117325.1_NZ_CP059732_05320	GCF_014117325.1_NZ_CP059732_05320	1	202	A0A7G5GRK1	A0A2V2RJT9	A0A6I4AZW5	P14222	0.0002216	1	0.063	194	145	0	45	238	16	171	1.074	5	reviewed	PERF_HUMAN	Perforin-1 (P1) (Cytolysin) (Lymphocyte pore-forming protein) (PFP)	PRF1 PFP	Homo sapiens (Human)			PRF1	PFP	UP000005640: Chromosome 10	apoptotic process [GO:0006915]; cellular defense response [GO:0006968]; defense response to tumor cell [GO:0002357]; defense response to virus [GO:0051607]; granzyme-mediated programmed cell death signaling pathway [GO:0140507]; immune response to tumor cell [GO:0002418]; immunological synapse formation [GO:0001771]; killing of cells of another organism [GO:0031640]; positive regulation of killing of cells of another organism [GO:0051712]; protein homooligomerization [GO:0051260]; protein import [GO:0017038]; protein secretion [GO:0009306]; protein transmembrane transport [GO:0071806]; T cell mediated cytotoxicity [GO:0001913]	cytolytic granule [GO:0044194]; cytolytic granule lumen [GO:1904856]; cytosol [GO:0005829]; endosome lumen [GO:0031904]; extracellular region [GO:0005576]; immunological synapse [GO:0001772]; membrane [GO:0016020]; plasma membrane [GO:0005886]	cytolytic granule [GO:0044194]; cytolytic granule lumen [GO:1904856]; cytosol [GO:0005829]; endosome lumen [GO:0031904]; extracellular region [GO:0005576]; immunological synapse [GO:0001772]; membrane [GO:0016020]; plasma membrane [GO:0005886]; calcium ion binding [GO:0005509]; identical protein binding [GO:0042802]; pore-forming activity [GO:0140911]; wide pore channel activity [GO:0022829]; apoptotic process [GO:0006915]; cellular defense response [GO:0006968]; defense response to tumor cell [GO:0002357]; defense response to virus [GO:0051607]; granzyme-mediated programmed cell death signaling pathway [GO:0140507]; immune response to tumor cell [GO:0002418]; immunological synapse formation [GO:0001771]; killing of cells of another organism [GO:0031640]; positive regulation of killing of cells of another organism [GO:0051712]; protein homooligomerization [GO:0051260]; protein import [GO:0017038]; protein secretion [GO:0009306]; protein transmembrane transport [GO:0071806]; T cell mediated cytotoxicity [GO:0001913]	calcium ion binding [GO:0005509]; identical protein binding [GO:0042802]; pore-forming activity [GO:0140911]; wide pore channel activity [GO:0022829]	GO:0001771; GO:0001772; GO:0001913; GO:0002357; GO:0002418; GO:0005509; GO:0005576; GO:0005829; GO:0005886; GO:0006915; GO:0006968; GO:0009306; GO:0016020; GO:0017038; GO:0022829; GO:0031640; GO:0031904; GO:0042802; GO:0044194; GO:0051260; GO:0051607; GO:0051712; GO:0071806; GO:0140507; GO:0140911; GO:1904856	cd04032; C2_Perforin; 1.;	2.60.40.150:FF:000216; Perforin-1 precursor; 1.;	2.60.40.150; C2 domain; 1.;	"IPR000008; C2_dom.;""IPR035892; C2_domain_sf."";""IPR020864; MACPF."";""IPR020863; MACPF_CS."";""IPR037300; Perforin-1_C2."";""IPR052784; Perforin-1_pore-forming."";"	"PTHR46096; PERFORIN-1; 1.;""PTHR46096:SF3; PERFORIN-1; 1."";"	"PF00168; C2; 1.;""PF01823; MACPF; 1."";"	"PS50004; C2; 1.;""PS00279; MACPF_1; 1."";""PS51412; MACPF_2; 1."";"	"SM00239; C2; 1.;""SM00457; MACPF; 1."";"	"NP_001076585.1; NM_001083116.3.;""NP_005032.2; NM_005041.4."";"	45.0..238.0	194	555	27..375	55.59	100.00	34.95	['MACPF']	['ECO:0000255|PROSITE-ProRule:PRU00745']	16.0..171.0	156	267							0.481081081	156	0.584269663
WP_118501225.1	GasderMIN	GasderMIN	Aquimarina sp. AD10	GCF_003443715_NZ_CP031965_GasderMIN_1	GCF_003443715.1_NZ_CP031965_00745	GCF_003443715.1_NZ_CP031965_00745	1	202	A0A3A9VHL1	A0A4Q1CFA1	A0A3B4WVX2	A0A2R8Y564	0.0002487	3	0.138	262	217	0	8	260	7	268	0.000000148	159	unreviewed	A0A2R8Y564_HUMAN	Pejvakin	PJVK	Homo sapiens (Human)			PJVK		UP000005640: Chromosome 2	programmed cell death [GO:0012501]	endomembrane system [GO:0012505]	endomembrane system [GO:0012505]; programmed cell death [GO:0012501]		GO:0012501; GO:0012505				"IPR040460; Gasdermin_pore.;""IPR042377; GSDME."";"	"PTHR15207; NONSYNDROMIC HEARING IMPAIRMENT PROTEIN; 1.;""PTHR15207:SF2; PEJVAKIN; 1."";"	PF04598; Gasdermin; 1.;				8.0..260.0	253	300	1..223	96.86	85.38	84.33	['Gasdermin pore forming']	['ECO:0000259|Pfam:PF04598']	7.0..268.0	262	276							0.92	253	0.916666667
WP_118501225.1	GasderMIN	GasderMIN	Aquimarina sp. AD10	GCF_003443715_NZ_CP031965_GasderMIN_1	GCF_003443715.1_NZ_CP031965_00745	GCF_003443715.1_NZ_CP031965_00745	1	202	A0A3A9VHL1	A0A4Q1CFA1	A0A3B4WVX2	E9PIB2	0.0002487	1	0.114	230	197	0	23	245	7	236	0.000002634	130	unreviewed	E9PIB2_HUMAN	Gasdermin D	GSDMD	Homo sapiens (Human)			GSDMD		UP000005640: Chromosome 8		endomembrane system [GO:0012505]; nucleoplasm [GO:0005654]; plasma membrane [GO:0005886]	endomembrane system [GO:0012505]; nucleoplasm [GO:0005654]; plasma membrane [GO:0005886]		GO:0005654; GO:0005886; GO:0012505				"IPR007677; Gasdermin.;""IPR040460; Gasdermin_pore."";"	"PTHR16399; GASDERMIN; 1.;""PTHR16399:SF15; GASDERMIN-D; 1."";"	PF04598; Gasdermin; 1.;				23.0..245.0	223	277	20..258	93.31	100.00	80.51	['Gasdermin pore forming']	['ECO:0000259|Pfam:PF04598']	7.0..236.0	230	276							0.996389892	223	0.807971014
WP_118501225.1	GasderMIN	GasderMIN	Aquimarina sp. AD10	GCF_003443715_NZ_CP031965_GasderMIN_1	GCF_003443715.1_NZ_CP031965_00745	GCF_003443715.1_NZ_CP031965_00745	1	202	A0A3A9VHL1	A0A4Q1CFA1	G3VTC1	C9JSR4	0.0002781	2	0.131	256	216	0	8	256	10	265	3.341E-07	142	unreviewed	C9JSR4_HUMAN	Gasdermin E	GSDME	Homo sapiens (Human)			GSDME		UP000005640: Chromosome 7	programmed cell death [GO:0012501]	cytoplasm [GO:0005737]; plasma membrane [GO:0005886]	cytoplasm [GO:0005737]; plasma membrane [GO:0005886]; programmed cell death [GO:0012501]		GO:0005737; GO:0005886; GO:0012501				"IPR040460; Gasdermin_pore.;""IPR041263; Gasdermin_PUB."";""IPR042377; GSDME."";"	"PTHR15207:SF1; GASDERMIN-E; 1.;""PTHR15207; NONSYNDROMIC HEARING IMPAIRMENT PROTEIN; 1."";"	"PF04598; Gasdermin; 1.;""PF17708; Gasdermin_C; 1."";"				8.0..256.0	249	356	1..246	97.15	95.98	69.94	['Gasdermin pore forming']	['ECO:0000259|Pfam:PF04598']	10.0..265.0	256	276							0.775280899	249	0.902173913
WP_118501225.1	GasderMIN	GasderMIN	Aquimarina sp. AD10	GCF_003443715_NZ_CP031965_GasderMIN_1	GCF_003443715.1_NZ_CP031965_00745	GCF_003443715.1_NZ_CP031965_00745	1	202	A0A3A9VHL1	A0A4Q1CFA1	H2YAV0	Q8N5U0	0.000435	1	0.117	231	169	0	21	212	7	237	7.982E-07	140	reviewed	CK042_HUMAN	Uncharacterized protein C11orf42	C11orf42	Homo sapiens (Human)			C11orf42		UP000005640: Chromosome 11		sperm flagellum [GO:0036126]	sperm flagellum [GO:0036126]		GO:0036126				IPR031366; DUF4663.;	"PTHR36872; GENE 5901-RELATED; 1.;""PTHR36872:SF1; GENE 5901-RELATED; 1."";"	PF15668; DUF4663; 1.;			NP_775796.2; NM_173525.3.;	21.0..212.0	192	333							7.0..237.0	231	276							0.828828829	192	0.695652174
WP_063110969.1	GasderMIN	GasderMIN	Methylorubrum populi	GCF_002355515_NZ_AP014809_GasderMIN_1	GCF_002355515.1_NZ_AP014809_02772	GCF_002355515.1_NZ_AP014809_02772	1	202	A0A160PE62	A0A2V2RJT9	H2YAV0	Q8N5U0	0.001086	1	0.102	252	187	0	47	255	35	286	0.000003593	107	reviewed	CK042_HUMAN	Uncharacterized protein C11orf42	C11orf42	Homo sapiens (Human)			C11orf42		UP000005640: Chromosome 11		sperm flagellum [GO:0036126]	sperm flagellum [GO:0036126]		GO:0036126				IPR031366; DUF4663.;	"PTHR36872; GENE 5901-RELATED; 1.;""PTHR36872:SF1; GENE 5901-RELATED; 1."";"	PF15668; DUF4663; 1.;			NP_775796.2; NM_173525.3.;	47.0..255.0	209	333							35.0..286.0	252	286							0.858858859	209	0.730769231
WP_142775046.1	GasderMIN	GasderMIN	Spirosoma sp. KCTC 42546	GCF_006965485_NZ_CP041360_GasderMIN_1	GCF_006965485.1_NZ_CP041360_05397	GCF_006965485.1_NZ_CP041360_05397	1	202	A0A515A5B6	A0A2V2RJT9	H2YAV0	Q8N5U0	0.001086	1	0.119	257	200	0	19	246	12	268	4.309E-07	143	reviewed	CK042_HUMAN	Uncharacterized protein C11orf42	C11orf42	Homo sapiens (Human)			C11orf42		UP000005640: Chromosome 11		sperm flagellum [GO:0036126]	sperm flagellum [GO:0036126]		GO:0036126				IPR031366; DUF4663.;	"PTHR36872; GENE 5901-RELATED; 1.;""PTHR36872:SF1; GENE 5901-RELATED; 1."";"	PF15668; DUF4663; 1.;			NP_775796.2; NM_173525.3.;	19.0..246.0	228	333							12.0..268.0	257	269							0.807807808	228	0.847583643
WP_182458775.1	GasderMIN	GasderMIN	Spirosoma foliorum	GCF_014117325_NZ_CP059732_GasderMIN_3	GCF_014117325.1_NZ_CP059732_05320	GCF_014117325.1_NZ_CP059732_05320	1	202	A0A7G5GRK1	A0A2V2RJT9	H2YAV0	Q8N5U0	0.001086	1	0.09	256	202	0	19	241	2	257	0.000001229	112	reviewed	CK042_HUMAN	Uncharacterized protein C11orf42	C11orf42	Homo sapiens (Human)			C11orf42		UP000005640: Chromosome 11		sperm flagellum [GO:0036126]	sperm flagellum [GO:0036126]		GO:0036126				IPR031366; DUF4663.;	"PTHR36872; GENE 5901-RELATED; 1.;""PTHR36872:SF1; GENE 5901-RELATED; 1."";"	PF15668; DUF4663; 1.;			NP_775796.2; NM_173525.3.;	19.0..241.0	223	333							2.0..257.0	256	267							0.801801802	223	0.835205993
WP_014444130.1	GasderMIN	GasderMIN	Actinoplanes missouriensis	GCF_000284295_NC_017093_GasderMIN_1	GCF_000284295.1_NC_017093_04052	GCF_000284295.1_NC_017093_04052	1	202	I0H899	A0A2N2MYY3	A0A3B4WVX2	A0A2R8Y564	0.001921	3	0.104	221	189	0	13	224	11	231	0.000005162	116	unreviewed	A0A2R8Y564_HUMAN	Pejvakin	PJVK	Homo sapiens (Human)			PJVK		UP000005640: Chromosome 2	programmed cell death [GO:0012501]	endomembrane system [GO:0012505]	endomembrane system [GO:0012505]; programmed cell death [GO:0012501]		GO:0012501; GO:0012505				"IPR040460; Gasdermin_pore.;""IPR042377; GSDME."";"	"PTHR15207; NONSYNDROMIC HEARING IMPAIRMENT PROTEIN; 1.;""PTHR15207:SF2; PEJVAKIN; 1."";"	PF04598; Gasdermin; 1.;				13.0..224.0	212	300	1..223	94.62	99.53	70.67	['Gasdermin pore forming']	['ECO:0000259|Pfam:PF04598']	11.0..231.0	221	264							0.88	212	0.803030303
WP_014444130.1	GasderMIN	GasderMIN	Actinoplanes missouriensis	GCF_000284295_NC_017093_GasderMIN_1	GCF_000284295.1_NC_017093_04052	GCF_000284295.1_NC_017093_04052	1	202	I0H899	A0A2N2MYY3	A0A3B4WVX2	E9PIB2	0.001921	1	0.195	250	194	0	36	277	15	264	8.976E-09	180	unreviewed	E9PIB2_HUMAN	Gasdermin D	GSDMD	Homo sapiens (Human)			GSDMD		UP000005640: Chromosome 8		endomembrane system [GO:0012505]; nucleoplasm [GO:0005654]; plasma membrane [GO:0005886]	endomembrane system [GO:0012505]; nucleoplasm [GO:0005654]; plasma membrane [GO:0005886]		GO:0005654; GO:0005886; GO:0012505				"IPR007677; Gasdermin.;""IPR040460; Gasdermin_pore."";"	"PTHR16399; GASDERMIN; 1.;""PTHR16399:SF15; GASDERMIN-D; 1."";"	PF04598; Gasdermin; 1.;				36.0..277.0	242	277	20..258	93.31	92.15	87.36	['Gasdermin pore forming']	['ECO:0000259|Pfam:PF04598']	15.0..264.0	250	264							0.953068592	242	0.916666667
WP_118501225.1	GasderMIN	GasderMIN	Aquimarina sp. AD10	GCF_003443715_NZ_CP031965_GasderMIN_1	GCF_003443715.1_NZ_CP031965_00745	GCF_003443715.1_NZ_CP031965_00745	1	202	A0A3A9VHL1	A0A4Q1CFA1	A0A2R8QV48	Q0ZLH3	0.00344	1	0.155	247	195	0	8	239	10	256	1.458E-09	227	reviewed	PJVK_HUMAN	Pejvakin (Autosomal recessive deafness type 59 protein)	PJVK DFNB59	Homo sapiens (Human)			PJVK	DFNB59	UP000005640: Chromosome 2	detection of mechanical stimulus involved in sensory perception of sound [GO:0050910]; pexophagy [GO:0000425]; programmed cell death in response to reactive oxygen species [GO:0097468]; regulation of peroxisome organization [GO:1900063]; response to reactive oxygen species [GO:0000302]; sensory perception of sound [GO:0007605]; stereocilium maintenance [GO:0120045]	ciliary rootlet [GO:0035253]; cortical actin cytoskeleton [GO:0030864]; cytoplasm [GO:0005737]; neuronal cell body [GO:0043025]; peroxisomal membrane [GO:0005778]; stereocilium base [GO:0120044]	ciliary rootlet [GO:0035253]; cortical actin cytoskeleton [GO:0030864]; cytoplasm [GO:0005737]; neuronal cell body [GO:0043025]; peroxisomal membrane [GO:0005778]; stereocilium base [GO:0120044]; detection of mechanical stimulus involved in sensory perception of sound [GO:0050910]; pexophagy [GO:0000425]; programmed cell death in response to reactive oxygen species [GO:0097468]; regulation of peroxisome organization [GO:1900063]; response to reactive oxygen species [GO:0000302]; sensory perception of sound [GO:0007605]; stereocilium maintenance [GO:0120045]		GO:0000302; GO:0000425; GO:0005737; GO:0005778; GO:0007605; GO:0030864; GO:0035253; GO:0043025; GO:0050910; GO:0097468; GO:0120044; GO:0120045; GO:1900063				"IPR040460; Gasdermin_pore.;""IPR042377; GSDME."";"	"PTHR15207; NONSYNDROMIC HEARING IMPAIRMENT PROTEIN; 1.;""PTHR15207:SF2; PEJVAKIN; 1."";"	PF04598; Gasdermin; 1.;			"NP_001036167.1; NM_001042702.5.;""NP_001356841.1; NM_001369912.1."";"	8.0..239.0	232	352							10.0..256.0	247	276							0.784090909	232	0.84057971
WP_118501225.1	GasderMIN	GasderMIN	Aquimarina sp. AD10	GCF_003443715_NZ_CP031965_GasderMIN_1	GCF_003443715.1_NZ_CP031965_00745	GCF_003443715.1_NZ_CP031965_00745	1	202	A0A3A9VHL1	A0A4Q1CFA1	A0A6I4AZW5	E6Y8C6	0.004637	1	0.132	157	114	0	84	240	43	174	0.0738	11	unreviewed	E6Y8C6_HUMAN	Perforin-1 (Cytolysin) (Lymphocyte pore-forming protein)	PRF1	Homo sapiens (Human)			PRF1			killing of cells of another organism [GO:0031640]; leukocyte mediated cytotoxicity [GO:0001909]	extracellular region [GO:0005576]; membrane [GO:0016020]	extracellular region [GO:0005576]; membrane [GO:0016020]; calcium ion binding [GO:0005509]; pore-forming activity [GO:0140911]; killing of cells of another organism [GO:0031640]; leukocyte mediated cytotoxicity [GO:0001909]	calcium ion binding [GO:0005509]; pore-forming activity [GO:0140911]	GO:0001909; GO:0005509; GO:0005576; GO:0016020; GO:0031640; GO:0140911	cd04032; C2_Perforin; 1.;	2.60.40.150:FF:000216; Perforin-1 precursor; 1.;	2.60.40.150; C2 domain; 1.;	"IPR000008; C2_dom.;""IPR035892; C2_domain_sf."";""IPR020864; MACPF."";""IPR020863; MACPF_CS."";""IPR037300; Perforin-1_C2."";""IPR052784; Perforin-1_pore-forming."";"	"PTHR46096; PERFORIN-1; 1.;""PTHR46096:SF3; PERFORIN-1; 1."";"	"PF00168; C2; 1.;""PF01823; MACPF; 1."";"	"PS50004; C2; 1.;""PS00279; MACPF_1; 1."";""PS51412; MACPF_2; 1."";"	"SM00239; C2; 1.;""SM00457; MACPF; 1."";"		84.0..240.0	157	555	27..375	44.99	100.00	28.29	['MACPF']	['ECO:0000259|PROSITE:PS51412']	43.0..174.0	132	276							0.497297297	132	0.47826087
WP_118501225.1	GasderMIN	GasderMIN	Aquimarina sp. AD10	GCF_003443715_NZ_CP031965_GasderMIN_1	GCF_003443715.1_NZ_CP031965_00745	GCF_003443715.1_NZ_CP031965_00745	1	202	A0A3A9VHL1	A0A4Q1CFA1	A0A6I4AZW5	P14222	0.004637	1	0.112	213	143	0	28	240	13	174	0.08547	12	reviewed	PERF_HUMAN	Perforin-1 (P1) (Cytolysin) (Lymphocyte pore-forming protein) (PFP)	PRF1 PFP	Homo sapiens (Human)			PRF1	PFP	UP000005640: Chromosome 10	apoptotic process [GO:0006915]; cellular defense response [GO:0006968]; defense response to tumor cell [GO:0002357]; defense response to virus [GO:0051607]; granzyme-mediated programmed cell death signaling pathway [GO:0140507]; immune response to tumor cell [GO:0002418]; immunological synapse formation [GO:0001771]; killing of cells of another organism [GO:0031640]; positive regulation of killing of cells of another organism [GO:0051712]; protein homooligomerization [GO:0051260]; protein import [GO:0017038]; protein secretion [GO:0009306]; protein transmembrane transport [GO:0071806]; T cell mediated cytotoxicity [GO:0001913]	cytolytic granule [GO:0044194]; cytolytic granule lumen [GO:1904856]; cytosol [GO:0005829]; endosome lumen [GO:0031904]; extracellular region [GO:0005576]; immunological synapse [GO:0001772]; membrane [GO:0016020]; plasma membrane [GO:0005886]	cytolytic granule [GO:0044194]; cytolytic granule lumen [GO:1904856]; cytosol [GO:0005829]; endosome lumen [GO:0031904]; extracellular region [GO:0005576]; immunological synapse [GO:0001772]; membrane [GO:0016020]; plasma membrane [GO:0005886]; calcium ion binding [GO:0005509]; identical protein binding [GO:0042802]; pore-forming activity [GO:0140911]; wide pore channel activity [GO:0022829]; apoptotic process [GO:0006915]; cellular defense response [GO:0006968]; defense response to tumor cell [GO:0002357]; defense response to virus [GO:0051607]; granzyme-mediated programmed cell death signaling pathway [GO:0140507]; immune response to tumor cell [GO:0002418]; immunological synapse formation [GO:0001771]; killing of cells of another organism [GO:0031640]; positive regulation of killing of cells of another organism [GO:0051712]; protein homooligomerization [GO:0051260]; protein import [GO:0017038]; protein secretion [GO:0009306]; protein transmembrane transport [GO:0071806]; T cell mediated cytotoxicity [GO:0001913]	calcium ion binding [GO:0005509]; identical protein binding [GO:0042802]; pore-forming activity [GO:0140911]; wide pore channel activity [GO:0022829]	GO:0001771; GO:0001772; GO:0001913; GO:0002357; GO:0002418; GO:0005509; GO:0005576; GO:0005829; GO:0005886; GO:0006915; GO:0006968; GO:0009306; GO:0016020; GO:0017038; GO:0022829; GO:0031640; GO:0031904; GO:0042802; GO:0044194; GO:0051260; GO:0051607; GO:0051712; GO:0071806; GO:0140507; GO:0140911; GO:1904856	cd04032; C2_Perforin; 1.;	2.60.40.150:FF:000216; Perforin-1 precursor; 1.;	2.60.40.150; C2 domain; 1.;	"IPR000008; C2_dom.;""IPR035892; C2_domain_sf."";""IPR020864; MACPF."";""IPR020863; MACPF_CS."";""IPR037300; Perforin-1_C2."";""IPR052784; Perforin-1_pore-forming."";"	"PTHR46096; PERFORIN-1; 1.;""PTHR46096:SF3; PERFORIN-1; 1."";"	"PF00168; C2; 1.;""PF01823; MACPF; 1."";"	"PS50004; C2; 1.;""PS00279; MACPF_1; 1."";""PS51412; MACPF_2; 1."";"	"SM00239; C2; 1.;""SM00457; MACPF; 1."";"	"NP_001076585.1; NM_001083116.3.;""NP_005032.2; NM_005041.4."";"	28.0..240.0	213	555	27..375	61.03	100.00	38.38	['MACPF']	['ECO:0000255|PROSITE-ProRule:PRU00745']	13.0..174.0	162	276							0.497297297	162	0.586956522
WP_012256777.1	GasderMIN	GasderMIN	Chloroflexus aurantiacus	GCF_000018865_NC_010175_GasderMIN_2	GCF_000018865.1_NC_010175_00928	GCF_000018865.1_NC_010175_00928	1	202	A0A7C2KPM7	A0A178BUB5	A0A6I4AZW5	E6Y8C6	0.008667	1	0.177	89	65	0	149	237	95	174	0.01874	17	unreviewed	E6Y8C6_HUMAN	Perforin-1 (Cytolysin) (Lymphocyte pore-forming protein)	PRF1	Homo sapiens (Human)			PRF1			killing of cells of another organism [GO:0031640]; leukocyte mediated cytotoxicity [GO:0001909]	extracellular region [GO:0005576]; membrane [GO:0016020]	extracellular region [GO:0005576]; membrane [GO:0016020]; calcium ion binding [GO:0005509]; pore-forming activity [GO:0140911]; killing of cells of another organism [GO:0031640]; leukocyte mediated cytotoxicity [GO:0001909]	calcium ion binding [GO:0005509]; pore-forming activity [GO:0140911]	GO:0001909; GO:0005509; GO:0005576; GO:0016020; GO:0031640; GO:0140911	cd04032; C2_Perforin; 1.;	2.60.40.150:FF:000216; Perforin-1 precursor; 1.;	2.60.40.150; C2 domain; 1.;	"IPR000008; C2_dom.;""IPR035892; C2_domain_sf."";""IPR020864; MACPF."";""IPR020863; MACPF_CS."";""IPR037300; Perforin-1_C2."";""IPR052784; Perforin-1_pore-forming."";"	"PTHR46096; PERFORIN-1; 1.;""PTHR46096:SF3; PERFORIN-1; 1."";"	"PF00168; C2; 1.;""PF01823; MACPF; 1."";"	"PS50004; C2; 1.;""PS00279; MACPF_1; 1."";""PS51412; MACPF_2; 1."";"	"SM00239; C2; 1.;""SM00457; MACPF; 1."";"		149.0..237.0	89	555	27..375	25.50	100.00	16.04	['MACPF']	['ECO:0000259|PROSITE:PS51412']	95.0..174.0	80	288							0.518918919	80	0.277777778
WP_012256777.1	GasderMIN	GasderMIN	Chloroflexus aurantiacus	GCF_000018865_NC_010175_GasderMIN_2	GCF_000018865.1_NC_010175_00928	GCF_000018865.1_NC_010175_00928	1	202	A0A7C2KPM7	A0A178BUB5	A0A6I4AZW5	P14222	0.008667	1	0.125	203	150	0	35	237	3	174	0.01591	14	reviewed	PERF_HUMAN	Perforin-1 (P1) (Cytolysin) (Lymphocyte pore-forming protein) (PFP)	PRF1 PFP	Homo sapiens (Human)			PRF1	PFP	UP000005640: Chromosome 10	apoptotic process [GO:0006915]; cellular defense response [GO:0006968]; defense response to tumor cell [GO:0002357]; defense response to virus [GO:0051607]; granzyme-mediated programmed cell death signaling pathway [GO:0140507]; immune response to tumor cell [GO:0002418]; immunological synapse formation [GO:0001771]; killing of cells of another organism [GO:0031640]; positive regulation of killing of cells of another organism [GO:0051712]; protein homooligomerization [GO:0051260]; protein import [GO:0017038]; protein secretion [GO:0009306]; protein transmembrane transport [GO:0071806]; T cell mediated cytotoxicity [GO:0001913]	cytolytic granule [GO:0044194]; cytolytic granule lumen [GO:1904856]; cytosol [GO:0005829]; endosome lumen [GO:0031904]; extracellular region [GO:0005576]; immunological synapse [GO:0001772]; membrane [GO:0016020]; plasma membrane [GO:0005886]	cytolytic granule [GO:0044194]; cytolytic granule lumen [GO:1904856]; cytosol [GO:0005829]; endosome lumen [GO:0031904]; extracellular region [GO:0005576]; immunological synapse [GO:0001772]; membrane [GO:0016020]; plasma membrane [GO:0005886]; calcium ion binding [GO:0005509]; identical protein binding [GO:0042802]; pore-forming activity [GO:0140911]; wide pore channel activity [GO:0022829]; apoptotic process [GO:0006915]; cellular defense response [GO:0006968]; defense response to tumor cell [GO:0002357]; defense response to virus [GO:0051607]; granzyme-mediated programmed cell death signaling pathway [GO:0140507]; immune response to tumor cell [GO:0002418]; immunological synapse formation [GO:0001771]; killing of cells of another organism [GO:0031640]; positive regulation of killing of cells of another organism [GO:0051712]; protein homooligomerization [GO:0051260]; protein import [GO:0017038]; protein secretion [GO:0009306]; protein transmembrane transport [GO:0071806]; T cell mediated cytotoxicity [GO:0001913]	calcium ion binding [GO:0005509]; identical protein binding [GO:0042802]; pore-forming activity [GO:0140911]; wide pore channel activity [GO:0022829]	GO:0001771; GO:0001772; GO:0001913; GO:0002357; GO:0002418; GO:0005509; GO:0005576; GO:0005829; GO:0005886; GO:0006915; GO:0006968; GO:0009306; GO:0016020; GO:0017038; GO:0022829; GO:0031640; GO:0031904; GO:0042802; GO:0044194; GO:0051260; GO:0051607; GO:0051712; GO:0071806; GO:0140507; GO:0140911; GO:1904856	cd04032; C2_Perforin; 1.;	2.60.40.150:FF:000216; Perforin-1 precursor; 1.;	2.60.40.150; C2 domain; 1.;	"IPR000008; C2_dom.;""IPR035892; C2_domain_sf."";""IPR020864; MACPF."";""IPR020863; MACPF_CS."";""IPR037300; Perforin-1_C2."";""IPR052784; Perforin-1_pore-forming."";"	"PTHR46096; PERFORIN-1; 1.;""PTHR46096:SF3; PERFORIN-1; 1."";"	"PF00168; C2; 1.;""PF01823; MACPF; 1."";"	"PS50004; C2; 1.;""PS00279; MACPF_1; 1."";""PS51412; MACPF_2; 1."";"	"SM00239; C2; 1.;""SM00457; MACPF; 1."";"	"NP_001076585.1; NM_001083116.3.;""NP_005032.2; NM_005041.4."";"	35.0..237.0	203	555	27..375	58.17	100.00	36.58	['MACPF']	['ECO:0000255|PROSITE-ProRule:PRU00745']	3.0..174.0	172	288							0.518918919	172	0.597222222
WP_012256777.1	GasderMIN	GasderMIN	Chloroflexus aurantiacus	GCF_000018865_NC_010175_GasderMIN_2	GCF_000018865.1_NC_010175_00928	GCF_000018865.1_NC_010175_00928	1	202	A9WH26	A0A178BUB5	A0A6I4AZW5	E6Y8C6	0.008667	1	0.126	194	135	0	46	239	22	176	0.01488	15	unreviewed	E6Y8C6_HUMAN	Perforin-1 (Cytolysin) (Lymphocyte pore-forming protein)	PRF1	Homo sapiens (Human)			PRF1			killing of cells of another organism [GO:0031640]; leukocyte mediated cytotoxicity [GO:0001909]	extracellular region [GO:0005576]; membrane [GO:0016020]	extracellular region [GO:0005576]; membrane [GO:0016020]; calcium ion binding [GO:0005509]; pore-forming activity [GO:0140911]; killing of cells of another organism [GO:0031640]; leukocyte mediated cytotoxicity [GO:0001909]	calcium ion binding [GO:0005509]; pore-forming activity [GO:0140911]	GO:0001909; GO:0005509; GO:0005576; GO:0016020; GO:0031640; GO:0140911	cd04032; C2_Perforin; 1.;	2.60.40.150:FF:000216; Perforin-1 precursor; 1.;	2.60.40.150; C2 domain; 1.;	"IPR000008; C2_dom.;""IPR035892; C2_domain_sf."";""IPR020864; MACPF."";""IPR020863; MACPF_CS."";""IPR037300; Perforin-1_C2."";""IPR052784; Perforin-1_pore-forming."";"	"PTHR46096; PERFORIN-1; 1.;""PTHR46096:SF3; PERFORIN-1; 1."";"	"PF00168; C2; 1.;""PF01823; MACPF; 1."";"	"PS50004; C2; 1.;""PS00279; MACPF_1; 1."";""PS51412; MACPF_2; 1."";"	"SM00239; C2; 1.;""SM00457; MACPF; 1."";"		46.0..239.0	194	555	27..375	55.59	100.00	34.95	['MACPF']	['ECO:0000259|PROSITE:PS51412']	22.0..176.0	155	288							0.518918919	155	0.538194444
WP_012256777.1	GasderMIN	GasderMIN	Chloroflexus aurantiacus	GCF_000018865_NC_010175_GasderMIN_2	GCF_000018865.1_NC_010175_00928	GCF_000018865.1_NC_010175_00928	1	202	A9WH26	A0A178BUB5	A0A6I4AZW5	P14222	0.008667	1	0.111	205	137	0	35	239	22	176	0.01684	16	reviewed	PERF_HUMAN	Perforin-1 (P1) (Cytolysin) (Lymphocyte pore-forming protein) (PFP)	PRF1 PFP	Homo sapiens (Human)			PRF1	PFP	UP000005640: Chromosome 10	apoptotic process [GO:0006915]; cellular defense response [GO:0006968]; defense response to tumor cell [GO:0002357]; defense response to virus [GO:0051607]; granzyme-mediated programmed cell death signaling pathway [GO:0140507]; immune response to tumor cell [GO:0002418]; immunological synapse formation [GO:0001771]; killing of cells of another organism [GO:0031640]; positive regulation of killing of cells of another organism [GO:0051712]; protein homooligomerization [GO:0051260]; protein import [GO:0017038]; protein secretion [GO:0009306]; protein transmembrane transport [GO:0071806]; T cell mediated cytotoxicity [GO:0001913]	cytolytic granule [GO:0044194]; cytolytic granule lumen [GO:1904856]; cytosol [GO:0005829]; endosome lumen [GO:0031904]; extracellular region [GO:0005576]; immunological synapse [GO:0001772]; membrane [GO:0016020]; plasma membrane [GO:0005886]	cytolytic granule [GO:0044194]; cytolytic granule lumen [GO:1904856]; cytosol [GO:0005829]; endosome lumen [GO:0031904]; extracellular region [GO:0005576]; immunological synapse [GO:0001772]; membrane [GO:0016020]; plasma membrane [GO:0005886]; calcium ion binding [GO:0005509]; identical protein binding [GO:0042802]; pore-forming activity [GO:0140911]; wide pore channel activity [GO:0022829]; apoptotic process [GO:0006915]; cellular defense response [GO:0006968]; defense response to tumor cell [GO:0002357]; defense response to virus [GO:0051607]; granzyme-mediated programmed cell death signaling pathway [GO:0140507]; immune response to tumor cell [GO:0002418]; immunological synapse formation [GO:0001771]; killing of cells of another organism [GO:0031640]; positive regulation of killing of cells of another organism [GO:0051712]; protein homooligomerization [GO:0051260]; protein import [GO:0017038]; protein secretion [GO:0009306]; protein transmembrane transport [GO:0071806]; T cell mediated cytotoxicity [GO:0001913]	calcium ion binding [GO:0005509]; identical protein binding [GO:0042802]; pore-forming activity [GO:0140911]; wide pore channel activity [GO:0022829]	GO:0001771; GO:0001772; GO:0001913; GO:0002357; GO:0002418; GO:0005509; GO:0005576; GO:0005829; GO:0005886; GO:0006915; GO:0006968; GO:0009306; GO:0016020; GO:0017038; GO:0022829; GO:0031640; GO:0031904; GO:0042802; GO:0044194; GO:0051260; GO:0051607; GO:0051712; GO:0071806; GO:0140507; GO:0140911; GO:1904856	cd04032; C2_Perforin; 1.;	2.60.40.150:FF:000216; Perforin-1 precursor; 1.;	2.60.40.150; C2 domain; 1.;	"IPR000008; C2_dom.;""IPR035892; C2_domain_sf."";""IPR020864; MACPF."";""IPR020863; MACPF_CS."";""IPR037300; Perforin-1_C2."";""IPR052784; Perforin-1_pore-forming."";"	"PTHR46096; PERFORIN-1; 1.;""PTHR46096:SF3; PERFORIN-1; 1."";"	"PF00168; C2; 1.;""PF01823; MACPF; 1."";"	"PS50004; C2; 1.;""PS00279; MACPF_1; 1."";""PS51412; MACPF_2; 1."";"	"SM00239; C2; 1.;""SM00457; MACPF; 1."";"	"NP_001076585.1; NM_001083116.3.;""NP_005032.2; NM_005041.4."";"	35.0..239.0	205	555	27..375	58.74	100.00	36.94	['MACPF']	['ECO:0000255|PROSITE-ProRule:PRU00745']	22.0..176.0	155	288							0.518918919	155	0.538194444
WP_015941022.1	GasderMIN	GasderMIN	Chloroflexus aggregans	GCF_000021945_NC_011831_GasderMIN_1	GCF_000021945.1_NC_011831_02295	GCF_000021945.1_NC_011831_02295	1	202	B8GD97	A0A178BUB5	A0A6I4AZW5	E6Y8C6	0.008667	1	0.153	91	69	0	149	239	95	176	0.04391	14	unreviewed	E6Y8C6_HUMAN	Perforin-1 (Cytolysin) (Lymphocyte pore-forming protein)	PRF1	Homo sapiens (Human)			PRF1			killing of cells of another organism [GO:0031640]; leukocyte mediated cytotoxicity [GO:0001909]	extracellular region [GO:0005576]; membrane [GO:0016020]	extracellular region [GO:0005576]; membrane [GO:0016020]; calcium ion binding [GO:0005509]; pore-forming activity [GO:0140911]; killing of cells of another organism [GO:0031640]; leukocyte mediated cytotoxicity [GO:0001909]	calcium ion binding [GO:0005509]; pore-forming activity [GO:0140911]	GO:0001909; GO:0005509; GO:0005576; GO:0016020; GO:0031640; GO:0140911	cd04032; C2_Perforin; 1.;	2.60.40.150:FF:000216; Perforin-1 precursor; 1.;	2.60.40.150; C2 domain; 1.;	"IPR000008; C2_dom.;""IPR035892; C2_domain_sf."";""IPR020864; MACPF."";""IPR020863; MACPF_CS."";""IPR037300; Perforin-1_C2."";""IPR052784; Perforin-1_pore-forming."";"	"PTHR46096; PERFORIN-1; 1.;""PTHR46096:SF3; PERFORIN-1; 1."";"	"PF00168; C2; 1.;""PF01823; MACPF; 1."";"	"PS50004; C2; 1.;""PS00279; MACPF_1; 1."";""PS51412; MACPF_2; 1."";"	"SM00239; C2; 1.;""SM00457; MACPF; 1."";"		149.0..239.0	91	555	27..375	26.07	100.00	16.40	['MACPF']	['ECO:0000259|PROSITE:PS51412']	95.0..176.0	82	276							0.497297297	82	0.297101449
WP_015941022.1	GasderMIN	GasderMIN	Chloroflexus aggregans	GCF_000021945_NC_011831_GasderMIN_1	GCF_000021945.1_NC_011831_02295	GCF_000021945.1_NC_011831_02295	1	202	B8GD97	A0A178BUB5	A0A6I4AZW5	P14222	0.008667	1	0.111	153	115	0	87	239	47	176	0.05755	10	reviewed	PERF_HUMAN	Perforin-1 (P1) (Cytolysin) (Lymphocyte pore-forming protein) (PFP)	PRF1 PFP	Homo sapiens (Human)			PRF1	PFP	UP000005640: Chromosome 10	apoptotic process [GO:0006915]; cellular defense response [GO:0006968]; defense response to tumor cell [GO:0002357]; defense response to virus [GO:0051607]; granzyme-mediated programmed cell death signaling pathway [GO:0140507]; immune response to tumor cell [GO:0002418]; immunological synapse formation [GO:0001771]; killing of cells of another organism [GO:0031640]; positive regulation of killing of cells of another organism [GO:0051712]; protein homooligomerization [GO:0051260]; protein import [GO:0017038]; protein secretion [GO:0009306]; protein transmembrane transport [GO:0071806]; T cell mediated cytotoxicity [GO:0001913]	cytolytic granule [GO:0044194]; cytolytic granule lumen [GO:1904856]; cytosol [GO:0005829]; endosome lumen [GO:0031904]; extracellular region [GO:0005576]; immunological synapse [GO:0001772]; membrane [GO:0016020]; plasma membrane [GO:0005886]	cytolytic granule [GO:0044194]; cytolytic granule lumen [GO:1904856]; cytosol [GO:0005829]; endosome lumen [GO:0031904]; extracellular region [GO:0005576]; immunological synapse [GO:0001772]; membrane [GO:0016020]; plasma membrane [GO:0005886]; calcium ion binding [GO:0005509]; identical protein binding [GO:0042802]; pore-forming activity [GO:0140911]; wide pore channel activity [GO:0022829]; apoptotic process [GO:0006915]; cellular defense response [GO:0006968]; defense response to tumor cell [GO:0002357]; defense response to virus [GO:0051607]; granzyme-mediated programmed cell death signaling pathway [GO:0140507]; immune response to tumor cell [GO:0002418]; immunological synapse formation [GO:0001771]; killing of cells of another organism [GO:0031640]; positive regulation of killing of cells of another organism [GO:0051712]; protein homooligomerization [GO:0051260]; protein import [GO:0017038]; protein secretion [GO:0009306]; protein transmembrane transport [GO:0071806]; T cell mediated cytotoxicity [GO:0001913]	calcium ion binding [GO:0005509]; identical protein binding [GO:0042802]; pore-forming activity [GO:0140911]; wide pore channel activity [GO:0022829]	GO:0001771; GO:0001772; GO:0001913; GO:0002357; GO:0002418; GO:0005509; GO:0005576; GO:0005829; GO:0005886; GO:0006915; GO:0006968; GO:0009306; GO:0016020; GO:0017038; GO:0022829; GO:0031640; GO:0031904; GO:0042802; GO:0044194; GO:0051260; GO:0051607; GO:0051712; GO:0071806; GO:0140507; GO:0140911; GO:1904856	cd04032; C2_Perforin; 1.;	2.60.40.150:FF:000216; Perforin-1 precursor; 1.;	2.60.40.150; C2 domain; 1.;	"IPR000008; C2_dom.;""IPR035892; C2_domain_sf."";""IPR020864; MACPF."";""IPR020863; MACPF_CS."";""IPR037300; Perforin-1_C2."";""IPR052784; Perforin-1_pore-forming."";"	"PTHR46096; PERFORIN-1; 1.;""PTHR46096:SF3; PERFORIN-1; 1."";"	"PF00168; C2; 1.;""PF01823; MACPF; 1."";"	"PS50004; C2; 1.;""PS00279; MACPF_1; 1."";""PS51412; MACPF_2; 1."";"	"SM00239; C2; 1.;""SM00457; MACPF; 1."";"	"NP_001076585.1; NM_001083116.3.;""NP_005032.2; NM_005041.4."";"	87.0..239.0	153	555	27..375	43.84	100.00	27.57	['MACPF']	['ECO:0000255|PROSITE-ProRule:PRU00745']	47.0..176.0	130	276							0.497297297	130	0.471014493
WP_066313922.1	GasderMIN	GasderMIN	Aquimarina sp. AD10	GCF_003443715_NZ_CP031965_GasderMIN_2	GCF_003443715.1_NZ_CP031965_04827	GCF_003443715.1_NZ_CP031965_04827	1	202	A0A162CPX3	A0A371D7X5	H2YAV0	Q8N5U0	0.008774	1	0.089	221	176	0	19	212	5	225	0.000001316	136	reviewed	CK042_HUMAN	Uncharacterized protein C11orf42	C11orf42	Homo sapiens (Human)			C11orf42		UP000005640: Chromosome 11		sperm flagellum [GO:0036126]	sperm flagellum [GO:0036126]		GO:0036126				IPR031366; DUF4663.;	"PTHR36872; GENE 5901-RELATED; 1.;""PTHR36872:SF1; GENE 5901-RELATED; 1."";"	PF15668; DUF4663; 1.;			NP_775796.2; NM_173525.3.;	19.0..212.0	194	333							5.0..225.0	221	234							0.702702703	194	0.829059829
WP_066313922.1	GasderMIN	GasderMIN	Aquimarina sp. AD10	GCF_003443715_NZ_CP031965_GasderMIN_2	GCF_003443715.1_NZ_CP031965_04827	GCF_003443715.1_NZ_CP031965_04827	1	202	A0A3A9VJ42	A0A371D7X5	H2YAV0	Q8N5U0	0.008774	1	0.091	230	178	0	23	219	4	233	6.414E-07	145	reviewed	CK042_HUMAN	Uncharacterized protein C11orf42	C11orf42	Homo sapiens (Human)			C11orf42		UP000005640: Chromosome 11		sperm flagellum [GO:0036126]	sperm flagellum [GO:0036126]		GO:0036126				IPR031366; DUF4663.;	"PTHR36872; GENE 5901-RELATED; 1.;""PTHR36872:SF1; GENE 5901-RELATED; 1."";"	PF15668; DUF4663; 1.;			NP_775796.2; NM_173525.3.;	23.0..219.0	197	333							4.0..233.0	230	234							0.702702703	197	0.841880342
WP_122933413.1	GasderMIN	GasderMIN	Runella sp. SP2	GCF_003711225_NZ_CP031030_GasderMIN_1	GCF_003711225.1_NZ_CP031030_05070	GCF_003711225.1_NZ_CP031030_05070	1	202	A0A3G3GXX0	A0A371D7X5	H2YAV0	Q8N5U0	0.008774	1	0.086	221	173	0	23	212	5	225	0.000003977	124	reviewed	CK042_HUMAN	Uncharacterized protein C11orf42	C11orf42	Homo sapiens (Human)			C11orf42		UP000005640: Chromosome 11		sperm flagellum [GO:0036126]	sperm flagellum [GO:0036126]		GO:0036126				IPR031366; DUF4663.;	"PTHR36872; GENE 5901-RELATED; 1.;""PTHR36872:SF1; GENE 5901-RELATED; 1."";"	PF15668; DUF4663; 1.;			NP_775796.2; NM_173525.3.;	23.0..212.0	190	333							5.0..225.0	221	234							0.702702703	190	0.811965812
WP_147583402.1	GasderMIN	GasderMIN	Flavobacterium alkalisoli	GCF_008000935_NZ_CP042831_GasderMIN_2	GCF_008000935.1_NZ_CP042831_02015	GCF_008000935.1_NZ_CP042831_02015	1	202	A0A5B9FUL3	A0A371D7X5	H2YAV0	Q8N5U0	0.008774	1	0.069	221	176	0	23	212	4	224	0.00001268	106	reviewed	CK042_HUMAN	Uncharacterized protein C11orf42	C11orf42	Homo sapiens (Human)			C11orf42		UP000005640: Chromosome 11		sperm flagellum [GO:0036126]	sperm flagellum [GO:0036126]		GO:0036126				IPR031366; DUF4663.;	"PTHR36872; GENE 5901-RELATED; 1.;""PTHR36872:SF1; GENE 5901-RELATED; 1."";"	PF15668; DUF4663; 1.;			NP_775796.2; NM_173525.3.;	23.0..212.0	190	333							4.0..224.0	221	233							0.6996997	190	0.815450644
WP_192185857.1	GasderMIN	GasderMIN	Flavobacterium sp. MDT1-60	GCF_014844035_NZ_CP062159_GasderMIN_3	GCF_014844035.1_NZ_CP062159_04412	GCF_014844035.1_NZ_CP062159_04412	1	202	A0A7L8UDG4	A0A371D7X5	H2YAV0	Q8N5U0	0.008774	1	0.063	227	184	0	21	217	3	229	0.0000428	88	reviewed	CK042_HUMAN	Uncharacterized protein C11orf42	C11orf42	Homo sapiens (Human)			C11orf42		UP000005640: Chromosome 11		sperm flagellum [GO:0036126]	sperm flagellum [GO:0036126]		GO:0036126				IPR031366; DUF4663.;	"PTHR36872; GENE 5901-RELATED; 1.;""PTHR36872:SF1; GENE 5901-RELATED; 1."";"	PF15668; DUF4663; 1.;			NP_775796.2; NM_173525.3.;	21.0..217.0	197	333							3.0..229.0	227	233							0.6996997	197	0.845493562
WP_012023900.1	GasderMIN	GasderMIN	Flavobacterium johnsoniae	GCF_000016645_NC_009441_GasderMIN_4	GCF_000016645.1_NC_009441_01887	GCF_000016645.1_NC_009441_01887	1	202	A5FIW4	A0A371D7X5	H2YAV0	Q8N5U0	0.008774	1	0.083	226	178	0	23	217	4	229	0.00007441	93	reviewed	CK042_HUMAN	Uncharacterized protein C11orf42	C11orf42	Homo sapiens (Human)			C11orf42		UP000005640: Chromosome 11		sperm flagellum [GO:0036126]	sperm flagellum [GO:0036126]		GO:0036126				IPR031366; DUF4663.;	"PTHR36872; GENE 5901-RELATED; 1.;""PTHR36872:SF1; GENE 5901-RELATED; 1."";"	PF15668; DUF4663; 1.;			NP_775796.2; NM_173525.3.;	23.0..217.0	195	333							4.0..229.0	226	233							0.6996997	195	0.836909871
WP_013334731.1	GasderMIN	GasderMIN	Gloeothece verrucosa	GCF_000147335_NC_014533_GasderMIN_1	GCF_000147335.1_NC_014533_00558	GCF_000147335.1_NC_014533_00558	1	202	E0UM01	A0A1W9T3G5	A0A6I4AZW5	E6Y8C6	0.01552	1	0.096	216	174	0	23	238	2	195	0.4617	9	unreviewed	E6Y8C6_HUMAN	Perforin-1 (Cytolysin) (Lymphocyte pore-forming protein)	PRF1	Homo sapiens (Human)			PRF1			killing of cells of another organism [GO:0031640]; leukocyte mediated cytotoxicity [GO:0001909]	extracellular region [GO:0005576]; membrane [GO:0016020]	extracellular region [GO:0005576]; membrane [GO:0016020]; calcium ion binding [GO:0005509]; pore-forming activity [GO:0140911]; killing of cells of another organism [GO:0031640]; leukocyte mediated cytotoxicity [GO:0001909]	calcium ion binding [GO:0005509]; pore-forming activity [GO:0140911]	GO:0001909; GO:0005509; GO:0005576; GO:0016020; GO:0031640; GO:0140911	cd04032; C2_Perforin; 1.;	2.60.40.150:FF:000216; Perforin-1 precursor; 1.;	2.60.40.150; C2 domain; 1.;	"IPR000008; C2_dom.;""IPR035892; C2_domain_sf."";""IPR020864; MACPF."";""IPR020863; MACPF_CS."";""IPR037300; Perforin-1_C2."";""IPR052784; Perforin-1_pore-forming."";"	"PTHR46096; PERFORIN-1; 1.;""PTHR46096:SF3; PERFORIN-1; 1."";"	"PF00168; C2; 1.;""PF01823; MACPF; 1."";"	"PS50004; C2; 1.;""PS00279; MACPF_1; 1."";""PS51412; MACPF_2; 1."";"	"SM00239; C2; 1.;""SM00457; MACPF; 1."";"		23.0..238.0	216	555	27..375	60.74	98.15	38.92	['MACPF']	['ECO:0000259|PROSITE:PS51412']	2.0..195.0	194	318							0.572972973	194	0.610062893
WP_013334731.1	GasderMIN	GasderMIN	Gloeothece verrucosa	GCF_000147335_NC_014533_GasderMIN_1	GCF_000147335.1_NC_014533_00558	GCF_000147335.1_NC_014533_00558	1	202	E0UM01	A0A1W9T3G5	A0A6I4AZW5	P14222	0.01552	1	0.094	218	165	0	21	238	13	195	0.3671	9	reviewed	PERF_HUMAN	Perforin-1 (P1) (Cytolysin) (Lymphocyte pore-forming protein) (PFP)	PRF1 PFP	Homo sapiens (Human)			PRF1	PFP	UP000005640: Chromosome 10	apoptotic process [GO:0006915]; cellular defense response [GO:0006968]; defense response to tumor cell [GO:0002357]; defense response to virus [GO:0051607]; granzyme-mediated programmed cell death signaling pathway [GO:0140507]; immune response to tumor cell [GO:0002418]; immunological synapse formation [GO:0001771]; killing of cells of another organism [GO:0031640]; positive regulation of killing of cells of another organism [GO:0051712]; protein homooligomerization [GO:0051260]; protein import [GO:0017038]; protein secretion [GO:0009306]; protein transmembrane transport [GO:0071806]; T cell mediated cytotoxicity [GO:0001913]	cytolytic granule [GO:0044194]; cytolytic granule lumen [GO:1904856]; cytosol [GO:0005829]; endosome lumen [GO:0031904]; extracellular region [GO:0005576]; immunological synapse [GO:0001772]; membrane [GO:0016020]; plasma membrane [GO:0005886]	cytolytic granule [GO:0044194]; cytolytic granule lumen [GO:1904856]; cytosol [GO:0005829]; endosome lumen [GO:0031904]; extracellular region [GO:0005576]; immunological synapse [GO:0001772]; membrane [GO:0016020]; plasma membrane [GO:0005886]; calcium ion binding [GO:0005509]; identical protein binding [GO:0042802]; pore-forming activity [GO:0140911]; wide pore channel activity [GO:0022829]; apoptotic process [GO:0006915]; cellular defense response [GO:0006968]; defense response to tumor cell [GO:0002357]; defense response to virus [GO:0051607]; granzyme-mediated programmed cell death signaling pathway [GO:0140507]; immune response to tumor cell [GO:0002418]; immunological synapse formation [GO:0001771]; killing of cells of another organism [GO:0031640]; positive regulation of killing of cells of another organism [GO:0051712]; protein homooligomerization [GO:0051260]; protein import [GO:0017038]; protein secretion [GO:0009306]; protein transmembrane transport [GO:0071806]; T cell mediated cytotoxicity [GO:0001913]	calcium ion binding [GO:0005509]; identical protein binding [GO:0042802]; pore-forming activity [GO:0140911]; wide pore channel activity [GO:0022829]	GO:0001771; GO:0001772; GO:0001913; GO:0002357; GO:0002418; GO:0005509; GO:0005576; GO:0005829; GO:0005886; GO:0006915; GO:0006968; GO:0009306; GO:0016020; GO:0017038; GO:0022829; GO:0031640; GO:0031904; GO:0042802; GO:0044194; GO:0051260; GO:0051607; GO:0051712; GO:0071806; GO:0140507; GO:0140911; GO:1904856	cd04032; C2_Perforin; 1.;	2.60.40.150:FF:000216; Perforin-1 precursor; 1.;	2.60.40.150; C2 domain; 1.;	"IPR000008; C2_dom.;""IPR035892; C2_domain_sf."";""IPR020864; MACPF."";""IPR020863; MACPF_CS."";""IPR037300; Perforin-1_C2."";""IPR052784; Perforin-1_pore-forming."";"	"PTHR46096; PERFORIN-1; 1.;""PTHR46096:SF3; PERFORIN-1; 1."";"	"PF00168; C2; 1.;""PF01823; MACPF; 1."";"	"PS50004; C2; 1.;""PS00279; MACPF_1; 1."";""PS51412; MACPF_2; 1."";"	"SM00239; C2; 1.;""SM00457; MACPF; 1."";"	"NP_001076585.1; NM_001083116.3.;""NP_005032.2; NM_005041.4."";"	21.0..238.0	218	555	27..375	60.74	97.25	39.28	['MACPF']	['ECO:0000255|PROSITE-ProRule:PRU00745']	13.0..195.0	183	318							0.572972973	183	0.575471698
WP_014444130.1	GasderMIN	GasderMIN	Actinoplanes missouriensis	GCF_000284295_NC_017093_GasderMIN_1	GCF_000284295.1_NC_017093_04052	GCF_000284295.1_NC_017093_04052	1	202	I0H899	A0A2N2MYY3	H2YAV0	Q8N5U0	0.05634	1	0.131	236	169	0	47	241	28	263	2.286E-08	161	reviewed	CK042_HUMAN	Uncharacterized protein C11orf42	C11orf42	Homo sapiens (Human)			C11orf42		UP000005640: Chromosome 11		sperm flagellum [GO:0036126]	sperm flagellum [GO:0036126]		GO:0036126				IPR031366; DUF4663.;	"PTHR36872; GENE 5901-RELATED; 1.;""PTHR36872:SF1; GENE 5901-RELATED; 1."";"	PF15668; DUF4663; 1.;			NP_775796.2; NM_173525.3.;	47.0..241.0	195	333							28.0..263.0	236	264							0.792792793	195	0.738636364
WP_066313922.1	GasderMIN	GasderMIN	Aquimarina sp. AD10	GCF_003443715_NZ_CP031965_GasderMIN_2	GCF_003443715.1_NZ_CP031965_04827	GCF_003443715.1_NZ_CP031965_04827	1	202	A0A162CPX3	A0A371D7X5	A0A6I4AZW5	E6Y8C6	0.09995	1	0.086	153	116	0	85	237	37	164	0.01043	24	unreviewed	E6Y8C6_HUMAN	Perforin-1 (Cytolysin) (Lymphocyte pore-forming protein)	PRF1	Homo sapiens (Human)			PRF1			killing of cells of another organism [GO:0031640]; leukocyte mediated cytotoxicity [GO:0001909]	extracellular region [GO:0005576]; membrane [GO:0016020]	extracellular region [GO:0005576]; membrane [GO:0016020]; calcium ion binding [GO:0005509]; pore-forming activity [GO:0140911]; killing of cells of another organism [GO:0031640]; leukocyte mediated cytotoxicity [GO:0001909]	calcium ion binding [GO:0005509]; pore-forming activity [GO:0140911]	GO:0001909; GO:0005509; GO:0005576; GO:0016020; GO:0031640; GO:0140911	cd04032; C2_Perforin; 1.;	2.60.40.150:FF:000216; Perforin-1 precursor; 1.;	2.60.40.150; C2 domain; 1.;	"IPR000008; C2_dom.;""IPR035892; C2_domain_sf."";""IPR020864; MACPF."";""IPR020863; MACPF_CS."";""IPR037300; Perforin-1_C2."";""IPR052784; Perforin-1_pore-forming."";"	"PTHR46096; PERFORIN-1; 1.;""PTHR46096:SF3; PERFORIN-1; 1."";"	"PF00168; C2; 1.;""PF01823; MACPF; 1."";"	"PS50004; C2; 1.;""PS00279; MACPF_1; 1."";""PS51412; MACPF_2; 1."";"	"SM00239; C2; 1.;""SM00457; MACPF; 1."";"		85.0..237.0	153	555	27..375	43.84	100.00	27.57	['MACPF']	['ECO:0000259|PROSITE:PS51412']	37.0..164.0	128	234							0.421621622	128	0.547008547
WP_066313922.1	GasderMIN	GasderMIN	Aquimarina sp. AD10	GCF_003443715_NZ_CP031965_GasderMIN_2	GCF_003443715.1_NZ_CP031965_04827	GCF_003443715.1_NZ_CP031965_04827	1	202	A0A162CPX3	A0A371D7X5	A0A6I4AZW5	P14222	0.09995	1	0.083	153	116	0	85	237	37	164	0.03676	21	reviewed	PERF_HUMAN	Perforin-1 (P1) (Cytolysin) (Lymphocyte pore-forming protein) (PFP)	PRF1 PFP	Homo sapiens (Human)			PRF1	PFP	UP000005640: Chromosome 10	apoptotic process [GO:0006915]; cellular defense response [GO:0006968]; defense response to tumor cell [GO:0002357]; defense response to virus [GO:0051607]; granzyme-mediated programmed cell death signaling pathway [GO:0140507]; immune response to tumor cell [GO:0002418]; immunological synapse formation [GO:0001771]; killing of cells of another organism [GO:0031640]; positive regulation of killing of cells of another organism [GO:0051712]; protein homooligomerization [GO:0051260]; protein import [GO:0017038]; protein secretion [GO:0009306]; protein transmembrane transport [GO:0071806]; T cell mediated cytotoxicity [GO:0001913]	cytolytic granule [GO:0044194]; cytolytic granule lumen [GO:1904856]; cytosol [GO:0005829]; endosome lumen [GO:0031904]; extracellular region [GO:0005576]; immunological synapse [GO:0001772]; membrane [GO:0016020]; plasma membrane [GO:0005886]	cytolytic granule [GO:0044194]; cytolytic granule lumen [GO:1904856]; cytosol [GO:0005829]; endosome lumen [GO:0031904]; extracellular region [GO:0005576]; immunological synapse [GO:0001772]; membrane [GO:0016020]; plasma membrane [GO:0005886]; calcium ion binding [GO:0005509]; identical protein binding [GO:0042802]; pore-forming activity [GO:0140911]; wide pore channel activity [GO:0022829]; apoptotic process [GO:0006915]; cellular defense response [GO:0006968]; defense response to tumor cell [GO:0002357]; defense response to virus [GO:0051607]; granzyme-mediated programmed cell death signaling pathway [GO:0140507]; immune response to tumor cell [GO:0002418]; immunological synapse formation [GO:0001771]; killing of cells of another organism [GO:0031640]; positive regulation of killing of cells of another organism [GO:0051712]; protein homooligomerization [GO:0051260]; protein import [GO:0017038]; protein secretion [GO:0009306]; protein transmembrane transport [GO:0071806]; T cell mediated cytotoxicity [GO:0001913]	calcium ion binding [GO:0005509]; identical protein binding [GO:0042802]; pore-forming activity [GO:0140911]; wide pore channel activity [GO:0022829]	GO:0001771; GO:0001772; GO:0001913; GO:0002357; GO:0002418; GO:0005509; GO:0005576; GO:0005829; GO:0005886; GO:0006915; GO:0006968; GO:0009306; GO:0016020; GO:0017038; GO:0022829; GO:0031640; GO:0031904; GO:0042802; GO:0044194; GO:0051260; GO:0051607; GO:0051712; GO:0071806; GO:0140507; GO:0140911; GO:1904856	cd04032; C2_Perforin; 1.;	2.60.40.150:FF:000216; Perforin-1 precursor; 1.;	2.60.40.150; C2 domain; 1.;	"IPR000008; C2_dom.;""IPR035892; C2_domain_sf."";""IPR020864; MACPF."";""IPR020863; MACPF_CS."";""IPR037300; Perforin-1_C2."";""IPR052784; Perforin-1_pore-forming."";"	"PTHR46096; PERFORIN-1; 1.;""PTHR46096:SF3; PERFORIN-1; 1."";"	"PF00168; C2; 1.;""PF01823; MACPF; 1."";"	"PS50004; C2; 1.;""PS00279; MACPF_1; 1."";""PS51412; MACPF_2; 1."";"	"SM00239; C2; 1.;""SM00457; MACPF; 1."";"	"NP_001076585.1; NM_001083116.3.;""NP_005032.2; NM_005041.4."";"	85.0..237.0	153	555	27..375	43.84	100.00	27.57	['MACPF']	['ECO:0000255|PROSITE-ProRule:PRU00745']	37.0..164.0	128	234							0.421621622	128	0.547008547
WP_066313922.1	GasderMIN	GasderMIN	Aquimarina sp. AD10	GCF_003443715_NZ_CP031965_GasderMIN_2	GCF_003443715.1_NZ_CP031965_04827	GCF_003443715.1_NZ_CP031965_04827	1	202	A0A3A9VJ42	A0A371D7X5	A0A6I4AZW5	E6Y8C6	0.09995	1	0.088	153	116	0	85	237	37	164	0.05888	17	unreviewed	E6Y8C6_HUMAN	Perforin-1 (Cytolysin) (Lymphocyte pore-forming protein)	PRF1	Homo sapiens (Human)			PRF1			killing of cells of another organism [GO:0031640]; leukocyte mediated cytotoxicity [GO:0001909]	extracellular region [GO:0005576]; membrane [GO:0016020]	extracellular region [GO:0005576]; membrane [GO:0016020]; calcium ion binding [GO:0005509]; pore-forming activity [GO:0140911]; killing of cells of another organism [GO:0031640]; leukocyte mediated cytotoxicity [GO:0001909]	calcium ion binding [GO:0005509]; pore-forming activity [GO:0140911]	GO:0001909; GO:0005509; GO:0005576; GO:0016020; GO:0031640; GO:0140911	cd04032; C2_Perforin; 1.;	2.60.40.150:FF:000216; Perforin-1 precursor; 1.;	2.60.40.150; C2 domain; 1.;	"IPR000008; C2_dom.;""IPR035892; C2_domain_sf."";""IPR020864; MACPF."";""IPR020863; MACPF_CS."";""IPR037300; Perforin-1_C2."";""IPR052784; Perforin-1_pore-forming."";"	"PTHR46096; PERFORIN-1; 1.;""PTHR46096:SF3; PERFORIN-1; 1."";"	"PF00168; C2; 1.;""PF01823; MACPF; 1."";"	"PS50004; C2; 1.;""PS00279; MACPF_1; 1."";""PS51412; MACPF_2; 1."";"	"SM00239; C2; 1.;""SM00457; MACPF; 1."";"		85.0..237.0	153	555	27..375	43.84	100.00	27.57	['MACPF']	['ECO:0000259|PROSITE:PS51412']	37.0..164.0	128	234							0.421621622	128	0.547008547
WP_066313922.1	GasderMIN	GasderMIN	Aquimarina sp. AD10	GCF_003443715_NZ_CP031965_GasderMIN_2	GCF_003443715.1_NZ_CP031965_04827	GCF_003443715.1_NZ_CP031965_04827	1	202	A0A3A9VJ42	A0A371D7X5	A0A6I4AZW5	P14222	0.09995	1	0.082	153	117	0	85	237	37	164	0.169	16	reviewed	PERF_HUMAN	Perforin-1 (P1) (Cytolysin) (Lymphocyte pore-forming protein) (PFP)	PRF1 PFP	Homo sapiens (Human)			PRF1	PFP	UP000005640: Chromosome 10	apoptotic process [GO:0006915]; cellular defense response [GO:0006968]; defense response to tumor cell [GO:0002357]; defense response to virus [GO:0051607]; granzyme-mediated programmed cell death signaling pathway [GO:0140507]; immune response to tumor cell [GO:0002418]; immunological synapse formation [GO:0001771]; killing of cells of another organism [GO:0031640]; positive regulation of killing of cells of another organism [GO:0051712]; protein homooligomerization [GO:0051260]; protein import [GO:0017038]; protein secretion [GO:0009306]; protein transmembrane transport [GO:0071806]; T cell mediated cytotoxicity [GO:0001913]	cytolytic granule [GO:0044194]; cytolytic granule lumen [GO:1904856]; cytosol [GO:0005829]; endosome lumen [GO:0031904]; extracellular region [GO:0005576]; immunological synapse [GO:0001772]; membrane [GO:0016020]; plasma membrane [GO:0005886]	cytolytic granule [GO:0044194]; cytolytic granule lumen [GO:1904856]; cytosol [GO:0005829]; endosome lumen [GO:0031904]; extracellular region [GO:0005576]; immunological synapse [GO:0001772]; membrane [GO:0016020]; plasma membrane [GO:0005886]; calcium ion binding [GO:0005509]; identical protein binding [GO:0042802]; pore-forming activity [GO:0140911]; wide pore channel activity [GO:0022829]; apoptotic process [GO:0006915]; cellular defense response [GO:0006968]; defense response to tumor cell [GO:0002357]; defense response to virus [GO:0051607]; granzyme-mediated programmed cell death signaling pathway [GO:0140507]; immune response to tumor cell [GO:0002418]; immunological synapse formation [GO:0001771]; killing of cells of another organism [GO:0031640]; positive regulation of killing of cells of another organism [GO:0051712]; protein homooligomerization [GO:0051260]; protein import [GO:0017038]; protein secretion [GO:0009306]; protein transmembrane transport [GO:0071806]; T cell mediated cytotoxicity [GO:0001913]	calcium ion binding [GO:0005509]; identical protein binding [GO:0042802]; pore-forming activity [GO:0140911]; wide pore channel activity [GO:0022829]	GO:0001771; GO:0001772; GO:0001913; GO:0002357; GO:0002418; GO:0005509; GO:0005576; GO:0005829; GO:0005886; GO:0006915; GO:0006968; GO:0009306; GO:0016020; GO:0017038; GO:0022829; GO:0031640; GO:0031904; GO:0042802; GO:0044194; GO:0051260; GO:0051607; GO:0051712; GO:0071806; GO:0140507; GO:0140911; GO:1904856	cd04032; C2_Perforin; 1.;	2.60.40.150:FF:000216; Perforin-1 precursor; 1.;	2.60.40.150; C2 domain; 1.;	"IPR000008; C2_dom.;""IPR035892; C2_domain_sf."";""IPR020864; MACPF."";""IPR020863; MACPF_CS."";""IPR037300; Perforin-1_C2."";""IPR052784; Perforin-1_pore-forming."";"	"PTHR46096; PERFORIN-1; 1.;""PTHR46096:SF3; PERFORIN-1; 1."";"	"PF00168; C2; 1.;""PF01823; MACPF; 1."";"	"PS50004; C2; 1.;""PS00279; MACPF_1; 1."";""PS51412; MACPF_2; 1."";"	"SM00239; C2; 1.;""SM00457; MACPF; 1."";"	"NP_001076585.1; NM_001083116.3.;""NP_005032.2; NM_005041.4."";"	85.0..237.0	153	555	27..375	43.84	100.00	27.57	['MACPF']	['ECO:0000255|PROSITE-ProRule:PRU00745']	37.0..164.0	128	234							0.421621622	128	0.547008547
WP_122933413.1	GasderMIN	GasderMIN	Runella sp. SP2	GCF_003711225_NZ_CP031030_GasderMIN_1	GCF_003711225.1_NZ_CP031030_05070	GCF_003711225.1_NZ_CP031030_05070	1	202	A0A3G3GXX0	A0A371D7X5	A0A6I4AZW5	E6Y8C6	0.09995	1	0.07	154	119	0	85	238	37	165	0.1177	10	unreviewed	E6Y8C6_HUMAN	Perforin-1 (Cytolysin) (Lymphocyte pore-forming protein)	PRF1	Homo sapiens (Human)			PRF1			killing of cells of another organism [GO:0031640]; leukocyte mediated cytotoxicity [GO:0001909]	extracellular region [GO:0005576]; membrane [GO:0016020]	extracellular region [GO:0005576]; membrane [GO:0016020]; calcium ion binding [GO:0005509]; pore-forming activity [GO:0140911]; killing of cells of another organism [GO:0031640]; leukocyte mediated cytotoxicity [GO:0001909]	calcium ion binding [GO:0005509]; pore-forming activity [GO:0140911]	GO:0001909; GO:0005509; GO:0005576; GO:0016020; GO:0031640; GO:0140911	cd04032; C2_Perforin; 1.;	2.60.40.150:FF:000216; Perforin-1 precursor; 1.;	2.60.40.150; C2 domain; 1.;	"IPR000008; C2_dom.;""IPR035892; C2_domain_sf."";""IPR020864; MACPF."";""IPR020863; MACPF_CS."";""IPR037300; Perforin-1_C2."";""IPR052784; Perforin-1_pore-forming."";"	"PTHR46096; PERFORIN-1; 1.;""PTHR46096:SF3; PERFORIN-1; 1."";"	"PF00168; C2; 1.;""PF01823; MACPF; 1."";"	"PS50004; C2; 1.;""PS00279; MACPF_1; 1."";""PS51412; MACPF_2; 1."";"	"SM00239; C2; 1.;""SM00457; MACPF; 1."";"		85.0..238.0	154	555	27..375	44.13	100.00	27.75	['MACPF']	['ECO:0000259|PROSITE:PS51412']	37.0..165.0	129	234							0.421621622	129	0.551282051
WP_122933413.1	GasderMIN	GasderMIN	Runella sp. SP2	GCF_003711225_NZ_CP031030_GasderMIN_1	GCF_003711225.1_NZ_CP031030_05070	GCF_003711225.1_NZ_CP031030_05070	1	202	A0A3G3GXX0	A0A371D7X5	A0A6I4AZW5	P14222	0.09995	1	0.097	154	116	0	85	238	37	165	0.3521	6	reviewed	PERF_HUMAN	Perforin-1 (P1) (Cytolysin) (Lymphocyte pore-forming protein) (PFP)	PRF1 PFP	Homo sapiens (Human)			PRF1	PFP	UP000005640: Chromosome 10	apoptotic process [GO:0006915]; cellular defense response [GO:0006968]; defense response to tumor cell [GO:0002357]; defense response to virus [GO:0051607]; granzyme-mediated programmed cell death signaling pathway [GO:0140507]; immune response to tumor cell [GO:0002418]; immunological synapse formation [GO:0001771]; killing of cells of another organism [GO:0031640]; positive regulation of killing of cells of another organism [GO:0051712]; protein homooligomerization [GO:0051260]; protein import [GO:0017038]; protein secretion [GO:0009306]; protein transmembrane transport [GO:0071806]; T cell mediated cytotoxicity [GO:0001913]	cytolytic granule [GO:0044194]; cytolytic granule lumen [GO:1904856]; cytosol [GO:0005829]; endosome lumen [GO:0031904]; extracellular region [GO:0005576]; immunological synapse [GO:0001772]; membrane [GO:0016020]; plasma membrane [GO:0005886]	cytolytic granule [GO:0044194]; cytolytic granule lumen [GO:1904856]; cytosol [GO:0005829]; endosome lumen [GO:0031904]; extracellular region [GO:0005576]; immunological synapse [GO:0001772]; membrane [GO:0016020]; plasma membrane [GO:0005886]; calcium ion binding [GO:0005509]; identical protein binding [GO:0042802]; pore-forming activity [GO:0140911]; wide pore channel activity [GO:0022829]; apoptotic process [GO:0006915]; cellular defense response [GO:0006968]; defense response to tumor cell [GO:0002357]; defense response to virus [GO:0051607]; granzyme-mediated programmed cell death signaling pathway [GO:0140507]; immune response to tumor cell [GO:0002418]; immunological synapse formation [GO:0001771]; killing of cells of another organism [GO:0031640]; positive regulation of killing of cells of another organism [GO:0051712]; protein homooligomerization [GO:0051260]; protein import [GO:0017038]; protein secretion [GO:0009306]; protein transmembrane transport [GO:0071806]; T cell mediated cytotoxicity [GO:0001913]	calcium ion binding [GO:0005509]; identical protein binding [GO:0042802]; pore-forming activity [GO:0140911]; wide pore channel activity [GO:0022829]	GO:0001771; GO:0001772; GO:0001913; GO:0002357; GO:0002418; GO:0005509; GO:0005576; GO:0005829; GO:0005886; GO:0006915; GO:0006968; GO:0009306; GO:0016020; GO:0017038; GO:0022829; GO:0031640; GO:0031904; GO:0042802; GO:0044194; GO:0051260; GO:0051607; GO:0051712; GO:0071806; GO:0140507; GO:0140911; GO:1904856	cd04032; C2_Perforin; 1.;	2.60.40.150:FF:000216; Perforin-1 precursor; 1.;	2.60.40.150; C2 domain; 1.;	"IPR000008; C2_dom.;""IPR035892; C2_domain_sf."";""IPR020864; MACPF."";""IPR020863; MACPF_CS."";""IPR037300; Perforin-1_C2."";""IPR052784; Perforin-1_pore-forming."";"	"PTHR46096; PERFORIN-1; 1.;""PTHR46096:SF3; PERFORIN-1; 1."";"	"PF00168; C2; 1.;""PF01823; MACPF; 1."";"	"PS50004; C2; 1.;""PS00279; MACPF_1; 1."";""PS51412; MACPF_2; 1."";"	"SM00239; C2; 1.;""SM00457; MACPF; 1."";"	"NP_001076585.1; NM_001083116.3.;""NP_005032.2; NM_005041.4."";"	85.0..238.0	154	555	27..375	44.13	100.00	27.75	['MACPF']	['ECO:0000255|PROSITE-ProRule:PRU00745']	37.0..165.0	129	234							0.421621622	129	0.551282051
WP_147583402.1	GasderMIN	GasderMIN	Flavobacterium alkalisoli	GCF_008000935_NZ_CP042831_GasderMIN_2	GCF_008000935.1_NZ_CP042831_02015	GCF_008000935.1_NZ_CP042831_02015	1	202	A0A5B9FUL3	A0A371D7X5	A0A6I4AZW5	E6Y8C6	0.09995	1	0.073	153	118	0	85	237	36	163	0.02622	16	unreviewed	E6Y8C6_HUMAN	Perforin-1 (Cytolysin) (Lymphocyte pore-forming protein)	PRF1	Homo sapiens (Human)			PRF1			killing of cells of another organism [GO:0031640]; leukocyte mediated cytotoxicity [GO:0001909]	extracellular region [GO:0005576]; membrane [GO:0016020]	extracellular region [GO:0005576]; membrane [GO:0016020]; calcium ion binding [GO:0005509]; pore-forming activity [GO:0140911]; killing of cells of another organism [GO:0031640]; leukocyte mediated cytotoxicity [GO:0001909]	calcium ion binding [GO:0005509]; pore-forming activity [GO:0140911]	GO:0001909; GO:0005509; GO:0005576; GO:0016020; GO:0031640; GO:0140911	cd04032; C2_Perforin; 1.;	2.60.40.150:FF:000216; Perforin-1 precursor; 1.;	2.60.40.150; C2 domain; 1.;	"IPR000008; C2_dom.;""IPR035892; C2_domain_sf."";""IPR020864; MACPF."";""IPR020863; MACPF_CS."";""IPR037300; Perforin-1_C2."";""IPR052784; Perforin-1_pore-forming."";"	"PTHR46096; PERFORIN-1; 1.;""PTHR46096:SF3; PERFORIN-1; 1."";"	"PF00168; C2; 1.;""PF01823; MACPF; 1."";"	"PS50004; C2; 1.;""PS00279; MACPF_1; 1."";""PS51412; MACPF_2; 1."";"	"SM00239; C2; 1.;""SM00457; MACPF; 1."";"		85.0..237.0	153	555	27..375	43.84	100.00	27.57	['MACPF']	['ECO:0000259|PROSITE:PS51412']	36.0..163.0	128	233							0.41981982	128	0.549356223
WP_147583402.1	GasderMIN	GasderMIN	Flavobacterium alkalisoli	GCF_008000935_NZ_CP042831_GasderMIN_2	GCF_008000935.1_NZ_CP042831_02015	GCF_008000935.1_NZ_CP042831_02015	1	202	A0A5B9FUL3	A0A371D7X5	A0A6I4AZW5	P14222	0.09995	1	0.064	153	119	0	85	237	36	163	0.09591	18	reviewed	PERF_HUMAN	Perforin-1 (P1) (Cytolysin) (Lymphocyte pore-forming protein) (PFP)	PRF1 PFP	Homo sapiens (Human)			PRF1	PFP	UP000005640: Chromosome 10	apoptotic process [GO:0006915]; cellular defense response [GO:0006968]; defense response to tumor cell [GO:0002357]; defense response to virus [GO:0051607]; granzyme-mediated programmed cell death signaling pathway [GO:0140507]; immune response to tumor cell [GO:0002418]; immunological synapse formation [GO:0001771]; killing of cells of another organism [GO:0031640]; positive regulation of killing of cells of another organism [GO:0051712]; protein homooligomerization [GO:0051260]; protein import [GO:0017038]; protein secretion [GO:0009306]; protein transmembrane transport [GO:0071806]; T cell mediated cytotoxicity [GO:0001913]	cytolytic granule [GO:0044194]; cytolytic granule lumen [GO:1904856]; cytosol [GO:0005829]; endosome lumen [GO:0031904]; extracellular region [GO:0005576]; immunological synapse [GO:0001772]; membrane [GO:0016020]; plasma membrane [GO:0005886]	cytolytic granule [GO:0044194]; cytolytic granule lumen [GO:1904856]; cytosol [GO:0005829]; endosome lumen [GO:0031904]; extracellular region [GO:0005576]; immunological synapse [GO:0001772]; membrane [GO:0016020]; plasma membrane [GO:0005886]; calcium ion binding [GO:0005509]; identical protein binding [GO:0042802]; pore-forming activity [GO:0140911]; wide pore channel activity [GO:0022829]; apoptotic process [GO:0006915]; cellular defense response [GO:0006968]; defense response to tumor cell [GO:0002357]; defense response to virus [GO:0051607]; granzyme-mediated programmed cell death signaling pathway [GO:0140507]; immune response to tumor cell [GO:0002418]; immunological synapse formation [GO:0001771]; killing of cells of another organism [GO:0031640]; positive regulation of killing of cells of another organism [GO:0051712]; protein homooligomerization [GO:0051260]; protein import [GO:0017038]; protein secretion [GO:0009306]; protein transmembrane transport [GO:0071806]; T cell mediated cytotoxicity [GO:0001913]	calcium ion binding [GO:0005509]; identical protein binding [GO:0042802]; pore-forming activity [GO:0140911]; wide pore channel activity [GO:0022829]	GO:0001771; GO:0001772; GO:0001913; GO:0002357; GO:0002418; GO:0005509; GO:0005576; GO:0005829; GO:0005886; GO:0006915; GO:0006968; GO:0009306; GO:0016020; GO:0017038; GO:0022829; GO:0031640; GO:0031904; GO:0042802; GO:0044194; GO:0051260; GO:0051607; GO:0051712; GO:0071806; GO:0140507; GO:0140911; GO:1904856	cd04032; C2_Perforin; 1.;	2.60.40.150:FF:000216; Perforin-1 precursor; 1.;	2.60.40.150; C2 domain; 1.;	"IPR000008; C2_dom.;""IPR035892; C2_domain_sf."";""IPR020864; MACPF."";""IPR020863; MACPF_CS."";""IPR037300; Perforin-1_C2."";""IPR052784; Perforin-1_pore-forming."";"	"PTHR46096; PERFORIN-1; 1.;""PTHR46096:SF3; PERFORIN-1; 1."";"	"PF00168; C2; 1.;""PF01823; MACPF; 1."";"	"PS50004; C2; 1.;""PS00279; MACPF_1; 1."";""PS51412; MACPF_2; 1."";"	"SM00239; C2; 1.;""SM00457; MACPF; 1."";"	"NP_001076585.1; NM_001083116.3.;""NP_005032.2; NM_005041.4."";"	85.0..237.0	153	555	27..375	43.84	100.00	27.57	['MACPF']	['ECO:0000255|PROSITE-ProRule:PRU00745']	36.0..163.0	128	233							0.41981982	128	0.549356223
WP_192185857.1	GasderMIN	GasderMIN	Flavobacterium sp. MDT1-60	GCF_014844035_NZ_CP062159_GasderMIN_3	GCF_014844035.1_NZ_CP062159_04412	GCF_014844035.1_NZ_CP062159_04412	1	202	A0A7L8UDG4	A0A371D7X5	A0A6I4AZW5	E6Y8C6	0.09995	1	0.078	153	117	0	85	237	36	163	0.1175	9	unreviewed	E6Y8C6_HUMAN	Perforin-1 (Cytolysin) (Lymphocyte pore-forming protein)	PRF1	Homo sapiens (Human)			PRF1			killing of cells of another organism [GO:0031640]; leukocyte mediated cytotoxicity [GO:0001909]	extracellular region [GO:0005576]; membrane [GO:0016020]	extracellular region [GO:0005576]; membrane [GO:0016020]; calcium ion binding [GO:0005509]; pore-forming activity [GO:0140911]; killing of cells of another organism [GO:0031640]; leukocyte mediated cytotoxicity [GO:0001909]	calcium ion binding [GO:0005509]; pore-forming activity [GO:0140911]	GO:0001909; GO:0005509; GO:0005576; GO:0016020; GO:0031640; GO:0140911	cd04032; C2_Perforin; 1.;	2.60.40.150:FF:000216; Perforin-1 precursor; 1.;	2.60.40.150; C2 domain; 1.;	"IPR000008; C2_dom.;""IPR035892; C2_domain_sf."";""IPR020864; MACPF."";""IPR020863; MACPF_CS."";""IPR037300; Perforin-1_C2."";""IPR052784; Perforin-1_pore-forming."";"	"PTHR46096; PERFORIN-1; 1.;""PTHR46096:SF3; PERFORIN-1; 1."";"	"PF00168; C2; 1.;""PF01823; MACPF; 1."";"	"PS50004; C2; 1.;""PS00279; MACPF_1; 1."";""PS51412; MACPF_2; 1."";"	"SM00239; C2; 1.;""SM00457; MACPF; 1."";"		85.0..237.0	153	555	27..375	43.84	100.00	27.57	['MACPF']	['ECO:0000259|PROSITE:PS51412']	36.0..163.0	128	233							0.41981982	128	0.549356223
WP_192185857.1	GasderMIN	GasderMIN	Flavobacterium sp. MDT1-60	GCF_014844035_NZ_CP062159_GasderMIN_3	GCF_014844035.1_NZ_CP062159_04412	GCF_014844035.1_NZ_CP062159_04412	1	202	A0A7L8UDG4	A0A371D7X5	A0A6I4AZW5	P14222	0.09995	1	0.076	153	117	0	85	237	36	163	0.2115	8	reviewed	PERF_HUMAN	Perforin-1 (P1) (Cytolysin) (Lymphocyte pore-forming protein) (PFP)	PRF1 PFP	Homo sapiens (Human)			PRF1	PFP	UP000005640: Chromosome 10	apoptotic process [GO:0006915]; cellular defense response [GO:0006968]; defense response to tumor cell [GO:0002357]; defense response to virus [GO:0051607]; granzyme-mediated programmed cell death signaling pathway [GO:0140507]; immune response to tumor cell [GO:0002418]; immunological synapse formation [GO:0001771]; killing of cells of another organism [GO:0031640]; positive regulation of killing of cells of another organism [GO:0051712]; protein homooligomerization [GO:0051260]; protein import [GO:0017038]; protein secretion [GO:0009306]; protein transmembrane transport [GO:0071806]; T cell mediated cytotoxicity [GO:0001913]	cytolytic granule [GO:0044194]; cytolytic granule lumen [GO:1904856]; cytosol [GO:0005829]; endosome lumen [GO:0031904]; extracellular region [GO:0005576]; immunological synapse [GO:0001772]; membrane [GO:0016020]; plasma membrane [GO:0005886]	cytolytic granule [GO:0044194]; cytolytic granule lumen [GO:1904856]; cytosol [GO:0005829]; endosome lumen [GO:0031904]; extracellular region [GO:0005576]; immunological synapse [GO:0001772]; membrane [GO:0016020]; plasma membrane [GO:0005886]; calcium ion binding [GO:0005509]; identical protein binding [GO:0042802]; pore-forming activity [GO:0140911]; wide pore channel activity [GO:0022829]; apoptotic process [GO:0006915]; cellular defense response [GO:0006968]; defense response to tumor cell [GO:0002357]; defense response to virus [GO:0051607]; granzyme-mediated programmed cell death signaling pathway [GO:0140507]; immune response to tumor cell [GO:0002418]; immunological synapse formation [GO:0001771]; killing of cells of another organism [GO:0031640]; positive regulation of killing of cells of another organism [GO:0051712]; protein homooligomerization [GO:0051260]; protein import [GO:0017038]; protein secretion [GO:0009306]; protein transmembrane transport [GO:0071806]; T cell mediated cytotoxicity [GO:0001913]	calcium ion binding [GO:0005509]; identical protein binding [GO:0042802]; pore-forming activity [GO:0140911]; wide pore channel activity [GO:0022829]	GO:0001771; GO:0001772; GO:0001913; GO:0002357; GO:0002418; GO:0005509; GO:0005576; GO:0005829; GO:0005886; GO:0006915; GO:0006968; GO:0009306; GO:0016020; GO:0017038; GO:0022829; GO:0031640; GO:0031904; GO:0042802; GO:0044194; GO:0051260; GO:0051607; GO:0051712; GO:0071806; GO:0140507; GO:0140911; GO:1904856	cd04032; C2_Perforin; 1.;	2.60.40.150:FF:000216; Perforin-1 precursor; 1.;	2.60.40.150; C2 domain; 1.;	"IPR000008; C2_dom.;""IPR035892; C2_domain_sf."";""IPR020864; MACPF."";""IPR020863; MACPF_CS."";""IPR037300; Perforin-1_C2."";""IPR052784; Perforin-1_pore-forming."";"	"PTHR46096; PERFORIN-1; 1.;""PTHR46096:SF3; PERFORIN-1; 1."";"	"PF00168; C2; 1.;""PF01823; MACPF; 1."";"	"PS50004; C2; 1.;""PS00279; MACPF_1; 1."";""PS51412; MACPF_2; 1."";"	"SM00239; C2; 1.;""SM00457; MACPF; 1."";"	"NP_001076585.1; NM_001083116.3.;""NP_005032.2; NM_005041.4."";"	85.0..237.0	153	555	27..375	43.84	100.00	27.57	['MACPF']	['ECO:0000255|PROSITE-ProRule:PRU00745']	36.0..163.0	128	233							0.41981982	128	0.549356223
WP_012023900.1	GasderMIN	GasderMIN	Flavobacterium johnsoniae	GCF_000016645_NC_009441_GasderMIN_4	GCF_000016645.1_NC_009441_01887	GCF_000016645.1_NC_009441_01887	1	202	A5FIW4	A0A371D7X5	A0A6I4AZW5	E6Y8C6	0.09995	1	0.069	153	118	0	85	237	36	163	0.04407	18	unreviewed	E6Y8C6_HUMAN	Perforin-1 (Cytolysin) (Lymphocyte pore-forming protein)	PRF1	Homo sapiens (Human)			PRF1			killing of cells of another organism [GO:0031640]; leukocyte mediated cytotoxicity [GO:0001909]	extracellular region [GO:0005576]; membrane [GO:0016020]	extracellular region [GO:0005576]; membrane [GO:0016020]; calcium ion binding [GO:0005509]; pore-forming activity [GO:0140911]; killing of cells of another organism [GO:0031640]; leukocyte mediated cytotoxicity [GO:0001909]	calcium ion binding [GO:0005509]; pore-forming activity [GO:0140911]	GO:0001909; GO:0005509; GO:0005576; GO:0016020; GO:0031640; GO:0140911	cd04032; C2_Perforin; 1.;	2.60.40.150:FF:000216; Perforin-1 precursor; 1.;	2.60.40.150; C2 domain; 1.;	"IPR000008; C2_dom.;""IPR035892; C2_domain_sf."";""IPR020864; MACPF."";""IPR020863; MACPF_CS."";""IPR037300; Perforin-1_C2."";""IPR052784; Perforin-1_pore-forming."";"	"PTHR46096; PERFORIN-1; 1.;""PTHR46096:SF3; PERFORIN-1; 1."";"	"PF00168; C2; 1.;""PF01823; MACPF; 1."";"	"PS50004; C2; 1.;""PS00279; MACPF_1; 1."";""PS51412; MACPF_2; 1."";"	"SM00239; C2; 1.;""SM00457; MACPF; 1."";"		85.0..237.0	153	555	27..375	43.84	100.00	27.57	['MACPF']	['ECO:0000259|PROSITE:PS51412']	36.0..163.0	128	233							0.41981982	128	0.549356223
WP_012023900.1	GasderMIN	GasderMIN	Flavobacterium johnsoniae	GCF_000016645_NC_009441_GasderMIN_4	GCF_000016645.1_NC_009441_01887	GCF_000016645.1_NC_009441_01887	1	202	A5FIW4	A0A371D7X5	A0A6I4AZW5	P14222	0.09995	1	0.08	153	117	0	85	237	36	163	0.03279	19	reviewed	PERF_HUMAN	Perforin-1 (P1) (Cytolysin) (Lymphocyte pore-forming protein) (PFP)	PRF1 PFP	Homo sapiens (Human)			PRF1	PFP	UP000005640: Chromosome 10	apoptotic process [GO:0006915]; cellular defense response [GO:0006968]; defense response to tumor cell [GO:0002357]; defense response to virus [GO:0051607]; granzyme-mediated programmed cell death signaling pathway [GO:0140507]; immune response to tumor cell [GO:0002418]; immunological synapse formation [GO:0001771]; killing of cells of another organism [GO:0031640]; positive regulation of killing of cells of another organism [GO:0051712]; protein homooligomerization [GO:0051260]; protein import [GO:0017038]; protein secretion [GO:0009306]; protein transmembrane transport [GO:0071806]; T cell mediated cytotoxicity [GO:0001913]	cytolytic granule [GO:0044194]; cytolytic granule lumen [GO:1904856]; cytosol [GO:0005829]; endosome lumen [GO:0031904]; extracellular region [GO:0005576]; immunological synapse [GO:0001772]; membrane [GO:0016020]; plasma membrane [GO:0005886]	cytolytic granule [GO:0044194]; cytolytic granule lumen [GO:1904856]; cytosol [GO:0005829]; endosome lumen [GO:0031904]; extracellular region [GO:0005576]; immunological synapse [GO:0001772]; membrane [GO:0016020]; plasma membrane [GO:0005886]; calcium ion binding [GO:0005509]; identical protein binding [GO:0042802]; pore-forming activity [GO:0140911]; wide pore channel activity [GO:0022829]; apoptotic process [GO:0006915]; cellular defense response [GO:0006968]; defense response to tumor cell [GO:0002357]; defense response to virus [GO:0051607]; granzyme-mediated programmed cell death signaling pathway [GO:0140507]; immune response to tumor cell [GO:0002418]; immunological synapse formation [GO:0001771]; killing of cells of another organism [GO:0031640]; positive regulation of killing of cells of another organism [GO:0051712]; protein homooligomerization [GO:0051260]; protein import [GO:0017038]; protein secretion [GO:0009306]; protein transmembrane transport [GO:0071806]; T cell mediated cytotoxicity [GO:0001913]	calcium ion binding [GO:0005509]; identical protein binding [GO:0042802]; pore-forming activity [GO:0140911]; wide pore channel activity [GO:0022829]	GO:0001771; GO:0001772; GO:0001913; GO:0002357; GO:0002418; GO:0005509; GO:0005576; GO:0005829; GO:0005886; GO:0006915; GO:0006968; GO:0009306; GO:0016020; GO:0017038; GO:0022829; GO:0031640; GO:0031904; GO:0042802; GO:0044194; GO:0051260; GO:0051607; GO:0051712; GO:0071806; GO:0140507; GO:0140911; GO:1904856	cd04032; C2_Perforin; 1.;	2.60.40.150:FF:000216; Perforin-1 precursor; 1.;	2.60.40.150; C2 domain; 1.;	"IPR000008; C2_dom.;""IPR035892; C2_domain_sf."";""IPR020864; MACPF."";""IPR020863; MACPF_CS."";""IPR037300; Perforin-1_C2."";""IPR052784; Perforin-1_pore-forming."";"	"PTHR46096; PERFORIN-1; 1.;""PTHR46096:SF3; PERFORIN-1; 1."";"	"PF00168; C2; 1.;""PF01823; MACPF; 1."";"	"PS50004; C2; 1.;""PS00279; MACPF_1; 1."";""PS51412; MACPF_2; 1."";"	"SM00239; C2; 1.;""SM00457; MACPF; 1."";"	"NP_001076585.1; NM_001083116.3.;""NP_005032.2; NM_005041.4."";"	85.0..237.0	153	555	27..375	43.84	100.00	27.57	['MACPF']	['ECO:0000255|PROSITE-ProRule:PRU00745']	36.0..163.0	128	233							0.41981982	128	0.549356223
WP_014444130.1	GasderMIN	GasderMIN	Actinoplanes missouriensis	GCF_000284295_NC_017093_GasderMIN_1	GCF_000284295.1_NC_017093_04052	GCF_000284295.1_NC_017093_04052	1	202	I0H899	A0A2N2MYY3	A0A1S3WF49	K7EJJ1	0.1202	1	0.074	106	70	0	110	215	154	230	2.501	2	unreviewed	K7EJJ1_HUMAN	AP-1 complex subunit mu-2 (AP-mu chain family member mu1B) (Adaptor protein complex AP-1 subunit mu-2) (Adaptor-related protein complex 1 subunit mu-2) (Clathrin assembly protein complex 1 mu-2 medium chain 2) (Golgi adaptor HA1/AP1 adaptin mu-2 subunit) (Mu-adaptin 2) (Mu1B-adaptin)	AP1M2	Homo sapiens (Human)			AP1M2		UP000005640: Chromosome 19	intracellular protein transport [GO:0006886]; vesicle-mediated transport [GO:0016192]	clathrin adaptor complex [GO:0030131]; endomembrane system [GO:0012505]	clathrin adaptor complex [GO:0030131]; endomembrane system [GO:0012505]; intracellular protein transport [GO:0006886]; vesicle-mediated transport [GO:0016192]		GO:0006886; GO:0012505; GO:0016192; GO:0030131		2.60.40.1170:FF:000046; AP-1 complex subunit mu-2; 1.;	"3.30.450.60; -; 1.;""2.60.40.1170; Mu homology domain, subdomain B; 1."";"	"IPR050431; Adaptor_comp_med_subunit.;""IPR036168; AP2_Mu_C_sf."";""IPR001392; Clathrin_mu."";""IPR018240; Clathrin_mu_CS."";""IPR011012; Longin-like_dom_sf."";""IPR028565; MHD."";"	PTHR10529; AP COMPLEX SUBUNIT MU; 1.;	PF00928; Adap_comp_sub; 1.;	"PS00990; CLAT_ADAPTOR_M_1; 1.;""PS00991; CLAT_ADAPTOR_M_2; 1."";""PS51072; MHD; 1."";"			110.0..215.0	106	245	89..245	67.52	100.00	43.27	['MHD']	['ECO:0000259|PROSITE:PS51072']	154.0..230.0	77	264							1.07755102	77	0.314285714
WP_065010818.1	GasderMIN	GasderMIN	Mesorhizobium sp. AA22	GCF_001672375_NZ_CP048406_GasderMIN_1	GCF_001672375.2_NZ_CP048406_02517	GCF_001672375.2_NZ_CP048406_02517	1	202	A0A8T8CUN7																																								nan..nan									nan..nan		251									
WP_239489731.1	GasderMIN	GasderMIN	Luteitalea sp. TBR-22	GCF_016865485_NZ_AP024452_GasderMIN_1	GCF_016865485.1_NZ_AP024452_04136	GCF_016865485.1_NZ_AP024452_04136	1	202	A0A915UF06																																								nan..nan									nan..nan		269									
WP_066768659.1	GasderMIN	GasderMIN	Sphingobium xenophagum	GCF_018889915_NZ_CP076556_GasderMIN_1	GCF_018889915.1_NZ_CP076556_03346	GCF_018889915.1_NZ_CP076556_03346	1	202	A0AA42WQ71																																								nan..nan									nan..nan		263									
WP_229974382.1	GasderMIN	GasderMIN	Flavobacterium sp. F-70	GCF_020911905_NZ_CP087133_GasderMIN_3	GCF_020911905.1_NZ_CP087133_03230	GCF_020911905.1_NZ_CP087133_03230	1	202	A0AAJ2VXD1																																								nan..nan									nan..nan		233									
WP_023174547.1	GasderMIN	GasderMIN	Gloeobacter kilaueensis	GCF_000484535_NC_022600_GasderMIN_3	GCF_000484535.1_NC_022600_03058	GCF_000484535.1_NC_022600_03058	1	202	U5QNR8	U5QNR8																																							nan..nan									nan..nan		482									
