defense_system_protein_id,defense_system_cluster_id,cluster_id,protein_id,evalue,cluFlag
A0A0K1EKA3,A0A2E7NAI8,A0A0C2ICF2,B4DW16,2.914E-06,2
A0A0K1EKA3,A0A2E7NAI8,A0A0F9SLM6,J3QKL0,5.141E-02,1
A0A0K1EKA3,A0A2E7NAI8,A0A0F9SLM6,Q8WVB3,5.141E-02,1
A0A0K1EKA3,A0A2E7NAI8,A0A0L1L0F1,A0A087WUV9,1.706E-05,1
A0A0K1EKA3,A0A2E7NAI8,A0A0L1L0F1,Q6NUM6,1.706E-05,1
A0A0K1EKA3,A0A2E7NAI8,A0A0L1L0F1,Q9NV66,1.706E-05,1
A0A0K1EKA3,A0A2E7NAI8,A0A0S7FLG1,B7Z282,3.192E-01,1
A0A0K1EKA3,A0A2E7NAI8,A0A183C974,O60502,1.993E-01,2
A0A0K1EKA3,A0A2E7NAI8,A0A1I7RVN4,A8K6I4,4.040E-01,1
A0A0K1EKA3,A0A2E7NAI8,A0A1I7RVN4,B4E3M6,4.040E-01,1
A0A0K1EKA3,A0A2E7NAI8,A0A1I7RVN4,P42285,4.040E-01,1
A0A0K1EKA3,A0A2E7NAI8,A0A2E7NAI8,A0A7P0TA11,7.102E-63,1
A0A0K1EKA3,A0A2E7NAI8,A0A2E7NAI8,B4DT76,7.102E-63,1
A0A0K1EKA3,A0A2E7NAI8,A0A2L0SXM4,B1AK13,1.399E-01,1
A0A0K1EKA3,A0A2E7NAI8,A0A2L0SXM4,Q8TB92,1.399E-01,1
A0A0K1EKA3,A0A2E7NAI8,A0A2M7UQ97,Q9H9T3,7.321E-02,2
A0A0K1EKA3,A0A2E7NAI8,A0A2S4VGH7,H7C3X0,2.536E-02,1
A0A0K1EKA3,A0A2E7NAI8,A0A2T0VWC6,B5LY64,1.106E-01,1
A0A0K1EKA3,A0A2E7NAI8,A0A2T0VWC6,B5LY70,1.106E-01,2
A0A0K1EKA3,A0A2E7NAI8,A0A2V8H346,B2RBQ0,7.724E-01,1
A0A0K1EKA3,A0A2E7NAI8,A0A2V8H346,B3KSN9,7.724E-01,1
A0A0K1EKA3,A0A2E7NAI8,A0A3C1LRD4,A0A024RAJ6,6.790E-02,1
A0A0K1EKA3,A0A2E7NAI8,A0A3C1LRD4,P07686,6.790E-02,1
A0A0K1EKA3,A0A2E7NAI8,A0A3C1LRD4,Q5URX0,6.790E-02,1
A0A0K1EKA3,A0A2E7NAI8,A0A446N3T8,P60174,2.378E-01,1
A0A0K1EKA3,A0A2E7NAI8,A0A446N3T8,V9HWK1,2.378E-01,1
A0A0K1EKA3,A0A2E7NAI8,A0A478FQ18,B4DUI5,5.114E-01,1
A0A0K1EKA3,A0A2E7NAI8,A0A4R1HK89,A0A024QZ64,2.242E-01,1
A0A0K1EKA3,A0A2E7NAI8,A0A4R1HK89,A0A024R145,2.242E-01,1
A0A0K1EKA3,A0A2E7NAI8,A0A4R1HK89,A0A087WXX2,2.242E-01,1
A0A0K1EKA3,A0A2E7NAI8,A0A4R1HK89,A0A3B3IS80,2.242E-01,1
A0A0K1EKA3,A0A2E7NAI8,A0A4R1HK89,A8K430,2.242E-01,1
A0A0K1EKA3,A0A2E7NAI8,A0A4R1HK89,A8MVZ9,2.242E-01,1
A0A0K1EKA3,A0A2E7NAI8,A0A4R1HK89,B7Z1N6,2.242E-01,1
A0A0K1EKA3,A0A2E7NAI8,A0A4R1HK89,B7Z1Y2,2.242E-01,1
A0A0K1EKA3,A0A2E7NAI8,A0A4R1HK89,B7Z3K9,2.242E-01,1
A0A0K1EKA3,A0A2E7NAI8,A0A4R1HK89,H3BQN4,2.242E-01,1
A0A0K1EKA3,A0A2E7NAI8,A0A4R1HK89,J3KPS3,2.242E-01,1
A0A0K1EKA3,A0A2E7NAI8,A0A4R1HK89,P04075,2.242E-01,1
A0A0K1EKA3,A0A2E7NAI8,A0A4R1HK89,P05062,2.242E-01,1
A0A0K1EKA3,A0A2E7NAI8,A0A4R1HK89,P09972,2.242E-01,1
A0A0K1EKA3,A0A2E7NAI8,A0A4R1HK89,Q8NHT3,2.242E-01,1
A0A0K1EKA3,A0A2E7NAI8,A0A4R1HK89,V9HWN7,2.242E-01,1
A0A0K1EKA3,A0A2E7NAI8,A0A4Y8X1W0,A0A182DWF3,5.114E-01,1
A0A0K1EKA3,A0A2E7NAI8,A0A4Y8X1W0,A0A182DWI3,5.114E-01,1
A0A0K1EKA3,A0A2E7NAI8,A0A4Y8X1W0,A0A6Q8PFE1,5.114E-01,1
A0A0K1EKA3,A0A2E7NAI8,A0A4Y8X1W0,B2R5P6,5.114E-01,1
A0A0K1EKA3,A0A2E7NAI8,A0A4Y8X1W0,E2QRB9,5.114E-01,1
A0A0K1EKA3,A0A2E7NAI8,A0A4Y8X1W0,E9PIR7,5.114E-01,1
A0A0K1EKA3,A0A2E7NAI8,A0A4Y8X1W0,F8W809,5.114E-01,1
A0A0K1EKA3,A0A2E7NAI8,A0A6J7IYI8,A0A024R9W0,3.209E-02,1
A0A0K1EKA3,A0A2E7NAI8,A0A6J7IYI8,O43766,3.209E-02,1
A0A0K1EKA3,A0A2E7NAI8,A0A7C4XGU2,A0A1W2PRE7,1.688E-03,1
A0A0K1EKA3,A0A2E7NAI8,A0A7J2YIT3,Q9NTM9,7.765E-02,1
A0A0K1EKA3,A0A2E7NAI8,A0A7S1XQM9,A0A087WWV6,1.129E-05,1
A0A0K1EKA3,A0A2E7NAI8,A0A811SNG6,P35914,2.378E-01,1
A0A0K1EKA3,A0A2E7NAI8,A0A813B473,B3KNL8,4.040E-01,1
A0A0K1EKA3,A0A2E7NAI8,A0A840UYP1,A0A024RD17,3.348E-10,1
A0A0K1EKA3,A0A2E7NAI8,A0A850AKG2,B2RAR3,9.776E-01,1
A0A0K1EKA3,A0A2E7NAI8,A0A850AKG2,Q9BXR0,9.776E-01,1
A0A0X3BJA1,A0A2E7NAI8,A0A0C2ICF2,B4DW16,2.914E-06,2
A0A0X3BJA1,A0A2E7NAI8,A0A0F9SLM6,J3QKL0,5.141E-02,1
A0A0X3BJA1,A0A2E7NAI8,A0A0F9SLM6,Q8WVB3,5.141E-02,1
A0A0X3BJA1,A0A2E7NAI8,A0A0L1L0F1,A0A087WUV9,1.706E-05,1
A0A0X3BJA1,A0A2E7NAI8,A0A0L1L0F1,Q6NUM6,1.706E-05,1
A0A0X3BJA1,A0A2E7NAI8,A0A0L1L0F1,Q9NV66,1.706E-05,1
A0A0X3BJA1,A0A2E7NAI8,A0A0S7FLG1,B7Z282,3.192E-01,1
A0A0X3BJA1,A0A2E7NAI8,A0A183C974,O60502,1.993E-01,2
A0A0X3BJA1,A0A2E7NAI8,A0A1I7RVN4,A8K6I4,4.040E-01,1
A0A0X3BJA1,A0A2E7NAI8,A0A1I7RVN4,B4E3M6,4.040E-01,1
A0A0X3BJA1,A0A2E7NAI8,A0A1I7RVN4,P42285,4.040E-01,1
A0A0X3BJA1,A0A2E7NAI8,A0A2E7NAI8,A0A7P0TA11,7.102E-63,1
A0A0X3BJA1,A0A2E7NAI8,A0A2E7NAI8,B4DT76,7.102E-63,1
A0A0X3BJA1,A0A2E7NAI8,A0A2L0SXM4,B1AK13,1.399E-01,1
A0A0X3BJA1,A0A2E7NAI8,A0A2L0SXM4,Q8TB92,1.399E-01,1
A0A0X3BJA1,A0A2E7NAI8,A0A2M7UQ97,Q9H9T3,7.321E-02,2
A0A0X3BJA1,A0A2E7NAI8,A0A2S4VGH7,H7C3X0,2.536E-02,1
A0A0X3BJA1,A0A2E7NAI8,A0A2T0VWC6,B5LY64,1.106E-01,1
A0A0X3BJA1,A0A2E7NAI8,A0A2T0VWC6,B5LY70,1.106E-01,2
A0A0X3BJA1,A0A2E7NAI8,A0A2V8H346,B2RBQ0,7.724E-01,1
A0A0X3BJA1,A0A2E7NAI8,A0A2V8H346,B3KSN9,7.724E-01,1
A0A0X3BJA1,A0A2E7NAI8,A0A3C1LRD4,A0A024RAJ6,6.790E-02,1
A0A0X3BJA1,A0A2E7NAI8,A0A3C1LRD4,P07686,6.790E-02,1
A0A0X3BJA1,A0A2E7NAI8,A0A3C1LRD4,Q5URX0,6.790E-02,1
A0A0X3BJA1,A0A2E7NAI8,A0A446N3T8,P60174,2.378E-01,1
A0A0X3BJA1,A0A2E7NAI8,A0A446N3T8,V9HWK1,2.378E-01,1
A0A0X3BJA1,A0A2E7NAI8,A0A478FQ18,B4DUI5,5.114E-01,1
A0A0X3BJA1,A0A2E7NAI8,A0A4R1HK89,A0A024QZ64,2.242E-01,1
A0A0X3BJA1,A0A2E7NAI8,A0A4R1HK89,A0A024R145,2.242E-01,1
A0A0X3BJA1,A0A2E7NAI8,A0A4R1HK89,A0A087WXX2,2.242E-01,1
A0A0X3BJA1,A0A2E7NAI8,A0A4R1HK89,A0A3B3IS80,2.242E-01,1
A0A0X3BJA1,A0A2E7NAI8,A0A4R1HK89,A8K430,2.242E-01,1
A0A0X3BJA1,A0A2E7NAI8,A0A4R1HK89,A8MVZ9,2.242E-01,1
A0A0X3BJA1,A0A2E7NAI8,A0A4R1HK89,B7Z1N6,2.242E-01,1
A0A0X3BJA1,A0A2E7NAI8,A0A4R1HK89,B7Z1Y2,2.242E-01,1
A0A0X3BJA1,A0A2E7NAI8,A0A4R1HK89,B7Z3K9,2.242E-01,1
A0A0X3BJA1,A0A2E7NAI8,A0A4R1HK89,H3BQN4,2.242E-01,1
A0A0X3BJA1,A0A2E7NAI8,A0A4R1HK89,J3KPS3,2.242E-01,1
A0A0X3BJA1,A0A2E7NAI8,A0A4R1HK89,P04075,2.242E-01,1
A0A0X3BJA1,A0A2E7NAI8,A0A4R1HK89,P05062,2.242E-01,1
A0A0X3BJA1,A0A2E7NAI8,A0A4R1HK89,P09972,2.242E-01,1
A0A0X3BJA1,A0A2E7NAI8,A0A4R1HK89,Q8NHT3,2.242E-01,1
A0A0X3BJA1,A0A2E7NAI8,A0A4R1HK89,V9HWN7,2.242E-01,1
A0A0X3BJA1,A0A2E7NAI8,A0A4Y8X1W0,A0A182DWF3,5.114E-01,1
A0A0X3BJA1,A0A2E7NAI8,A0A4Y8X1W0,A0A182DWI3,5.114E-01,1
A0A0X3BJA1,A0A2E7NAI8,A0A4Y8X1W0,A0A6Q8PFE1,5.114E-01,1
A0A0X3BJA1,A0A2E7NAI8,A0A4Y8X1W0,B2R5P6,5.114E-01,1
A0A0X3BJA1,A0A2E7NAI8,A0A4Y8X1W0,E2QRB9,5.114E-01,1
A0A0X3BJA1,A0A2E7NAI8,A0A4Y8X1W0,E9PIR7,5.114E-01,1
A0A0X3BJA1,A0A2E7NAI8,A0A4Y8X1W0,F8W809,5.114E-01,1
A0A0X3BJA1,A0A2E7NAI8,A0A6J7IYI8,A0A024R9W0,3.209E-02,1
A0A0X3BJA1,A0A2E7NAI8,A0A6J7IYI8,O43766,3.209E-02,1
A0A0X3BJA1,A0A2E7NAI8,A0A7C4XGU2,A0A1W2PRE7,1.688E-03,1
A0A0X3BJA1,A0A2E7NAI8,A0A7J2YIT3,Q9NTM9,7.765E-02,1
A0A0X3BJA1,A0A2E7NAI8,A0A7S1XQM9,A0A087WWV6,1.129E-05,1
A0A0X3BJA1,A0A2E7NAI8,A0A811SNG6,P35914,2.378E-01,1
A0A0X3BJA1,A0A2E7NAI8,A0A813B473,B3KNL8,4.040E-01,1
A0A0X3BJA1,A0A2E7NAI8,A0A840UYP1,A0A024RD17,3.348E-10,1
A0A0X3BJA1,A0A2E7NAI8,A0A850AKG2,B2RAR3,9.776E-01,1
A0A0X3BJA1,A0A2E7NAI8,A0A850AKG2,Q9BXR0,9.776E-01,1
A0A109D532,A0A2E7NAI8,A0A0C2ICF2,B4DW16,2.914E-06,2
A0A109D532,A0A2E7NAI8,A0A0F9SLM6,J3QKL0,5.141E-02,1
A0A109D532,A0A2E7NAI8,A0A0F9SLM6,Q8WVB3,5.141E-02,1
A0A109D532,A0A2E7NAI8,A0A0L1L0F1,A0A087WUV9,1.706E-05,1
A0A109D532,A0A2E7NAI8,A0A0L1L0F1,Q6NUM6,1.706E-05,1
A0A109D532,A0A2E7NAI8,A0A0L1L0F1,Q9NV66,1.706E-05,1
A0A109D532,A0A2E7NAI8,A0A0S7FLG1,B7Z282,3.192E-01,1
A0A109D532,A0A2E7NAI8,A0A183C974,O60502,1.993E-01,2
A0A109D532,A0A2E7NAI8,A0A1I7RVN4,A8K6I4,4.040E-01,1
A0A109D532,A0A2E7NAI8,A0A1I7RVN4,B4E3M6,4.040E-01,1
A0A109D532,A0A2E7NAI8,A0A1I7RVN4,P42285,4.040E-01,1
A0A109D532,A0A2E7NAI8,A0A2E7NAI8,A0A7P0TA11,7.102E-63,1
A0A109D532,A0A2E7NAI8,A0A2E7NAI8,B4DT76,7.102E-63,1
A0A109D532,A0A2E7NAI8,A0A2L0SXM4,B1AK13,1.399E-01,1
A0A109D532,A0A2E7NAI8,A0A2L0SXM4,Q8TB92,1.399E-01,1
A0A109D532,A0A2E7NAI8,A0A2M7UQ97,Q9H9T3,7.321E-02,2
A0A109D532,A0A2E7NAI8,A0A2S4VGH7,H7C3X0,2.536E-02,1
A0A109D532,A0A2E7NAI8,A0A2T0VWC6,B5LY64,1.106E-01,1
A0A109D532,A0A2E7NAI8,A0A2T0VWC6,B5LY70,1.106E-01,2
A0A109D532,A0A2E7NAI8,A0A2V8H346,B2RBQ0,7.724E-01,1
A0A109D532,A0A2E7NAI8,A0A2V8H346,B3KSN9,7.724E-01,1
A0A109D532,A0A2E7NAI8,A0A3C1LRD4,A0A024RAJ6,6.790E-02,1
A0A109D532,A0A2E7NAI8,A0A3C1LRD4,P07686,6.790E-02,1
A0A109D532,A0A2E7NAI8,A0A3C1LRD4,Q5URX0,6.790E-02,1
A0A109D532,A0A2E7NAI8,A0A446N3T8,P60174,2.378E-01,1
A0A109D532,A0A2E7NAI8,A0A446N3T8,V9HWK1,2.378E-01,1
A0A109D532,A0A2E7NAI8,A0A478FQ18,B4DUI5,5.114E-01,1
A0A109D532,A0A2E7NAI8,A0A4R1HK89,A0A024QZ64,2.242E-01,1
A0A109D532,A0A2E7NAI8,A0A4R1HK89,A0A024R145,2.242E-01,1
A0A109D532,A0A2E7NAI8,A0A4R1HK89,A0A087WXX2,2.242E-01,1
A0A109D532,A0A2E7NAI8,A0A4R1HK89,A0A3B3IS80,2.242E-01,1
A0A109D532,A0A2E7NAI8,A0A4R1HK89,A8K430,2.242E-01,1
A0A109D532,A0A2E7NAI8,A0A4R1HK89,A8MVZ9,2.242E-01,1
A0A109D532,A0A2E7NAI8,A0A4R1HK89,B7Z1N6,2.242E-01,1
A0A109D532,A0A2E7NAI8,A0A4R1HK89,B7Z1Y2,2.242E-01,1
A0A109D532,A0A2E7NAI8,A0A4R1HK89,B7Z3K9,2.242E-01,1
A0A109D532,A0A2E7NAI8,A0A4R1HK89,H3BQN4,2.242E-01,1
A0A109D532,A0A2E7NAI8,A0A4R1HK89,J3KPS3,2.242E-01,1
A0A109D532,A0A2E7NAI8,A0A4R1HK89,P04075,2.242E-01,1
A0A109D532,A0A2E7NAI8,A0A4R1HK89,P05062,2.242E-01,1
A0A109D532,A0A2E7NAI8,A0A4R1HK89,P09972,2.242E-01,1
A0A109D532,A0A2E7NAI8,A0A4R1HK89,Q8NHT3,2.242E-01,1
A0A109D532,A0A2E7NAI8,A0A4R1HK89,V9HWN7,2.242E-01,1
A0A109D532,A0A2E7NAI8,A0A4Y8X1W0,A0A182DWF3,5.114E-01,1
A0A109D532,A0A2E7NAI8,A0A4Y8X1W0,A0A182DWI3,5.114E-01,1
A0A109D532,A0A2E7NAI8,A0A4Y8X1W0,A0A6Q8PFE1,5.114E-01,1
A0A109D532,A0A2E7NAI8,A0A4Y8X1W0,B2R5P6,5.114E-01,1
A0A109D532,A0A2E7NAI8,A0A4Y8X1W0,E2QRB9,5.114E-01,1
A0A109D532,A0A2E7NAI8,A0A4Y8X1W0,E9PIR7,5.114E-01,1
A0A109D532,A0A2E7NAI8,A0A4Y8X1W0,F8W809,5.114E-01,1
A0A109D532,A0A2E7NAI8,A0A6J7IYI8,A0A024R9W0,3.209E-02,1
A0A109D532,A0A2E7NAI8,A0A6J7IYI8,O43766,3.209E-02,1
A0A109D532,A0A2E7NAI8,A0A7C4XGU2,A0A1W2PRE7,1.688E-03,1
A0A109D532,A0A2E7NAI8,A0A7J2YIT3,Q9NTM9,7.765E-02,1
A0A109D532,A0A2E7NAI8,A0A7S1XQM9,A0A087WWV6,1.129E-05,1
A0A109D532,A0A2E7NAI8,A0A811SNG6,P35914,2.378E-01,1
A0A109D532,A0A2E7NAI8,A0A813B473,B3KNL8,4.040E-01,1
A0A109D532,A0A2E7NAI8,A0A840UYP1,A0A024RD17,3.348E-10,1
A0A109D532,A0A2E7NAI8,A0A850AKG2,B2RAR3,9.776E-01,1
A0A109D532,A0A2E7NAI8,A0A850AKG2,Q9BXR0,9.776E-01,1
A0A1D9GQP3,A0A1F5EBF3,A0A0F9SLM6,J3QKL0,2.640E-01,1
A0A1D9GQP3,A0A1F5EBF3,A0A0F9SLM6,Q8WVB3,2.640E-01,1
A0A1D9GQP3,A0A1F5EBF3,A0A0G1GDQ5,A0A068F4C8,6.304E-01,1
A0A1D9GQP3,A0A1F5EBF3,A0A0G1GDQ5,A0A068F579,6.304E-01,1
A0A1D9GQP3,A0A1F5EBF3,A0A0G1GDQ5,A0A068F753,6.304E-01,2
A0A1D9GQP3,A0A1F5EBF3,A0A149U7W4,B4DZX4,7.762E-02,1
A0A1D9GQP3,A0A1F5EBF3,A0A166DIW0,P56545,2.984E-01,1
A0A1D9GQP3,A0A1F5EBF3,A0A166DIW0,Q13363,2.984E-01,1
A0A1D9GQP3,A0A1F5EBF3,A0A166DIW0,Q4KMQ8,2.984E-01,1
A0A1D9GQP3,A0A1F5EBF3,A0A166DIW0,X5D8Y5,2.984E-01,1
A0A1D9GQP3,A0A1F5EBF3,A0A196S7R3,B3KQS3,1.967E-02,1
A0A1D9GQP3,A0A1F5EBF3,A0A1G2XDT8,Q86XE5,8.752E-02,1
A0A1D9GQP3,A0A1F5EBF3,A0A1G2XDT8,Q9BXD5,8.752E-02,1
A0A1D9GQP3,A0A1F5EBF3,A0A1Y2EUF5,B2RBF5,8.231E-02,1
A0A1D9GQP3,A0A1F5EBF3,A0A1Y2EUF5,B4DQ98,8.231E-02,1
A0A1D9GQP3,A0A1F5EBF3,A0A1Y2EUF5,Q01459,8.231E-02,1
A0A1D9GQP3,A0A1F5EBF3,A0A2C5YZ57,F8W9T8,6.230E-01,1
A0A1D9GQP3,A0A1F5EBF3,A0A2E7NAI8,A0A7P0TA11,4.668E-06,1
A0A1D9GQP3,A0A1F5EBF3,A0A2E7NAI8,B4DT76,4.668E-06,1
A0A1D9GQP3,A0A1F5EBF3,A0A2M7UQ97,Q9H9T3,1.776E-02,2
A0A1D9GQP3,A0A1F5EBF3,A0A354ZGE7,A0A024RCB5,4.192E-02,1
A0A1D9GQP3,A0A1F5EBF3,A0A354ZGE7,B4DN31,4.192E-02,1
A0A1D9GQP3,A0A1F5EBF3,A0A354ZGE7,B7Z705,4.192E-02,1
A0A1D9GQP3,A0A1F5EBF3,A0A354ZGE7,Q9BWS9,4.192E-02,1
A0A1D9GQP3,A0A1F5EBF3,A0A381SPJ7,A0A1W2PQE9,9.048E-03,1
A0A1D9GQP3,A0A1F5EBF3,A0A381SPJ7,A0A1X7SBR7,9.048E-03,1
A0A1D9GQP3,A0A1F5EBF3,A0A381SPJ7,D6RCP8,9.048E-03,1
A0A1D9GQP3,A0A1F5EBF3,A0A3B3Z833,A0A087WY76,7.263E-01,1
A0A1D9GQP3,A0A1F5EBF3,A0A3B3Z833,A0A0G2JN38,7.263E-01,1
A0A1D9GQP3,A0A1F5EBF3,A0A3B3Z833,A0A0G2JNS6,7.263E-01,1
A0A1D9GQP3,A0A1F5EBF3,A0A3B3Z833,A0A0G2JRB5,7.263E-01,1
A0A1D9GQP3,A0A1F5EBF3,A0A3B3Z833,I3L1V5,7.263E-01,1
A0A1D9GQP3,A0A1F5EBF3,A0A3B3Z833,I3L2E4,7.263E-01,1
A0A1D9GQP3,A0A1F5EBF3,A0A3M7T9Y6,A0A7P0T9F7,8.466E-01,1
A0A1D9GQP3,A0A1F5EBF3,A0A3M7T9Y6,A0A7P0TAN7,8.466E-01,1
A0A1D9GQP3,A0A1F5EBF3,A0A3M7T9Y6,A0A7P0TBF8,8.466E-01,1
A0A1D9GQP3,A0A1F5EBF3,A0A3M7T9Y6,A0A7P0Z4A0,8.466E-01,1
A0A1D9GQP3,A0A1F5EBF3,A0A3M7T9Y6,A0A7P0Z4P5,8.466E-01,1
A0A1D9GQP3,A0A1F5EBF3,A0A3M7T9Y6,B4E2Z3,8.466E-01,2
A0A1D9GQP3,A0A1F5EBF3,A0A3M7T9Y6,F5GZS6,8.466E-01,1
A0A1D9GQP3,A0A1F5EBF3,A0A3M7T9Y6,J3KPF3,8.466E-01,1
A0A1D9GQP3,A0A1F5EBF3,A0A3M7T9Y6,P08195,8.466E-01,1
A0A1D9GQP3,A0A1F5EBF3,A0A4Q4X9Q8,Q8IYR2,6.230E-01,1
A0A1D9GQP3,A0A1F5EBF3,A0A4R4Y322,A0A024R0A8,7.043E-01,1
A0A1D9GQP3,A0A1F5EBF3,A0A4R4Y322,A0A384MTQ3,7.043E-01,1
A0A1D9GQP3,A0A1F5EBF3,A0A4R4Y322,O43865,7.043E-01,1
A0A1D9GQP3,A0A1F5EBF3,A0A4R4Y322,P23526,7.043E-01,1
A0A1D9GQP3,A0A1F5EBF3,A0A4R4Y322,Q6ZNS6,7.043E-01,1
A0A1D9GQP3,A0A1F5EBF3,A0A4R4Y322,Q96HN2,7.043E-01,1
A0A1D9GQP3,A0A1F5EBF3,A0A6J7IYI8,A0A024R9W0,1.785E-04,1
A0A1D9GQP3,A0A1F5EBF3,A0A6J7IYI8,O43766,1.785E-04,1
A0A1D9GQP3,A0A1F5EBF3,A0A7C4XGU2,A0A1W2PRE7,1.511E-03,1
A0A1D9GQP3,A0A1F5EBF3,A0A840UYP1,A0A024RD17,5.210E-03,1
A0A1D9GQP3,A0A1F5EBF3,B6BWL7,B4DID5,1.345E-01,1
A0A1D9GQP3,A0A1F5EBF3,W4TNL4,A0A0S2Z4A8,4.056E-01,1
A0A1D9GQP3,A0A1F5EBF3,W4TNL4,Q7KYX9,4.056E-01,1
A0A220S2V2,A0A1F5EBF3,A0A0F9SLM6,J3QKL0,2.640E-01,1
A0A220S2V2,A0A1F5EBF3,A0A0F9SLM6,Q8WVB3,2.640E-01,1
A0A220S2V2,A0A1F5EBF3,A0A0G1GDQ5,A0A068F4C8,6.304E-01,1
A0A220S2V2,A0A1F5EBF3,A0A0G1GDQ5,A0A068F579,6.304E-01,1
A0A220S2V2,A0A1F5EBF3,A0A0G1GDQ5,A0A068F753,6.304E-01,2
A0A220S2V2,A0A1F5EBF3,A0A149U7W4,B4DZX4,7.762E-02,1
A0A220S2V2,A0A1F5EBF3,A0A166DIW0,P56545,2.984E-01,1
A0A220S2V2,A0A1F5EBF3,A0A166DIW0,Q13363,2.984E-01,1
A0A220S2V2,A0A1F5EBF3,A0A166DIW0,Q4KMQ8,2.984E-01,1
A0A220S2V2,A0A1F5EBF3,A0A166DIW0,X5D8Y5,2.984E-01,1
A0A220S2V2,A0A1F5EBF3,A0A196S7R3,B3KQS3,1.967E-02,1
A0A220S2V2,A0A1F5EBF3,A0A1G2XDT8,Q86XE5,8.752E-02,1
A0A220S2V2,A0A1F5EBF3,A0A1G2XDT8,Q9BXD5,8.752E-02,1
A0A220S2V2,A0A1F5EBF3,A0A1Y2EUF5,B2RBF5,8.231E-02,1
A0A220S2V2,A0A1F5EBF3,A0A1Y2EUF5,B4DQ98,8.231E-02,1
A0A220S2V2,A0A1F5EBF3,A0A1Y2EUF5,Q01459,8.231E-02,1
A0A220S2V2,A0A1F5EBF3,A0A2C5YZ57,F8W9T8,6.230E-01,1
A0A220S2V2,A0A1F5EBF3,A0A2E7NAI8,A0A7P0TA11,4.668E-06,1
A0A220S2V2,A0A1F5EBF3,A0A2E7NAI8,B4DT76,4.668E-06,1
A0A220S2V2,A0A1F5EBF3,A0A2M7UQ97,Q9H9T3,1.776E-02,2
A0A220S2V2,A0A1F5EBF3,A0A354ZGE7,A0A024RCB5,4.192E-02,1
A0A220S2V2,A0A1F5EBF3,A0A354ZGE7,B4DN31,4.192E-02,1
A0A220S2V2,A0A1F5EBF3,A0A354ZGE7,B7Z705,4.192E-02,1
A0A220S2V2,A0A1F5EBF3,A0A354ZGE7,Q9BWS9,4.192E-02,1
A0A220S2V2,A0A1F5EBF3,A0A381SPJ7,A0A1W2PQE9,9.048E-03,1
A0A220S2V2,A0A1F5EBF3,A0A381SPJ7,A0A1X7SBR7,9.048E-03,1
A0A220S2V2,A0A1F5EBF3,A0A381SPJ7,D6RCP8,9.048E-03,1
A0A220S2V2,A0A1F5EBF3,A0A3B3Z833,A0A087WY76,7.263E-01,1
A0A220S2V2,A0A1F5EBF3,A0A3B3Z833,A0A0G2JN38,7.263E-01,1
A0A220S2V2,A0A1F5EBF3,A0A3B3Z833,A0A0G2JNS6,7.263E-01,1
A0A220S2V2,A0A1F5EBF3,A0A3B3Z833,A0A0G2JRB5,7.263E-01,1
A0A220S2V2,A0A1F5EBF3,A0A3B3Z833,I3L1V5,7.263E-01,1
A0A220S2V2,A0A1F5EBF3,A0A3B3Z833,I3L2E4,7.263E-01,1
A0A220S2V2,A0A1F5EBF3,A0A3M7T9Y6,A0A7P0T9F7,8.466E-01,1
A0A220S2V2,A0A1F5EBF3,A0A3M7T9Y6,A0A7P0TAN7,8.466E-01,1
A0A220S2V2,A0A1F5EBF3,A0A3M7T9Y6,A0A7P0TBF8,8.466E-01,1
A0A220S2V2,A0A1F5EBF3,A0A3M7T9Y6,A0A7P0Z4A0,8.466E-01,1
A0A220S2V2,A0A1F5EBF3,A0A3M7T9Y6,A0A7P0Z4P5,8.466E-01,1
A0A220S2V2,A0A1F5EBF3,A0A3M7T9Y6,B4E2Z3,8.466E-01,2
A0A220S2V2,A0A1F5EBF3,A0A3M7T9Y6,F5GZS6,8.466E-01,1
A0A220S2V2,A0A1F5EBF3,A0A3M7T9Y6,J3KPF3,8.466E-01,1
A0A220S2V2,A0A1F5EBF3,A0A3M7T9Y6,P08195,8.466E-01,1
A0A220S2V2,A0A1F5EBF3,A0A4Q4X9Q8,Q8IYR2,6.230E-01,1
A0A220S2V2,A0A1F5EBF3,A0A4R4Y322,A0A024R0A8,7.043E-01,1
A0A220S2V2,A0A1F5EBF3,A0A4R4Y322,A0A384MTQ3,7.043E-01,1
A0A220S2V2,A0A1F5EBF3,A0A4R4Y322,O43865,7.043E-01,1
A0A220S2V2,A0A1F5EBF3,A0A4R4Y322,P23526,7.043E-01,1
A0A220S2V2,A0A1F5EBF3,A0A4R4Y322,Q6ZNS6,7.043E-01,1
A0A220S2V2,A0A1F5EBF3,A0A4R4Y322,Q96HN2,7.043E-01,1
A0A220S2V2,A0A1F5EBF3,A0A6J7IYI8,A0A024R9W0,1.785E-04,1
A0A220S2V2,A0A1F5EBF3,A0A6J7IYI8,O43766,1.785E-04,1
A0A220S2V2,A0A1F5EBF3,A0A7C4XGU2,A0A1W2PRE7,1.511E-03,1
A0A220S2V2,A0A1F5EBF3,A0A840UYP1,A0A024RD17,5.210E-03,1
A0A220S2V2,A0A1F5EBF3,B6BWL7,B4DID5,1.345E-01,1
A0A220S2V2,A0A1F5EBF3,W4TNL4,A0A0S2Z4A8,4.056E-01,1
A0A220S2V2,A0A1F5EBF3,W4TNL4,Q7KYX9,4.056E-01,1
A0A222EQ20,A0A2E7NAI8,A0A0C2ICF2,B4DW16,2.914E-06,2
A0A222EQ20,A0A2E7NAI8,A0A0F9SLM6,J3QKL0,5.141E-02,1
A0A222EQ20,A0A2E7NAI8,A0A0F9SLM6,Q8WVB3,5.141E-02,1
A0A222EQ20,A0A2E7NAI8,A0A0L1L0F1,A0A087WUV9,1.706E-05,1
A0A222EQ20,A0A2E7NAI8,A0A0L1L0F1,Q6NUM6,1.706E-05,1
A0A222EQ20,A0A2E7NAI8,A0A0L1L0F1,Q9NV66,1.706E-05,1
A0A222EQ20,A0A2E7NAI8,A0A0S7FLG1,B7Z282,3.192E-01,1
A0A222EQ20,A0A2E7NAI8,A0A183C974,O60502,1.993E-01,2
A0A222EQ20,A0A2E7NAI8,A0A1I7RVN4,A8K6I4,4.040E-01,1
A0A222EQ20,A0A2E7NAI8,A0A1I7RVN4,B4E3M6,4.040E-01,1
A0A222EQ20,A0A2E7NAI8,A0A1I7RVN4,P42285,4.040E-01,1
A0A222EQ20,A0A2E7NAI8,A0A2E7NAI8,A0A7P0TA11,7.102E-63,1
A0A222EQ20,A0A2E7NAI8,A0A2E7NAI8,B4DT76,7.102E-63,1
A0A222EQ20,A0A2E7NAI8,A0A2L0SXM4,B1AK13,1.399E-01,1
A0A222EQ20,A0A2E7NAI8,A0A2L0SXM4,Q8TB92,1.399E-01,1
A0A222EQ20,A0A2E7NAI8,A0A2M7UQ97,Q9H9T3,7.321E-02,2
A0A222EQ20,A0A2E7NAI8,A0A2S4VGH7,H7C3X0,2.536E-02,1
A0A222EQ20,A0A2E7NAI8,A0A2T0VWC6,B5LY64,1.106E-01,1
A0A222EQ20,A0A2E7NAI8,A0A2T0VWC6,B5LY70,1.106E-01,2
A0A222EQ20,A0A2E7NAI8,A0A2V8H346,B2RBQ0,7.724E-01,1
A0A222EQ20,A0A2E7NAI8,A0A2V8H346,B3KSN9,7.724E-01,1
A0A222EQ20,A0A2E7NAI8,A0A3C1LRD4,A0A024RAJ6,6.790E-02,1
A0A222EQ20,A0A2E7NAI8,A0A3C1LRD4,P07686,6.790E-02,1
A0A222EQ20,A0A2E7NAI8,A0A3C1LRD4,Q5URX0,6.790E-02,1
A0A222EQ20,A0A2E7NAI8,A0A446N3T8,P60174,2.378E-01,1
A0A222EQ20,A0A2E7NAI8,A0A446N3T8,V9HWK1,2.378E-01,1
A0A222EQ20,A0A2E7NAI8,A0A478FQ18,B4DUI5,5.114E-01,1
A0A222EQ20,A0A2E7NAI8,A0A4R1HK89,A0A024QZ64,2.242E-01,1
A0A222EQ20,A0A2E7NAI8,A0A4R1HK89,A0A024R145,2.242E-01,1
A0A222EQ20,A0A2E7NAI8,A0A4R1HK89,A0A087WXX2,2.242E-01,1
A0A222EQ20,A0A2E7NAI8,A0A4R1HK89,A0A3B3IS80,2.242E-01,1
A0A222EQ20,A0A2E7NAI8,A0A4R1HK89,A8K430,2.242E-01,1
A0A222EQ20,A0A2E7NAI8,A0A4R1HK89,A8MVZ9,2.242E-01,1
A0A222EQ20,A0A2E7NAI8,A0A4R1HK89,B7Z1N6,2.242E-01,1
A0A222EQ20,A0A2E7NAI8,A0A4R1HK89,B7Z1Y2,2.242E-01,1
A0A222EQ20,A0A2E7NAI8,A0A4R1HK89,B7Z3K9,2.242E-01,1
A0A222EQ20,A0A2E7NAI8,A0A4R1HK89,H3BQN4,2.242E-01,1
A0A222EQ20,A0A2E7NAI8,A0A4R1HK89,J3KPS3,2.242E-01,1
A0A222EQ20,A0A2E7NAI8,A0A4R1HK89,P04075,2.242E-01,1
A0A222EQ20,A0A2E7NAI8,A0A4R1HK89,P05062,2.242E-01,1
A0A222EQ20,A0A2E7NAI8,A0A4R1HK89,P09972,2.242E-01,1
A0A222EQ20,A0A2E7NAI8,A0A4R1HK89,Q8NHT3,2.242E-01,1
A0A222EQ20,A0A2E7NAI8,A0A4R1HK89,V9HWN7,2.242E-01,1
A0A222EQ20,A0A2E7NAI8,A0A4Y8X1W0,A0A182DWF3,5.114E-01,1
A0A222EQ20,A0A2E7NAI8,A0A4Y8X1W0,A0A182DWI3,5.114E-01,1
A0A222EQ20,A0A2E7NAI8,A0A4Y8X1W0,A0A6Q8PFE1,5.114E-01,1
A0A222EQ20,A0A2E7NAI8,A0A4Y8X1W0,B2R5P6,5.114E-01,1
A0A222EQ20,A0A2E7NAI8,A0A4Y8X1W0,E2QRB9,5.114E-01,1
A0A222EQ20,A0A2E7NAI8,A0A4Y8X1W0,E9PIR7,5.114E-01,1
A0A222EQ20,A0A2E7NAI8,A0A4Y8X1W0,F8W809,5.114E-01,1
A0A222EQ20,A0A2E7NAI8,A0A6J7IYI8,A0A024R9W0,3.209E-02,1
A0A222EQ20,A0A2E7NAI8,A0A6J7IYI8,O43766,3.209E-02,1
A0A222EQ20,A0A2E7NAI8,A0A7C4XGU2,A0A1W2PRE7,1.688E-03,1
A0A222EQ20,A0A2E7NAI8,A0A7J2YIT3,Q9NTM9,7.765E-02,1
A0A222EQ20,A0A2E7NAI8,A0A7S1XQM9,A0A087WWV6,1.129E-05,1
A0A222EQ20,A0A2E7NAI8,A0A811SNG6,P35914,2.378E-01,1
A0A222EQ20,A0A2E7NAI8,A0A813B473,B3KNL8,4.040E-01,1
A0A222EQ20,A0A2E7NAI8,A0A840UYP1,A0A024RD17,3.348E-10,1
A0A222EQ20,A0A2E7NAI8,A0A850AKG2,B2RAR3,9.776E-01,1
A0A222EQ20,A0A2E7NAI8,A0A850AKG2,Q9BXR0,9.776E-01,1
A0A2A4GFD7,A0A1F5EBF3,A0A0F9SLM6,J3QKL0,2.640E-01,1
A0A2A4GFD7,A0A1F5EBF3,A0A0F9SLM6,Q8WVB3,2.640E-01,1
A0A2A4GFD7,A0A1F5EBF3,A0A0G1GDQ5,A0A068F4C8,6.304E-01,1
A0A2A4GFD7,A0A1F5EBF3,A0A0G1GDQ5,A0A068F579,6.304E-01,1
A0A2A4GFD7,A0A1F5EBF3,A0A0G1GDQ5,A0A068F753,6.304E-01,2
A0A2A4GFD7,A0A1F5EBF3,A0A149U7W4,B4DZX4,7.762E-02,1
A0A2A4GFD7,A0A1F5EBF3,A0A166DIW0,P56545,2.984E-01,1
A0A2A4GFD7,A0A1F5EBF3,A0A166DIW0,Q13363,2.984E-01,1
A0A2A4GFD7,A0A1F5EBF3,A0A166DIW0,Q4KMQ8,2.984E-01,1
A0A2A4GFD7,A0A1F5EBF3,A0A166DIW0,X5D8Y5,2.984E-01,1
A0A2A4GFD7,A0A1F5EBF3,A0A196S7R3,B3KQS3,1.967E-02,1
A0A2A4GFD7,A0A1F5EBF3,A0A1G2XDT8,Q86XE5,8.752E-02,1
A0A2A4GFD7,A0A1F5EBF3,A0A1G2XDT8,Q9BXD5,8.752E-02,1
A0A2A4GFD7,A0A1F5EBF3,A0A1Y2EUF5,B2RBF5,8.231E-02,1
A0A2A4GFD7,A0A1F5EBF3,A0A1Y2EUF5,B4DQ98,8.231E-02,1
A0A2A4GFD7,A0A1F5EBF3,A0A1Y2EUF5,Q01459,8.231E-02,1
A0A2A4GFD7,A0A1F5EBF3,A0A2C5YZ57,F8W9T8,6.230E-01,1
A0A2A4GFD7,A0A1F5EBF3,A0A2E7NAI8,A0A7P0TA11,4.668E-06,1
A0A2A4GFD7,A0A1F5EBF3,A0A2E7NAI8,B4DT76,4.668E-06,1
A0A2A4GFD7,A0A1F5EBF3,A0A2M7UQ97,Q9H9T3,1.776E-02,2
A0A2A4GFD7,A0A1F5EBF3,A0A354ZGE7,A0A024RCB5,4.192E-02,1
A0A2A4GFD7,A0A1F5EBF3,A0A354ZGE7,B4DN31,4.192E-02,1
A0A2A4GFD7,A0A1F5EBF3,A0A354ZGE7,B7Z705,4.192E-02,1
A0A2A4GFD7,A0A1F5EBF3,A0A354ZGE7,Q9BWS9,4.192E-02,1
A0A2A4GFD7,A0A1F5EBF3,A0A381SPJ7,A0A1W2PQE9,9.048E-03,1
A0A2A4GFD7,A0A1F5EBF3,A0A381SPJ7,A0A1X7SBR7,9.048E-03,1
A0A2A4GFD7,A0A1F5EBF3,A0A381SPJ7,D6RCP8,9.048E-03,1
A0A2A4GFD7,A0A1F5EBF3,A0A3B3Z833,A0A087WY76,7.263E-01,1
A0A2A4GFD7,A0A1F5EBF3,A0A3B3Z833,A0A0G2JN38,7.263E-01,1
A0A2A4GFD7,A0A1F5EBF3,A0A3B3Z833,A0A0G2JNS6,7.263E-01,1
A0A2A4GFD7,A0A1F5EBF3,A0A3B3Z833,A0A0G2JRB5,7.263E-01,1
A0A2A4GFD7,A0A1F5EBF3,A0A3B3Z833,I3L1V5,7.263E-01,1
A0A2A4GFD7,A0A1F5EBF3,A0A3B3Z833,I3L2E4,7.263E-01,1
A0A2A4GFD7,A0A1F5EBF3,A0A3M7T9Y6,A0A7P0T9F7,8.466E-01,1
A0A2A4GFD7,A0A1F5EBF3,A0A3M7T9Y6,A0A7P0TAN7,8.466E-01,1
A0A2A4GFD7,A0A1F5EBF3,A0A3M7T9Y6,A0A7P0TBF8,8.466E-01,1
A0A2A4GFD7,A0A1F5EBF3,A0A3M7T9Y6,A0A7P0Z4A0,8.466E-01,1
A0A2A4GFD7,A0A1F5EBF3,A0A3M7T9Y6,A0A7P0Z4P5,8.466E-01,1
A0A2A4GFD7,A0A1F5EBF3,A0A3M7T9Y6,B4E2Z3,8.466E-01,2
A0A2A4GFD7,A0A1F5EBF3,A0A3M7T9Y6,F5GZS6,8.466E-01,1
A0A2A4GFD7,A0A1F5EBF3,A0A3M7T9Y6,J3KPF3,8.466E-01,1
A0A2A4GFD7,A0A1F5EBF3,A0A3M7T9Y6,P08195,8.466E-01,1
A0A2A4GFD7,A0A1F5EBF3,A0A4Q4X9Q8,Q8IYR2,6.230E-01,1
A0A2A4GFD7,A0A1F5EBF3,A0A4R4Y322,A0A024R0A8,7.043E-01,1
A0A2A4GFD7,A0A1F5EBF3,A0A4R4Y322,A0A384MTQ3,7.043E-01,1
A0A2A4GFD7,A0A1F5EBF3,A0A4R4Y322,O43865,7.043E-01,1
A0A2A4GFD7,A0A1F5EBF3,A0A4R4Y322,P23526,7.043E-01,1
A0A2A4GFD7,A0A1F5EBF3,A0A4R4Y322,Q6ZNS6,7.043E-01,1
A0A2A4GFD7,A0A1F5EBF3,A0A4R4Y322,Q96HN2,7.043E-01,1
A0A2A4GFD7,A0A1F5EBF3,A0A6J7IYI8,A0A024R9W0,1.785E-04,1
A0A2A4GFD7,A0A1F5EBF3,A0A6J7IYI8,O43766,1.785E-04,1
A0A2A4GFD7,A0A1F5EBF3,A0A7C4XGU2,A0A1W2PRE7,1.511E-03,1
A0A2A4GFD7,A0A1F5EBF3,A0A840UYP1,A0A024RD17,5.210E-03,1
A0A2A4GFD7,A0A1F5EBF3,B6BWL7,B4DID5,1.345E-01,1
A0A2A4GFD7,A0A1F5EBF3,W4TNL4,A0A0S2Z4A8,4.056E-01,1
A0A2A4GFD7,A0A1F5EBF3,W4TNL4,Q7KYX9,4.056E-01,1
A0A2K8UJG1,A0A2E7NAI8,A0A0C2ICF2,B4DW16,2.914E-06,2
A0A2K8UJG1,A0A2E7NAI8,A0A0F9SLM6,J3QKL0,5.141E-02,1
A0A2K8UJG1,A0A2E7NAI8,A0A0F9SLM6,Q8WVB3,5.141E-02,1
A0A2K8UJG1,A0A2E7NAI8,A0A0L1L0F1,A0A087WUV9,1.706E-05,1
A0A2K8UJG1,A0A2E7NAI8,A0A0L1L0F1,Q6NUM6,1.706E-05,1
A0A2K8UJG1,A0A2E7NAI8,A0A0L1L0F1,Q9NV66,1.706E-05,1
A0A2K8UJG1,A0A2E7NAI8,A0A0S7FLG1,B7Z282,3.192E-01,1
A0A2K8UJG1,A0A2E7NAI8,A0A183C974,O60502,1.993E-01,2
A0A2K8UJG1,A0A2E7NAI8,A0A1I7RVN4,A8K6I4,4.040E-01,1
A0A2K8UJG1,A0A2E7NAI8,A0A1I7RVN4,B4E3M6,4.040E-01,1
A0A2K8UJG1,A0A2E7NAI8,A0A1I7RVN4,P42285,4.040E-01,1
A0A2K8UJG1,A0A2E7NAI8,A0A2E7NAI8,A0A7P0TA11,7.102E-63,1
A0A2K8UJG1,A0A2E7NAI8,A0A2E7NAI8,B4DT76,7.102E-63,1
A0A2K8UJG1,A0A2E7NAI8,A0A2L0SXM4,B1AK13,1.399E-01,1
A0A2K8UJG1,A0A2E7NAI8,A0A2L0SXM4,Q8TB92,1.399E-01,1
A0A2K8UJG1,A0A2E7NAI8,A0A2M7UQ97,Q9H9T3,7.321E-02,2
A0A2K8UJG1,A0A2E7NAI8,A0A2S4VGH7,H7C3X0,2.536E-02,1
A0A2K8UJG1,A0A2E7NAI8,A0A2T0VWC6,B5LY64,1.106E-01,1
A0A2K8UJG1,A0A2E7NAI8,A0A2T0VWC6,B5LY70,1.106E-01,2
A0A2K8UJG1,A0A2E7NAI8,A0A2V8H346,B2RBQ0,7.724E-01,1
A0A2K8UJG1,A0A2E7NAI8,A0A2V8H346,B3KSN9,7.724E-01,1
A0A2K8UJG1,A0A2E7NAI8,A0A3C1LRD4,A0A024RAJ6,6.790E-02,1
A0A2K8UJG1,A0A2E7NAI8,A0A3C1LRD4,P07686,6.790E-02,1
A0A2K8UJG1,A0A2E7NAI8,A0A3C1LRD4,Q5URX0,6.790E-02,1
A0A2K8UJG1,A0A2E7NAI8,A0A446N3T8,P60174,2.378E-01,1
A0A2K8UJG1,A0A2E7NAI8,A0A446N3T8,V9HWK1,2.378E-01,1
A0A2K8UJG1,A0A2E7NAI8,A0A478FQ18,B4DUI5,5.114E-01,1
A0A2K8UJG1,A0A2E7NAI8,A0A4R1HK89,A0A024QZ64,2.242E-01,1
A0A2K8UJG1,A0A2E7NAI8,A0A4R1HK89,A0A024R145,2.242E-01,1
A0A2K8UJG1,A0A2E7NAI8,A0A4R1HK89,A0A087WXX2,2.242E-01,1
A0A2K8UJG1,A0A2E7NAI8,A0A4R1HK89,A0A3B3IS80,2.242E-01,1
A0A2K8UJG1,A0A2E7NAI8,A0A4R1HK89,A8K430,2.242E-01,1
A0A2K8UJG1,A0A2E7NAI8,A0A4R1HK89,A8MVZ9,2.242E-01,1
A0A2K8UJG1,A0A2E7NAI8,A0A4R1HK89,B7Z1N6,2.242E-01,1
A0A2K8UJG1,A0A2E7NAI8,A0A4R1HK89,B7Z1Y2,2.242E-01,1
A0A2K8UJG1,A0A2E7NAI8,A0A4R1HK89,B7Z3K9,2.242E-01,1
A0A2K8UJG1,A0A2E7NAI8,A0A4R1HK89,H3BQN4,2.242E-01,1
A0A2K8UJG1,A0A2E7NAI8,A0A4R1HK89,J3KPS3,2.242E-01,1
A0A2K8UJG1,A0A2E7NAI8,A0A4R1HK89,P04075,2.242E-01,1
A0A2K8UJG1,A0A2E7NAI8,A0A4R1HK89,P05062,2.242E-01,1
A0A2K8UJG1,A0A2E7NAI8,A0A4R1HK89,P09972,2.242E-01,1
A0A2K8UJG1,A0A2E7NAI8,A0A4R1HK89,Q8NHT3,2.242E-01,1
A0A2K8UJG1,A0A2E7NAI8,A0A4R1HK89,V9HWN7,2.242E-01,1
A0A2K8UJG1,A0A2E7NAI8,A0A4Y8X1W0,A0A182DWF3,5.114E-01,1
A0A2K8UJG1,A0A2E7NAI8,A0A4Y8X1W0,A0A182DWI3,5.114E-01,1
A0A2K8UJG1,A0A2E7NAI8,A0A4Y8X1W0,A0A6Q8PFE1,5.114E-01,1
A0A2K8UJG1,A0A2E7NAI8,A0A4Y8X1W0,B2R5P6,5.114E-01,1
A0A2K8UJG1,A0A2E7NAI8,A0A4Y8X1W0,E2QRB9,5.114E-01,1
A0A2K8UJG1,A0A2E7NAI8,A0A4Y8X1W0,E9PIR7,5.114E-01,1
A0A2K8UJG1,A0A2E7NAI8,A0A4Y8X1W0,F8W809,5.114E-01,1
A0A2K8UJG1,A0A2E7NAI8,A0A6J7IYI8,A0A024R9W0,3.209E-02,1
A0A2K8UJG1,A0A2E7NAI8,A0A6J7IYI8,O43766,3.209E-02,1
A0A2K8UJG1,A0A2E7NAI8,A0A7C4XGU2,A0A1W2PRE7,1.688E-03,1
A0A2K8UJG1,A0A2E7NAI8,A0A7J2YIT3,Q9NTM9,7.765E-02,1
A0A2K8UJG1,A0A2E7NAI8,A0A7S1XQM9,A0A087WWV6,1.129E-05,1
A0A2K8UJG1,A0A2E7NAI8,A0A811SNG6,P35914,2.378E-01,1
A0A2K8UJG1,A0A2E7NAI8,A0A813B473,B3KNL8,4.040E-01,1
A0A2K8UJG1,A0A2E7NAI8,A0A840UYP1,A0A024RD17,3.348E-10,1
A0A2K8UJG1,A0A2E7NAI8,A0A850AKG2,B2RAR3,9.776E-01,1
A0A2K8UJG1,A0A2E7NAI8,A0A850AKG2,Q9BXR0,9.776E-01,1
A0A2L2LZM9,A0A1F5EBF3,A0A0F9SLM6,J3QKL0,2.640E-01,1
A0A2L2LZM9,A0A1F5EBF3,A0A0F9SLM6,Q8WVB3,2.640E-01,1
A0A2L2LZM9,A0A1F5EBF3,A0A0G1GDQ5,A0A068F4C8,6.304E-01,1
A0A2L2LZM9,A0A1F5EBF3,A0A0G1GDQ5,A0A068F579,6.304E-01,1
A0A2L2LZM9,A0A1F5EBF3,A0A0G1GDQ5,A0A068F753,6.304E-01,2
A0A2L2LZM9,A0A1F5EBF3,A0A149U7W4,B4DZX4,7.762E-02,1
A0A2L2LZM9,A0A1F5EBF3,A0A166DIW0,P56545,2.984E-01,1
A0A2L2LZM9,A0A1F5EBF3,A0A166DIW0,Q13363,2.984E-01,1
A0A2L2LZM9,A0A1F5EBF3,A0A166DIW0,Q4KMQ8,2.984E-01,1
A0A2L2LZM9,A0A1F5EBF3,A0A166DIW0,X5D8Y5,2.984E-01,1
A0A2L2LZM9,A0A1F5EBF3,A0A196S7R3,B3KQS3,1.967E-02,1
A0A2L2LZM9,A0A1F5EBF3,A0A1G2XDT8,Q86XE5,8.752E-02,1
A0A2L2LZM9,A0A1F5EBF3,A0A1G2XDT8,Q9BXD5,8.752E-02,1
A0A2L2LZM9,A0A1F5EBF3,A0A1Y2EUF5,B2RBF5,8.231E-02,1
A0A2L2LZM9,A0A1F5EBF3,A0A1Y2EUF5,B4DQ98,8.231E-02,1
A0A2L2LZM9,A0A1F5EBF3,A0A1Y2EUF5,Q01459,8.231E-02,1
A0A2L2LZM9,A0A1F5EBF3,A0A2C5YZ57,F8W9T8,6.230E-01,1
A0A2L2LZM9,A0A1F5EBF3,A0A2E7NAI8,A0A7P0TA11,4.668E-06,1
A0A2L2LZM9,A0A1F5EBF3,A0A2E7NAI8,B4DT76,4.668E-06,1
A0A2L2LZM9,A0A1F5EBF3,A0A2M7UQ97,Q9H9T3,1.776E-02,2
A0A2L2LZM9,A0A1F5EBF3,A0A354ZGE7,A0A024RCB5,4.192E-02,1
A0A2L2LZM9,A0A1F5EBF3,A0A354ZGE7,B4DN31,4.192E-02,1
A0A2L2LZM9,A0A1F5EBF3,A0A354ZGE7,B7Z705,4.192E-02,1
A0A2L2LZM9,A0A1F5EBF3,A0A354ZGE7,Q9BWS9,4.192E-02,1
A0A2L2LZM9,A0A1F5EBF3,A0A381SPJ7,A0A1W2PQE9,9.048E-03,1
A0A2L2LZM9,A0A1F5EBF3,A0A381SPJ7,A0A1X7SBR7,9.048E-03,1
A0A2L2LZM9,A0A1F5EBF3,A0A381SPJ7,D6RCP8,9.048E-03,1
A0A2L2LZM9,A0A1F5EBF3,A0A3B3Z833,A0A087WY76,7.263E-01,1
A0A2L2LZM9,A0A1F5EBF3,A0A3B3Z833,A0A0G2JN38,7.263E-01,1
A0A2L2LZM9,A0A1F5EBF3,A0A3B3Z833,A0A0G2JNS6,7.263E-01,1
A0A2L2LZM9,A0A1F5EBF3,A0A3B3Z833,A0A0G2JRB5,7.263E-01,1
A0A2L2LZM9,A0A1F5EBF3,A0A3B3Z833,I3L1V5,7.263E-01,1
A0A2L2LZM9,A0A1F5EBF3,A0A3B3Z833,I3L2E4,7.263E-01,1
A0A2L2LZM9,A0A1F5EBF3,A0A3M7T9Y6,A0A7P0T9F7,8.466E-01,1
A0A2L2LZM9,A0A1F5EBF3,A0A3M7T9Y6,A0A7P0TAN7,8.466E-01,1
A0A2L2LZM9,A0A1F5EBF3,A0A3M7T9Y6,A0A7P0TBF8,8.466E-01,1
A0A2L2LZM9,A0A1F5EBF3,A0A3M7T9Y6,A0A7P0Z4A0,8.466E-01,1
A0A2L2LZM9,A0A1F5EBF3,A0A3M7T9Y6,A0A7P0Z4P5,8.466E-01,1
A0A2L2LZM9,A0A1F5EBF3,A0A3M7T9Y6,B4E2Z3,8.466E-01,2
A0A2L2LZM9,A0A1F5EBF3,A0A3M7T9Y6,F5GZS6,8.466E-01,1
A0A2L2LZM9,A0A1F5EBF3,A0A3M7T9Y6,J3KPF3,8.466E-01,1
A0A2L2LZM9,A0A1F5EBF3,A0A3M7T9Y6,P08195,8.466E-01,1
A0A2L2LZM9,A0A1F5EBF3,A0A4Q4X9Q8,Q8IYR2,6.230E-01,1
A0A2L2LZM9,A0A1F5EBF3,A0A4R4Y322,A0A024R0A8,7.043E-01,1
A0A2L2LZM9,A0A1F5EBF3,A0A4R4Y322,A0A384MTQ3,7.043E-01,1
A0A2L2LZM9,A0A1F5EBF3,A0A4R4Y322,O43865,7.043E-01,1
A0A2L2LZM9,A0A1F5EBF3,A0A4R4Y322,P23526,7.043E-01,1
A0A2L2LZM9,A0A1F5EBF3,A0A4R4Y322,Q6ZNS6,7.043E-01,1
A0A2L2LZM9,A0A1F5EBF3,A0A4R4Y322,Q96HN2,7.043E-01,1
A0A2L2LZM9,A0A1F5EBF3,A0A6J7IYI8,A0A024R9W0,1.785E-04,1
A0A2L2LZM9,A0A1F5EBF3,A0A6J7IYI8,O43766,1.785E-04,1
A0A2L2LZM9,A0A1F5EBF3,A0A7C4XGU2,A0A1W2PRE7,1.511E-03,1
A0A2L2LZM9,A0A1F5EBF3,A0A840UYP1,A0A024RD17,5.210E-03,1
A0A2L2LZM9,A0A1F5EBF3,B6BWL7,B4DID5,1.345E-01,1
A0A2L2LZM9,A0A1F5EBF3,W4TNL4,A0A0S2Z4A8,4.056E-01,1
A0A2L2LZM9,A0A1F5EBF3,W4TNL4,Q7KYX9,4.056E-01,1
A0A2Z2MWB5,A0A2E7NAI8,A0A0C2ICF2,B4DW16,2.914E-06,2
A0A2Z2MWB5,A0A2E7NAI8,A0A0F9SLM6,J3QKL0,5.141E-02,1
A0A2Z2MWB5,A0A2E7NAI8,A0A0F9SLM6,Q8WVB3,5.141E-02,1
A0A2Z2MWB5,A0A2E7NAI8,A0A0L1L0F1,A0A087WUV9,1.706E-05,1
A0A2Z2MWB5,A0A2E7NAI8,A0A0L1L0F1,Q6NUM6,1.706E-05,1
A0A2Z2MWB5,A0A2E7NAI8,A0A0L1L0F1,Q9NV66,1.706E-05,1
A0A2Z2MWB5,A0A2E7NAI8,A0A0S7FLG1,B7Z282,3.192E-01,1
A0A2Z2MWB5,A0A2E7NAI8,A0A183C974,O60502,1.993E-01,2
A0A2Z2MWB5,A0A2E7NAI8,A0A1I7RVN4,A8K6I4,4.040E-01,1
A0A2Z2MWB5,A0A2E7NAI8,A0A1I7RVN4,B4E3M6,4.040E-01,1
A0A2Z2MWB5,A0A2E7NAI8,A0A1I7RVN4,P42285,4.040E-01,1
A0A2Z2MWB5,A0A2E7NAI8,A0A2E7NAI8,A0A7P0TA11,7.102E-63,1
A0A2Z2MWB5,A0A2E7NAI8,A0A2E7NAI8,B4DT76,7.102E-63,1
A0A2Z2MWB5,A0A2E7NAI8,A0A2L0SXM4,B1AK13,1.399E-01,1
A0A2Z2MWB5,A0A2E7NAI8,A0A2L0SXM4,Q8TB92,1.399E-01,1
A0A2Z2MWB5,A0A2E7NAI8,A0A2M7UQ97,Q9H9T3,7.321E-02,2
A0A2Z2MWB5,A0A2E7NAI8,A0A2S4VGH7,H7C3X0,2.536E-02,1
A0A2Z2MWB5,A0A2E7NAI8,A0A2T0VWC6,B5LY64,1.106E-01,1
A0A2Z2MWB5,A0A2E7NAI8,A0A2T0VWC6,B5LY70,1.106E-01,2
A0A2Z2MWB5,A0A2E7NAI8,A0A2V8H346,B2RBQ0,7.724E-01,1
A0A2Z2MWB5,A0A2E7NAI8,A0A2V8H346,B3KSN9,7.724E-01,1
A0A2Z2MWB5,A0A2E7NAI8,A0A3C1LRD4,A0A024RAJ6,6.790E-02,1
A0A2Z2MWB5,A0A2E7NAI8,A0A3C1LRD4,P07686,6.790E-02,1
A0A2Z2MWB5,A0A2E7NAI8,A0A3C1LRD4,Q5URX0,6.790E-02,1
A0A2Z2MWB5,A0A2E7NAI8,A0A446N3T8,P60174,2.378E-01,1
A0A2Z2MWB5,A0A2E7NAI8,A0A446N3T8,V9HWK1,2.378E-01,1
A0A2Z2MWB5,A0A2E7NAI8,A0A478FQ18,B4DUI5,5.114E-01,1
A0A2Z2MWB5,A0A2E7NAI8,A0A4R1HK89,A0A024QZ64,2.242E-01,1
A0A2Z2MWB5,A0A2E7NAI8,A0A4R1HK89,A0A024R145,2.242E-01,1
A0A2Z2MWB5,A0A2E7NAI8,A0A4R1HK89,A0A087WXX2,2.242E-01,1
A0A2Z2MWB5,A0A2E7NAI8,A0A4R1HK89,A0A3B3IS80,2.242E-01,1
A0A2Z2MWB5,A0A2E7NAI8,A0A4R1HK89,A8K430,2.242E-01,1
A0A2Z2MWB5,A0A2E7NAI8,A0A4R1HK89,A8MVZ9,2.242E-01,1
A0A2Z2MWB5,A0A2E7NAI8,A0A4R1HK89,B7Z1N6,2.242E-01,1
A0A2Z2MWB5,A0A2E7NAI8,A0A4R1HK89,B7Z1Y2,2.242E-01,1
A0A2Z2MWB5,A0A2E7NAI8,A0A4R1HK89,B7Z3K9,2.242E-01,1
A0A2Z2MWB5,A0A2E7NAI8,A0A4R1HK89,H3BQN4,2.242E-01,1
A0A2Z2MWB5,A0A2E7NAI8,A0A4R1HK89,J3KPS3,2.242E-01,1
A0A2Z2MWB5,A0A2E7NAI8,A0A4R1HK89,P04075,2.242E-01,1
A0A2Z2MWB5,A0A2E7NAI8,A0A4R1HK89,P05062,2.242E-01,1
A0A2Z2MWB5,A0A2E7NAI8,A0A4R1HK89,P09972,2.242E-01,1
A0A2Z2MWB5,A0A2E7NAI8,A0A4R1HK89,Q8NHT3,2.242E-01,1
A0A2Z2MWB5,A0A2E7NAI8,A0A4R1HK89,V9HWN7,2.242E-01,1
A0A2Z2MWB5,A0A2E7NAI8,A0A4Y8X1W0,A0A182DWF3,5.114E-01,1
A0A2Z2MWB5,A0A2E7NAI8,A0A4Y8X1W0,A0A182DWI3,5.114E-01,1
A0A2Z2MWB5,A0A2E7NAI8,A0A4Y8X1W0,A0A6Q8PFE1,5.114E-01,1
A0A2Z2MWB5,A0A2E7NAI8,A0A4Y8X1W0,B2R5P6,5.114E-01,1
A0A2Z2MWB5,A0A2E7NAI8,A0A4Y8X1W0,E2QRB9,5.114E-01,1
A0A2Z2MWB5,A0A2E7NAI8,A0A4Y8X1W0,E9PIR7,5.114E-01,1
A0A2Z2MWB5,A0A2E7NAI8,A0A4Y8X1W0,F8W809,5.114E-01,1
A0A2Z2MWB5,A0A2E7NAI8,A0A6J7IYI8,A0A024R9W0,3.209E-02,1
A0A2Z2MWB5,A0A2E7NAI8,A0A6J7IYI8,O43766,3.209E-02,1
A0A2Z2MWB5,A0A2E7NAI8,A0A7C4XGU2,A0A1W2PRE7,1.688E-03,1
A0A2Z2MWB5,A0A2E7NAI8,A0A7J2YIT3,Q9NTM9,7.765E-02,1
A0A2Z2MWB5,A0A2E7NAI8,A0A7S1XQM9,A0A087WWV6,1.129E-05,1
A0A2Z2MWB5,A0A2E7NAI8,A0A811SNG6,P35914,2.378E-01,1
A0A2Z2MWB5,A0A2E7NAI8,A0A813B473,B3KNL8,4.040E-01,1
A0A2Z2MWB5,A0A2E7NAI8,A0A840UYP1,A0A024RD17,3.348E-10,1
A0A2Z2MWB5,A0A2E7NAI8,A0A850AKG2,B2RAR3,9.776E-01,1
A0A2Z2MWB5,A0A2E7NAI8,A0A850AKG2,Q9BXR0,9.776E-01,1
A0A330LKB8,A0A090IHR2,A0A067D512,A8MYU2,8.246E-02,1
A0A330LKB8,A0A090IHR2,A0A067D512,B4DYE4,8.246E-02,1
A0A330LKB8,A0A090IHR2,A0A067D512,E5RHP1,8.246E-02,1
A0A330LKB8,A0A090IHR2,A0A0A0KP88,C9J7H8,9.230E-01,1
A0A330LKB8,A0A090IHR2,A0A0B0I3U5,B3KU96,3.168E-01,2
A0A330LKB8,A0A090IHR2,A0A0C2ICF2,B4DW16,9.853E-05,2
A0A330LKB8,A0A090IHR2,A0A0F9SLM6,J3QKL0,6.445E-02,1
A0A330LKB8,A0A090IHR2,A0A0F9SLM6,Q8WVB3,6.445E-02,1
A0A330LKB8,A0A090IHR2,A0A0G0MI37,C9IZU8,9.829E-02,1
A0A330LKB8,A0A090IHR2,A0A0G0MI37,Q96AT9,9.829E-02,1
A0A330LKB8,A0A090IHR2,A0A0G1GDQ5,A0A068F4C8,3.263E-03,1
A0A330LKB8,A0A090IHR2,A0A0G1GDQ5,A0A068F579,3.263E-03,1
A0A330LKB8,A0A090IHR2,A0A0G1GDQ5,A0A068F753,3.263E-03,2
A0A330LKB8,A0A090IHR2,A0A0L1L0F1,A0A087WUV9,2.282E-05,1
A0A330LKB8,A0A090IHR2,A0A0L1L0F1,Q6NUM6,2.282E-05,1
A0A330LKB8,A0A090IHR2,A0A0L1L0F1,Q9NV66,2.282E-05,1
A0A330LKB8,A0A090IHR2,A0A0N5A0M0,B4E0A4,5.060E-01,1
A0A330LKB8,A0A090IHR2,A0A151NPA0,J3QKP9,1.315E-01,1
A0A330LKB8,A0A090IHR2,A0A151NPA0,J3QLE4,1.315E-01,1
A0A330LKB8,A0A090IHR2,A0A151NPA0,O95620,1.315E-01,1
A0A330LKB8,A0A090IHR2,A0A166DIW0,P56545,1.042E-01,1
A0A330LKB8,A0A090IHR2,A0A166DIW0,Q13363,1.042E-01,1
A0A330LKB8,A0A090IHR2,A0A166DIW0,Q4KMQ8,1.042E-01,1
A0A330LKB8,A0A090IHR2,A0A166DIW0,X5D8Y5,1.042E-01,1
A0A330LKB8,A0A090IHR2,A0A183ATV0,Q12882,2.364E-01,1
A0A330LKB8,A0A090IHR2,A0A1E7RMV8,G3V158,7.450E-02,1
A0A330LKB8,A0A090IHR2,A0A1G2XDT8,Q86XE5,3.776E-01,1
A0A330LKB8,A0A090IHR2,A0A1G2XDT8,Q9BXD5,3.776E-01,1
A0A330LKB8,A0A090IHR2,A0A1I0KNA7,Q2M1H9,1.196E-02,1
A0A330LKB8,A0A090IHR2,A0A1I0KNA7,Q8WWQ2,1.196E-02,1
A0A330LKB8,A0A090IHR2,A0A1I4HJE2,A0A024R969,1.318E-01,1
A0A330LKB8,A0A090IHR2,A0A1I4HJE2,P36222,1.318E-01,1
A0A330LKB8,A0A090IHR2,A0A1I8IYD6,B2R6Q5,2.401E-07,1
A0A330LKB8,A0A090IHR2,A0A1I8IYD6,C9J674,2.401E-07,1
A0A330LKB8,A0A090IHR2,A0A1I8IYD6,Q8WXG1,2.401E-07,1
A0A330LKB8,A0A090IHR2,A0A1V5CW40,Q2NKP2,1.079E-01,1
A0A330LKB8,A0A090IHR2,A0A1X6NSQ8,A0A2R8Y570,2.364E-01,1
A0A330LKB8,A0A090IHR2,A0A1X6NSQ8,A0A2R8Y6G5,2.364E-01,1
A0A330LKB8,A0A090IHR2,A0A1X6NSQ8,A0A2R8YFR9,2.364E-01,1
A0A330LKB8,A0A090IHR2,A0A1X6NSQ8,A8K968,2.364E-01,1
A0A330LKB8,A0A090IHR2,A0A1X6NSQ8,B3KY28,2.364E-01,1
A0A330LKB8,A0A090IHR2,A0A1X6NSQ8,Q1WWM3,2.364E-01,1
A0A330LKB8,A0A090IHR2,A0A1X6NSQ8,Q29RX4,2.364E-01,3
A0A330LKB8,A0A090IHR2,A0A1Y2B7U8,A0A024R5C5,2.876E-02,1
A0A330LKB8,A0A090IHR2,A0A1Y2B7U8,P11498,2.876E-02,1
A0A330LKB8,A0A090IHR2,A0A2C5YZ57,F8W9T8,8.743E-02,1
A0A330LKB8,A0A090IHR2,A0A2E7NAI8,A0A7P0TA11,2.898E-05,1
A0A330LKB8,A0A090IHR2,A0A2E7NAI8,B4DT76,2.898E-05,1
A0A330LKB8,A0A090IHR2,A0A2J6WLT6,I3L4N6,4.501E-01,1
A0A330LKB8,A0A090IHR2,A0A2J6WLT6,Q9UP95,4.501E-01,1
A0A330LKB8,A0A090IHR2,A0A2T0VWC6,B5LY64,5.968E-02,1
A0A330LKB8,A0A090IHR2,A0A2T0VWC6,B5LY70,5.968E-02,2
A0A330LKB8,A0A090IHR2,A0A2V7SPU4,A0A024QZ74,1.871E-01,1
A0A330LKB8,A0A090IHR2,A0A2V7SPU4,Q9BSE5,1.871E-01,1
A0A330LKB8,A0A090IHR2,A0A2V8U024,B4DM79,3.428E-01,2
A0A330LKB8,A0A090IHR2,A0A2V9XBV7,A0A068F658,1.128E-02,1
A0A330LKB8,A0A090IHR2,A0A2V9XBV7,A0A068FB60,1.128E-02,2
A0A330LKB8,A0A090IHR2,A0A2V9XBV7,A0A0G2JLB3,1.128E-02,1
A0A330LKB8,A0A090IHR2,A0A2V9XBV7,A0A0G2JNZ0,1.128E-02,1
A0A330LKB8,A0A090IHR2,A0A2V9XBV7,A0A0G2JNZ5,1.128E-02,1
A0A330LKB8,A0A090IHR2,A0A2V9XBV7,A0A223PQI4,1.128E-02,1
A0A330LKB8,A0A090IHR2,A0A2V9XBV7,B2R6A7,1.128E-02,1
A0A330LKB8,A0A090IHR2,A0A2V9XBV7,B7Z6E6,1.128E-02,1
A0A330LKB8,A0A090IHR2,A0A2V9XBV7,B7Z6S9,1.128E-02,1
A0A330LKB8,A0A090IHR2,A0A2V9XBV7,B7Z731,1.128E-02,1
A0A330LKB8,A0A090IHR2,A0A2V9XBV7,D3DV87,1.128E-02,1
A0A330LKB8,A0A090IHR2,A0A2V9XBV7,P04062,1.128E-02,1
A0A330LKB8,A0A090IHR2,A0A2Y9DCI9,Q96CD0,4.710E-01,1
A0A330LKB8,A0A090IHR2,A0A350PLX8,A0A024R9S2,5.112E-01,1
A0A330LKB8,A0A090IHR2,A0A350PLX8,Q6DHV7,5.112E-01,1
A0A330LKB8,A0A090IHR2,A0A376NWI4,C9JCL8,9.631E-01,3
A0A330LKB8,A0A090IHR2,A0A376NWI4,E9PBG9,9.631E-01,1
A0A330LKB8,A0A090IHR2,A0A376S6T9,B4DTH9,2.781E-01,1
A0A330LKB8,A0A090IHR2,A0A3C1LRD4,A0A024RAJ6,5.961E-01,1
A0A330LKB8,A0A090IHR2,A0A3C1LRD4,P07686,5.961E-01,1
A0A330LKB8,A0A090IHR2,A0A3C1LRD4,Q5URX0,5.961E-01,1
A0A330LKB8,A0A090IHR2,A0A3D2GQ59,Q9HA92,1.130E-05,1
A0A330LKB8,A0A090IHR2,A0A3Q3WRX6,B2RA77,6.997E-01,1
A0A330LKB8,A0A090IHR2,A0A3Q3WRX6,Q12889,6.997E-01,1
A0A330LKB8,A0A090IHR2,A0A3Q3WRX6,Q59HH5,6.997E-01,1
A0A330LKB8,A0A090IHR2,A0A3Q3WRX6,Q86YN0,6.997E-01,1
A0A330LKB8,A0A090IHR2,A0A3Q7WWD7,F5GWI4,4.115E-01,1
A0A330LKB8,A0A090IHR2,A0A478FQ18,B4DUI5,9.631E-01,1
A0A330LKB8,A0A090IHR2,A0A4Q3MAV7,A4D0Y0,3.109E-02,2
A0A330LKB8,A0A090IHR2,A0A4S4LFG6,B7ZL50,7.476E-02,1
A0A330LKB8,A0A090IHR2,A0A4S4LFG6,Q86Z14,7.476E-02,1
A0A330LKB8,A0A090IHR2,A0A5F4CDM1,A8MW50,9.631E-01,1
A0A330LKB8,A0A090IHR2,A0A671P3B6,Q92484,9.170E-01,1
A0A330LKB8,A0A090IHR2,A0A672NQZ5,B3KWK1,4.245E-01,1
A0A330LKB8,A0A090IHR2,A0A6A6ETD9,Q58FF7,4.004E-01,2
A0A330LKB8,A0A090IHR2,A0A6A7LMV7,A0A3F2YNX7,1.172E-01,1
A0A330LKB8,A0A090IHR2,A0A6A7LMV7,Q7L5Y1,1.172E-01,1
A0A330LKB8,A0A090IHR2,A0A6G0HIE4,A0A024R599,2.935E-03,1
A0A330LKB8,A0A090IHR2,A0A6G0HIE4,A0A7P0T8F1,2.935E-03,1
A0A330LKB8,A0A090IHR2,A0A6G0HIE4,A0A7P0T8U7,2.935E-03,1
A0A330LKB8,A0A090IHR2,A0A6G0HIE4,A0A7P0TAS6,2.935E-03,2
A0A330LKB8,A0A090IHR2,A0A6J7IYI8,A0A024R9W0,4.136E-05,1
A0A330LKB8,A0A090IHR2,A0A6J7IYI8,O43766,4.136E-05,1
A0A330LKB8,A0A090IHR2,A0A6P6IJM0,A0A1B0GVZ4,8.468E-03,2
A0A330LKB8,A0A090IHR2,A0A6P6IJM0,A0A494BZY8,8.468E-03,1
A0A330LKB8,A0A090IHR2,A0A6P7U627,B7Z6V7,2.025E-02,2
A0A330LKB8,A0A090IHR2,A0A7C4XGU2,A0A1W2PRE7,4.112E-03,1
A0A330LKB8,A0A090IHR2,A0A7J6L734,A0A068F661,2.311E-01,1
A0A330LKB8,A0A090IHR2,A0A7J6L734,B4DHT6,2.311E-01,2
A0A330LKB8,A0A090IHR2,A0A7S1XQM9,A0A087WWV6,3.938E-05,1
A0A330LKB8,A0A090IHR2,A0A7V5ZLF6,A0A7P0T9G7,1.744E-01,1
A0A330LKB8,A0A090IHR2,A0A7V5ZLF6,A0A7P0TAV2,1.744E-01,2
A0A330LKB8,A0A090IHR2,A0A7V5ZLF6,B4DST3,1.744E-01,1
A0A330LKB8,A0A090IHR2,A0A7W0X4Q9,A0A3B3IU33,3.328E-01,1
A0A330LKB8,A0A090IHR2,A0A7W0X4Q9,H3BSV9,3.328E-01,1
A0A330LKB8,A0A090IHR2,A0A7W0X4Q9,H3BTZ6,3.328E-01,1
A0A330LKB8,A0A090IHR2,A0A7W0X4Q9,Q9Y303,3.328E-01,1
A0A330LKB8,A0A090IHR2,A0A7W3K3C5,A0A087WUP3,9.881E-01,1
A0A330LKB8,A0A090IHR2,A0A7W3K3C5,Q8N3Z3,9.881E-01,2
A0A330LKB8,A0A090IHR2,A0A7W3K3C5,Q9P025,9.881E-01,1
A0A330LKB8,A0A090IHR2,A0A7W3ZDX6,C9J1D1,5.162E-01,1
A0A330LKB8,A0A090IHR2,A0A7X9A1N2,A0A0S2Z592,1.515E-05,1
A0A330LKB8,A0A090IHR2,A0A7X9A1N2,A0A0S2Z5J9,1.515E-05,1
A0A330LKB8,A0A090IHR2,A0A7X9A1N2,B4DI01,1.515E-05,1
A0A330LKB8,A0A090IHR2,A0A7X9A1N2,Q53H36,1.515E-05,1
A0A330LKB8,A0A090IHR2,A0A7X9A1N2,Q96SZ6,1.515E-05,1
A0A330LKB8,A0A090IHR2,A0A7Y2VFW3,A0A024R725,6.488E-02,1
A0A330LKB8,A0A090IHR2,A0A804JNY0,Q53HE2,6.126E-01,3
A0A330LKB8,A0A090IHR2,A0A812JEV8,B7ZMD7,1.835E-01,1
A0A330LKB8,A0A090IHR2,A0A812JEV8,P04746,1.835E-01,1
A0A330LKB8,A0A090IHR2,A0A812JEV8,P0DTE7,1.835E-01,1
A0A330LKB8,A0A090IHR2,A0A812JEV8,P0DTE8,1.835E-01,1
A0A330LKB8,A0A090IHR2,A0A812JEV8,P0DUB6,1.835E-01,1
A0A330LKB8,A0A090IHR2,A0A812JEV8,P19961,1.835E-01,1
A0A330LKB8,A0A090IHR2,A0A812JEV8,Q53F26,1.835E-01,1
A0A330LKB8,A0A090IHR2,A0A812JEV8,Q6NSB3,1.835E-01,1
A0A330LKB8,A0A090IHR2,A0A814WCI5,A0A024R0C8,8.683E-01,1
A0A330LKB8,A0A090IHR2,A0A814WCI5,A0A024R324,8.683E-01,1
A0A330LKB8,A0A090IHR2,A0A814WCI5,A0A024R692,8.683E-01,1
A0A330LKB8,A0A090IHR2,A0A814WCI5,A0A024R9R2,8.683E-01,1
A0A330LKB8,A0A090IHR2,A0A814WCI5,A0A024R9T1,8.683E-01,1
A0A330LKB8,A0A090IHR2,A0A814WCI5,A0A024RAA5,8.683E-01,1
A0A330LKB8,A0A090IHR2,A0A814WCI5,A0A024RAE6,8.683E-01,1
A0A330LKB8,A0A090IHR2,A0A814WCI5,A0A494C0S1,8.683E-01,1
A0A330LKB8,A0A090IHR2,A0A814WCI5,A2RU94,8.683E-01,1
A0A330LKB8,A0A090IHR2,A0A814WCI5,A4D1S5,8.683E-01,1
A0A330LKB8,A0A090IHR2,A0A814WCI5,A4D2P0,8.683E-01,1
A0A330LKB8,A0A090IHR2,A0A814WCI5,B2R838,8.683E-01,1
A0A330LKB8,A0A090IHR2,A0A814WCI5,C9JXM3,8.683E-01,1
A0A330LKB8,A0A090IHR2,A0A814WCI5,D3DP96,8.683E-01,1
A0A330LKB8,A0A090IHR2,A0A814WCI5,E9PQH6,8.683E-01,1
A0A330LKB8,A0A090IHR2,A0A814WCI5,O00194,8.683E-01,2
A0A330LKB8,A0A090IHR2,A0A814WCI5,O00212,8.683E-01,1
A0A330LKB8,A0A090IHR2,A0A814WCI5,O95661,8.683E-01,2
A0A330LKB8,A0A090IHR2,A0A814WCI5,P08134,8.683E-01,1
A0A330LKB8,A0A090IHR2,A0A814WCI5,P17081,8.683E-01,1
A0A330LKB8,A0A090IHR2,A0A814WCI5,P51159,8.683E-01,1
A0A330LKB8,A0A090IHR2,A0A814WCI5,P52198,8.683E-01,1
A0A330LKB8,A0A090IHR2,A0A814WCI5,P60763,8.683E-01,2
A0A330LKB8,A0A090IHR2,A0A814WCI5,P60953,8.683E-01,1
A0A330LKB8,A0A090IHR2,A0A814WCI5,P61586,8.683E-01,1
A0A330LKB8,A0A090IHR2,A0A814WCI5,P61587,8.683E-01,1
A0A330LKB8,A0A090IHR2,A0A814WCI5,P62070,8.683E-01,1
A0A330LKB8,A0A090IHR2,A0A814WCI5,P62745,8.683E-01,1
A0A330LKB8,A0A090IHR2,A0A814WCI5,Q05D03,8.683E-01,1
A0A330LKB8,A0A090IHR2,A0A814WCI5,Q59EN3,8.683E-01,1
A0A330LKB8,A0A090IHR2,A0A814WCI5,Q59G91,8.683E-01,1
A0A330LKB8,A0A090IHR2,A0A814WCI5,Q5JR05,8.683E-01,1
A0A330LKB8,A0A090IHR2,A0A814WCI5,Q5JR08,8.683E-01,3
A0A330LKB8,A0A090IHR2,A0A814WCI5,Q6FGN7,8.683E-01,3
A0A330LKB8,A0A090IHR2,A0A814WCI5,Q6FGR9,8.683E-01,1
A0A330LKB8,A0A090IHR2,A0A814WCI5,Q6IAS8,8.683E-01,1
A0A330LKB8,A0A090IHR2,A0A814WCI5,Q7Z513,8.683E-01,1
A0A330LKB8,A0A090IHR2,A0A814WCI5,Q92730,8.683E-01,1
A0A330LKB8,A0A090IHR2,A0A814WCI5,Q92963,8.683E-01,1
A0A330LKB8,A0A090IHR2,A0A814WCI5,Q96L33,8.683E-01,1
A0A330LKB8,A0A090IHR2,A0A814WCI5,Q9H4E5,8.683E-01,1
A0A330LKB8,A0A090IHR2,A0A814WCI5,Q9HBH0,8.683E-01,1
A0A330LKB8,A0A090IHR2,A0A814WCI5,V9HWD0,8.683E-01,1
A0A330LKB8,A0A090IHR2,A0A821WUV3,B4DW72,3.261E-02,1
A0A330LKB8,A0A090IHR2,A0A821WUV3,E9PMU5,3.261E-02,1
A0A330LKB8,A0A090IHR2,A0A835ISP5,A0A590UJB6,6.031E-01,1
A0A330LKB8,A0A090IHR2,A0A835ISP5,A0A5F9UN28,6.031E-01,1
A0A330LKB8,A0A090IHR2,A0A835ISP5,B7Z8E5,6.031E-01,1
A0A330LKB8,A0A090IHR2,A0A835ISP5,F8W6W4,6.031E-01,1
A0A330LKB8,A0A090IHR2,A0A835ISP5,O43448,6.031E-01,2
A0A330LKB8,A0A090IHR2,A0A835ISP5,Q14722,6.031E-01,1
A0A330LKB8,A0A090IHR2,A0A835ISP5,Q5MJQ3,6.031E-01,1
A0A330LKB8,A0A090IHR2,A1VL09,A8K058,9.631E-01,1
A0A330LKB8,A0A090IHR2,A1VL09,Q9NYQ3,9.631E-01,1
A0A330LKB8,A0A090IHR2,A1VL09,Q9UJM8,9.631E-01,1
A0A330LKB8,A0A090IHR2,K1QIT1,A3KMG0,4.772E-01,1
A0A330LKB8,A0A090IHR2,K1QIT1,B3KQU9,4.772E-01,1
A0A330LKB8,A0A090IHR2,K1QIT1,P21941,4.772E-01,1
A0A330LKB8,A0A090IHR2,K7HC77,A0A494C005,9.631E-01,1
A0A330LKB8,A0A090IHR2,K7HC77,A0A494C0A5,9.631E-01,1
A0A330LKB8,A0A090IHR2,K7HC77,A0A494C1I9,9.631E-01,1
A0A330LKB8,A0A090IHR2,Q88Q44,B4DWH4,6.394E-01,2
A0A330LKB8,A0A090IHR2,Q9W2H8,G1UI17,2.507E-01,1
A0A330LKB8,A0A090IHR2,Q9W2H8,P35573,2.507E-01,1
A0A330LKB8,A0A090IHR2,R6MS94,Q6ZP54,2.266E-01,2
A0A330LKB8,A0A090IHR2,T1EI50,B3KX36,1.306E-01,2
A0A330LKB8,A0A090IHR2,W5P0T0,A0A6Q8PGK3,8.567E-01,1
A0A330LKB8,A0A090IHR2,W5P0T0,A0A7P0TAJ0,8.567E-01,1
A0A330LKB8,A0A090IHR2,W5P0T0,B7ZLW8,8.567E-01,1
A0A330LKB8,A0A090IHR2,W5P0T0,Q99707,8.567E-01,1
A0A345R5G7,A0A1F5EBF3,A0A0F9SLM6,J3QKL0,2.640E-01,1
A0A345R5G7,A0A1F5EBF3,A0A0F9SLM6,Q8WVB3,2.640E-01,1
A0A345R5G7,A0A1F5EBF3,A0A0G1GDQ5,A0A068F4C8,6.304E-01,1
A0A345R5G7,A0A1F5EBF3,A0A0G1GDQ5,A0A068F579,6.304E-01,1
A0A345R5G7,A0A1F5EBF3,A0A0G1GDQ5,A0A068F753,6.304E-01,2
A0A345R5G7,A0A1F5EBF3,A0A149U7W4,B4DZX4,7.762E-02,1
A0A345R5G7,A0A1F5EBF3,A0A166DIW0,P56545,2.984E-01,1
A0A345R5G7,A0A1F5EBF3,A0A166DIW0,Q13363,2.984E-01,1
A0A345R5G7,A0A1F5EBF3,A0A166DIW0,Q4KMQ8,2.984E-01,1
A0A345R5G7,A0A1F5EBF3,A0A166DIW0,X5D8Y5,2.984E-01,1
A0A345R5G7,A0A1F5EBF3,A0A196S7R3,B3KQS3,1.967E-02,1
A0A345R5G7,A0A1F5EBF3,A0A1G2XDT8,Q86XE5,8.752E-02,1
A0A345R5G7,A0A1F5EBF3,A0A1G2XDT8,Q9BXD5,8.752E-02,1
A0A345R5G7,A0A1F5EBF3,A0A1Y2EUF5,B2RBF5,8.231E-02,1
A0A345R5G7,A0A1F5EBF3,A0A1Y2EUF5,B4DQ98,8.231E-02,1
A0A345R5G7,A0A1F5EBF3,A0A1Y2EUF5,Q01459,8.231E-02,1
A0A345R5G7,A0A1F5EBF3,A0A2C5YZ57,F8W9T8,6.230E-01,1
A0A345R5G7,A0A1F5EBF3,A0A2E7NAI8,A0A7P0TA11,4.668E-06,1
A0A345R5G7,A0A1F5EBF3,A0A2E7NAI8,B4DT76,4.668E-06,1
A0A345R5G7,A0A1F5EBF3,A0A2M7UQ97,Q9H9T3,1.776E-02,2
A0A345R5G7,A0A1F5EBF3,A0A354ZGE7,A0A024RCB5,4.192E-02,1
A0A345R5G7,A0A1F5EBF3,A0A354ZGE7,B4DN31,4.192E-02,1
A0A345R5G7,A0A1F5EBF3,A0A354ZGE7,B7Z705,4.192E-02,1
A0A345R5G7,A0A1F5EBF3,A0A354ZGE7,Q9BWS9,4.192E-02,1
A0A345R5G7,A0A1F5EBF3,A0A381SPJ7,A0A1W2PQE9,9.048E-03,1
A0A345R5G7,A0A1F5EBF3,A0A381SPJ7,A0A1X7SBR7,9.048E-03,1
A0A345R5G7,A0A1F5EBF3,A0A381SPJ7,D6RCP8,9.048E-03,1
A0A345R5G7,A0A1F5EBF3,A0A3B3Z833,A0A087WY76,7.263E-01,1
A0A345R5G7,A0A1F5EBF3,A0A3B3Z833,A0A0G2JN38,7.263E-01,1
A0A345R5G7,A0A1F5EBF3,A0A3B3Z833,A0A0G2JNS6,7.263E-01,1
A0A345R5G7,A0A1F5EBF3,A0A3B3Z833,A0A0G2JRB5,7.263E-01,1
A0A345R5G7,A0A1F5EBF3,A0A3B3Z833,I3L1V5,7.263E-01,1
A0A345R5G7,A0A1F5EBF3,A0A3B3Z833,I3L2E4,7.263E-01,1
A0A345R5G7,A0A1F5EBF3,A0A3M7T9Y6,A0A7P0T9F7,8.466E-01,1
A0A345R5G7,A0A1F5EBF3,A0A3M7T9Y6,A0A7P0TAN7,8.466E-01,1
A0A345R5G7,A0A1F5EBF3,A0A3M7T9Y6,A0A7P0TBF8,8.466E-01,1
A0A345R5G7,A0A1F5EBF3,A0A3M7T9Y6,A0A7P0Z4A0,8.466E-01,1
A0A345R5G7,A0A1F5EBF3,A0A3M7T9Y6,A0A7P0Z4P5,8.466E-01,1
A0A345R5G7,A0A1F5EBF3,A0A3M7T9Y6,B4E2Z3,8.466E-01,2
A0A345R5G7,A0A1F5EBF3,A0A3M7T9Y6,F5GZS6,8.466E-01,1
A0A345R5G7,A0A1F5EBF3,A0A3M7T9Y6,J3KPF3,8.466E-01,1
A0A345R5G7,A0A1F5EBF3,A0A3M7T9Y6,P08195,8.466E-01,1
A0A345R5G7,A0A1F5EBF3,A0A4Q4X9Q8,Q8IYR2,6.230E-01,1
A0A345R5G7,A0A1F5EBF3,A0A4R4Y322,A0A024R0A8,7.043E-01,1
A0A345R5G7,A0A1F5EBF3,A0A4R4Y322,A0A384MTQ3,7.043E-01,1
A0A345R5G7,A0A1F5EBF3,A0A4R4Y322,O43865,7.043E-01,1
A0A345R5G7,A0A1F5EBF3,A0A4R4Y322,P23526,7.043E-01,1
A0A345R5G7,A0A1F5EBF3,A0A4R4Y322,Q6ZNS6,7.043E-01,1
A0A345R5G7,A0A1F5EBF3,A0A4R4Y322,Q96HN2,7.043E-01,1
A0A345R5G7,A0A1F5EBF3,A0A6J7IYI8,A0A024R9W0,1.785E-04,1
A0A345R5G7,A0A1F5EBF3,A0A6J7IYI8,O43766,1.785E-04,1
A0A345R5G7,A0A1F5EBF3,A0A7C4XGU2,A0A1W2PRE7,1.511E-03,1
A0A345R5G7,A0A1F5EBF3,A0A840UYP1,A0A024RD17,5.210E-03,1
A0A345R5G7,A0A1F5EBF3,B6BWL7,B4DID5,1.345E-01,1
A0A345R5G7,A0A1F5EBF3,W4TNL4,A0A0S2Z4A8,4.056E-01,1
A0A345R5G7,A0A1F5EBF3,W4TNL4,Q7KYX9,4.056E-01,1
A0A3G3IG56,A0A2E7NAI8,A0A0C2ICF2,B4DW16,2.914E-06,2
A0A3G3IG56,A0A2E7NAI8,A0A0F9SLM6,J3QKL0,5.141E-02,1
A0A3G3IG56,A0A2E7NAI8,A0A0F9SLM6,Q8WVB3,5.141E-02,1
A0A3G3IG56,A0A2E7NAI8,A0A0L1L0F1,A0A087WUV9,1.706E-05,1
A0A3G3IG56,A0A2E7NAI8,A0A0L1L0F1,Q6NUM6,1.706E-05,1
A0A3G3IG56,A0A2E7NAI8,A0A0L1L0F1,Q9NV66,1.706E-05,1
A0A3G3IG56,A0A2E7NAI8,A0A0S7FLG1,B7Z282,3.192E-01,1
A0A3G3IG56,A0A2E7NAI8,A0A183C974,O60502,1.993E-01,2
A0A3G3IG56,A0A2E7NAI8,A0A1I7RVN4,A8K6I4,4.040E-01,1
A0A3G3IG56,A0A2E7NAI8,A0A1I7RVN4,B4E3M6,4.040E-01,1
A0A3G3IG56,A0A2E7NAI8,A0A1I7RVN4,P42285,4.040E-01,1
A0A3G3IG56,A0A2E7NAI8,A0A2E7NAI8,A0A7P0TA11,7.102E-63,1
A0A3G3IG56,A0A2E7NAI8,A0A2E7NAI8,B4DT76,7.102E-63,1
A0A3G3IG56,A0A2E7NAI8,A0A2L0SXM4,B1AK13,1.399E-01,1
A0A3G3IG56,A0A2E7NAI8,A0A2L0SXM4,Q8TB92,1.399E-01,1
A0A3G3IG56,A0A2E7NAI8,A0A2M7UQ97,Q9H9T3,7.321E-02,2
A0A3G3IG56,A0A2E7NAI8,A0A2S4VGH7,H7C3X0,2.536E-02,1
A0A3G3IG56,A0A2E7NAI8,A0A2T0VWC6,B5LY64,1.106E-01,1
A0A3G3IG56,A0A2E7NAI8,A0A2T0VWC6,B5LY70,1.106E-01,2
A0A3G3IG56,A0A2E7NAI8,A0A2V8H346,B2RBQ0,7.724E-01,1
A0A3G3IG56,A0A2E7NAI8,A0A2V8H346,B3KSN9,7.724E-01,1
A0A3G3IG56,A0A2E7NAI8,A0A3C1LRD4,A0A024RAJ6,6.790E-02,1
A0A3G3IG56,A0A2E7NAI8,A0A3C1LRD4,P07686,6.790E-02,1
A0A3G3IG56,A0A2E7NAI8,A0A3C1LRD4,Q5URX0,6.790E-02,1
A0A3G3IG56,A0A2E7NAI8,A0A446N3T8,P60174,2.378E-01,1
A0A3G3IG56,A0A2E7NAI8,A0A446N3T8,V9HWK1,2.378E-01,1
A0A3G3IG56,A0A2E7NAI8,A0A478FQ18,B4DUI5,5.114E-01,1
A0A3G3IG56,A0A2E7NAI8,A0A4R1HK89,A0A024QZ64,2.242E-01,1
A0A3G3IG56,A0A2E7NAI8,A0A4R1HK89,A0A024R145,2.242E-01,1
A0A3G3IG56,A0A2E7NAI8,A0A4R1HK89,A0A087WXX2,2.242E-01,1
A0A3G3IG56,A0A2E7NAI8,A0A4R1HK89,A0A3B3IS80,2.242E-01,1
A0A3G3IG56,A0A2E7NAI8,A0A4R1HK89,A8K430,2.242E-01,1
A0A3G3IG56,A0A2E7NAI8,A0A4R1HK89,A8MVZ9,2.242E-01,1
A0A3G3IG56,A0A2E7NAI8,A0A4R1HK89,B7Z1N6,2.242E-01,1
A0A3G3IG56,A0A2E7NAI8,A0A4R1HK89,B7Z1Y2,2.242E-01,1
A0A3G3IG56,A0A2E7NAI8,A0A4R1HK89,B7Z3K9,2.242E-01,1
A0A3G3IG56,A0A2E7NAI8,A0A4R1HK89,H3BQN4,2.242E-01,1
A0A3G3IG56,A0A2E7NAI8,A0A4R1HK89,J3KPS3,2.242E-01,1
A0A3G3IG56,A0A2E7NAI8,A0A4R1HK89,P04075,2.242E-01,1
A0A3G3IG56,A0A2E7NAI8,A0A4R1HK89,P05062,2.242E-01,1
A0A3G3IG56,A0A2E7NAI8,A0A4R1HK89,P09972,2.242E-01,1
A0A3G3IG56,A0A2E7NAI8,A0A4R1HK89,Q8NHT3,2.242E-01,1
A0A3G3IG56,A0A2E7NAI8,A0A4R1HK89,V9HWN7,2.242E-01,1
A0A3G3IG56,A0A2E7NAI8,A0A4Y8X1W0,A0A182DWF3,5.114E-01,1
A0A3G3IG56,A0A2E7NAI8,A0A4Y8X1W0,A0A182DWI3,5.114E-01,1
A0A3G3IG56,A0A2E7NAI8,A0A4Y8X1W0,A0A6Q8PFE1,5.114E-01,1
A0A3G3IG56,A0A2E7NAI8,A0A4Y8X1W0,B2R5P6,5.114E-01,1
A0A3G3IG56,A0A2E7NAI8,A0A4Y8X1W0,E2QRB9,5.114E-01,1
A0A3G3IG56,A0A2E7NAI8,A0A4Y8X1W0,E9PIR7,5.114E-01,1
A0A3G3IG56,A0A2E7NAI8,A0A4Y8X1W0,F8W809,5.114E-01,1
A0A3G3IG56,A0A2E7NAI8,A0A6J7IYI8,A0A024R9W0,3.209E-02,1
A0A3G3IG56,A0A2E7NAI8,A0A6J7IYI8,O43766,3.209E-02,1
A0A3G3IG56,A0A2E7NAI8,A0A7C4XGU2,A0A1W2PRE7,1.688E-03,1
A0A3G3IG56,A0A2E7NAI8,A0A7J2YIT3,Q9NTM9,7.765E-02,1
A0A3G3IG56,A0A2E7NAI8,A0A7S1XQM9,A0A087WWV6,1.129E-05,1
A0A3G3IG56,A0A2E7NAI8,A0A811SNG6,P35914,2.378E-01,1
A0A3G3IG56,A0A2E7NAI8,A0A813B473,B3KNL8,4.040E-01,1
A0A3G3IG56,A0A2E7NAI8,A0A840UYP1,A0A024RD17,3.348E-10,1
A0A3G3IG56,A0A2E7NAI8,A0A850AKG2,B2RAR3,9.776E-01,1
A0A3G3IG56,A0A2E7NAI8,A0A850AKG2,Q9BXR0,9.776E-01,1
A0A3G3IIY6,A0A2E7NAI8,A0A0C2ICF2,B4DW16,2.914E-06,2
A0A3G3IIY6,A0A2E7NAI8,A0A0F9SLM6,J3QKL0,5.141E-02,1
A0A3G3IIY6,A0A2E7NAI8,A0A0F9SLM6,Q8WVB3,5.141E-02,1
A0A3G3IIY6,A0A2E7NAI8,A0A0L1L0F1,A0A087WUV9,1.706E-05,1
A0A3G3IIY6,A0A2E7NAI8,A0A0L1L0F1,Q6NUM6,1.706E-05,1
A0A3G3IIY6,A0A2E7NAI8,A0A0L1L0F1,Q9NV66,1.706E-05,1
A0A3G3IIY6,A0A2E7NAI8,A0A0S7FLG1,B7Z282,3.192E-01,1
A0A3G3IIY6,A0A2E7NAI8,A0A183C974,O60502,1.993E-01,2
A0A3G3IIY6,A0A2E7NAI8,A0A1I7RVN4,A8K6I4,4.040E-01,1
A0A3G3IIY6,A0A2E7NAI8,A0A1I7RVN4,B4E3M6,4.040E-01,1
A0A3G3IIY6,A0A2E7NAI8,A0A1I7RVN4,P42285,4.040E-01,1
A0A3G3IIY6,A0A2E7NAI8,A0A2E7NAI8,A0A7P0TA11,7.102E-63,1
A0A3G3IIY6,A0A2E7NAI8,A0A2E7NAI8,B4DT76,7.102E-63,1
A0A3G3IIY6,A0A2E7NAI8,A0A2L0SXM4,B1AK13,1.399E-01,1
A0A3G3IIY6,A0A2E7NAI8,A0A2L0SXM4,Q8TB92,1.399E-01,1
A0A3G3IIY6,A0A2E7NAI8,A0A2M7UQ97,Q9H9T3,7.321E-02,2
A0A3G3IIY6,A0A2E7NAI8,A0A2S4VGH7,H7C3X0,2.536E-02,1
A0A3G3IIY6,A0A2E7NAI8,A0A2T0VWC6,B5LY64,1.106E-01,1
A0A3G3IIY6,A0A2E7NAI8,A0A2T0VWC6,B5LY70,1.106E-01,2
A0A3G3IIY6,A0A2E7NAI8,A0A2V8H346,B2RBQ0,7.724E-01,1
A0A3G3IIY6,A0A2E7NAI8,A0A2V8H346,B3KSN9,7.724E-01,1
A0A3G3IIY6,A0A2E7NAI8,A0A3C1LRD4,A0A024RAJ6,6.790E-02,1
A0A3G3IIY6,A0A2E7NAI8,A0A3C1LRD4,P07686,6.790E-02,1
A0A3G3IIY6,A0A2E7NAI8,A0A3C1LRD4,Q5URX0,6.790E-02,1
A0A3G3IIY6,A0A2E7NAI8,A0A446N3T8,P60174,2.378E-01,1
A0A3G3IIY6,A0A2E7NAI8,A0A446N3T8,V9HWK1,2.378E-01,1
A0A3G3IIY6,A0A2E7NAI8,A0A478FQ18,B4DUI5,5.114E-01,1
A0A3G3IIY6,A0A2E7NAI8,A0A4R1HK89,A0A024QZ64,2.242E-01,1
A0A3G3IIY6,A0A2E7NAI8,A0A4R1HK89,A0A024R145,2.242E-01,1
A0A3G3IIY6,A0A2E7NAI8,A0A4R1HK89,A0A087WXX2,2.242E-01,1
A0A3G3IIY6,A0A2E7NAI8,A0A4R1HK89,A0A3B3IS80,2.242E-01,1
A0A3G3IIY6,A0A2E7NAI8,A0A4R1HK89,A8K430,2.242E-01,1
A0A3G3IIY6,A0A2E7NAI8,A0A4R1HK89,A8MVZ9,2.242E-01,1
A0A3G3IIY6,A0A2E7NAI8,A0A4R1HK89,B7Z1N6,2.242E-01,1
A0A3G3IIY6,A0A2E7NAI8,A0A4R1HK89,B7Z1Y2,2.242E-01,1
A0A3G3IIY6,A0A2E7NAI8,A0A4R1HK89,B7Z3K9,2.242E-01,1
A0A3G3IIY6,A0A2E7NAI8,A0A4R1HK89,H3BQN4,2.242E-01,1
A0A3G3IIY6,A0A2E7NAI8,A0A4R1HK89,J3KPS3,2.242E-01,1
A0A3G3IIY6,A0A2E7NAI8,A0A4R1HK89,P04075,2.242E-01,1
A0A3G3IIY6,A0A2E7NAI8,A0A4R1HK89,P05062,2.242E-01,1
A0A3G3IIY6,A0A2E7NAI8,A0A4R1HK89,P09972,2.242E-01,1
A0A3G3IIY6,A0A2E7NAI8,A0A4R1HK89,Q8NHT3,2.242E-01,1
A0A3G3IIY6,A0A2E7NAI8,A0A4R1HK89,V9HWN7,2.242E-01,1
A0A3G3IIY6,A0A2E7NAI8,A0A4Y8X1W0,A0A182DWF3,5.114E-01,1
A0A3G3IIY6,A0A2E7NAI8,A0A4Y8X1W0,A0A182DWI3,5.114E-01,1
A0A3G3IIY6,A0A2E7NAI8,A0A4Y8X1W0,A0A6Q8PFE1,5.114E-01,1
A0A3G3IIY6,A0A2E7NAI8,A0A4Y8X1W0,B2R5P6,5.114E-01,1
A0A3G3IIY6,A0A2E7NAI8,A0A4Y8X1W0,E2QRB9,5.114E-01,1
A0A3G3IIY6,A0A2E7NAI8,A0A4Y8X1W0,E9PIR7,5.114E-01,1
A0A3G3IIY6,A0A2E7NAI8,A0A4Y8X1W0,F8W809,5.114E-01,1
A0A3G3IIY6,A0A2E7NAI8,A0A6J7IYI8,A0A024R9W0,3.209E-02,1
A0A3G3IIY6,A0A2E7NAI8,A0A6J7IYI8,O43766,3.209E-02,1
A0A3G3IIY6,A0A2E7NAI8,A0A7C4XGU2,A0A1W2PRE7,1.688E-03,1
A0A3G3IIY6,A0A2E7NAI8,A0A7J2YIT3,Q9NTM9,7.765E-02,1
A0A3G3IIY6,A0A2E7NAI8,A0A7S1XQM9,A0A087WWV6,1.129E-05,1
A0A3G3IIY6,A0A2E7NAI8,A0A811SNG6,P35914,2.378E-01,1
A0A3G3IIY6,A0A2E7NAI8,A0A813B473,B3KNL8,4.040E-01,1
A0A3G3IIY6,A0A2E7NAI8,A0A840UYP1,A0A024RD17,3.348E-10,1
A0A3G3IIY6,A0A2E7NAI8,A0A850AKG2,B2RAR3,9.776E-01,1
A0A3G3IIY6,A0A2E7NAI8,A0A850AKG2,Q9BXR0,9.776E-01,1
A0A3Q0KZ59,A0A2E7NAI8,A0A0C2ICF2,B4DW16,2.914E-06,2
A0A3Q0KZ59,A0A2E7NAI8,A0A0F9SLM6,J3QKL0,5.141E-02,1
A0A3Q0KZ59,A0A2E7NAI8,A0A0F9SLM6,Q8WVB3,5.141E-02,1
A0A3Q0KZ59,A0A2E7NAI8,A0A0L1L0F1,A0A087WUV9,1.706E-05,1
A0A3Q0KZ59,A0A2E7NAI8,A0A0L1L0F1,Q6NUM6,1.706E-05,1
A0A3Q0KZ59,A0A2E7NAI8,A0A0L1L0F1,Q9NV66,1.706E-05,1
A0A3Q0KZ59,A0A2E7NAI8,A0A0S7FLG1,B7Z282,3.192E-01,1
A0A3Q0KZ59,A0A2E7NAI8,A0A183C974,O60502,1.993E-01,2
A0A3Q0KZ59,A0A2E7NAI8,A0A1I7RVN4,A8K6I4,4.040E-01,1
A0A3Q0KZ59,A0A2E7NAI8,A0A1I7RVN4,B4E3M6,4.040E-01,1
A0A3Q0KZ59,A0A2E7NAI8,A0A1I7RVN4,P42285,4.040E-01,1
A0A3Q0KZ59,A0A2E7NAI8,A0A2E7NAI8,A0A7P0TA11,7.102E-63,1
A0A3Q0KZ59,A0A2E7NAI8,A0A2E7NAI8,B4DT76,7.102E-63,1
A0A3Q0KZ59,A0A2E7NAI8,A0A2L0SXM4,B1AK13,1.399E-01,1
A0A3Q0KZ59,A0A2E7NAI8,A0A2L0SXM4,Q8TB92,1.399E-01,1
A0A3Q0KZ59,A0A2E7NAI8,A0A2M7UQ97,Q9H9T3,7.321E-02,2
A0A3Q0KZ59,A0A2E7NAI8,A0A2S4VGH7,H7C3X0,2.536E-02,1
A0A3Q0KZ59,A0A2E7NAI8,A0A2T0VWC6,B5LY64,1.106E-01,1
A0A3Q0KZ59,A0A2E7NAI8,A0A2T0VWC6,B5LY70,1.106E-01,2
A0A3Q0KZ59,A0A2E7NAI8,A0A2V8H346,B2RBQ0,7.724E-01,1
A0A3Q0KZ59,A0A2E7NAI8,A0A2V8H346,B3KSN9,7.724E-01,1
A0A3Q0KZ59,A0A2E7NAI8,A0A3C1LRD4,A0A024RAJ6,6.790E-02,1
A0A3Q0KZ59,A0A2E7NAI8,A0A3C1LRD4,P07686,6.790E-02,1
A0A3Q0KZ59,A0A2E7NAI8,A0A3C1LRD4,Q5URX0,6.790E-02,1
A0A3Q0KZ59,A0A2E7NAI8,A0A446N3T8,P60174,2.378E-01,1
A0A3Q0KZ59,A0A2E7NAI8,A0A446N3T8,V9HWK1,2.378E-01,1
A0A3Q0KZ59,A0A2E7NAI8,A0A478FQ18,B4DUI5,5.114E-01,1
A0A3Q0KZ59,A0A2E7NAI8,A0A4R1HK89,A0A024QZ64,2.242E-01,1
A0A3Q0KZ59,A0A2E7NAI8,A0A4R1HK89,A0A024R145,2.242E-01,1
A0A3Q0KZ59,A0A2E7NAI8,A0A4R1HK89,A0A087WXX2,2.242E-01,1
A0A3Q0KZ59,A0A2E7NAI8,A0A4R1HK89,A0A3B3IS80,2.242E-01,1
A0A3Q0KZ59,A0A2E7NAI8,A0A4R1HK89,A8K430,2.242E-01,1
A0A3Q0KZ59,A0A2E7NAI8,A0A4R1HK89,A8MVZ9,2.242E-01,1
A0A3Q0KZ59,A0A2E7NAI8,A0A4R1HK89,B7Z1N6,2.242E-01,1
A0A3Q0KZ59,A0A2E7NAI8,A0A4R1HK89,B7Z1Y2,2.242E-01,1
A0A3Q0KZ59,A0A2E7NAI8,A0A4R1HK89,B7Z3K9,2.242E-01,1
A0A3Q0KZ59,A0A2E7NAI8,A0A4R1HK89,H3BQN4,2.242E-01,1
A0A3Q0KZ59,A0A2E7NAI8,A0A4R1HK89,J3KPS3,2.242E-01,1
A0A3Q0KZ59,A0A2E7NAI8,A0A4R1HK89,P04075,2.242E-01,1
A0A3Q0KZ59,A0A2E7NAI8,A0A4R1HK89,P05062,2.242E-01,1
A0A3Q0KZ59,A0A2E7NAI8,A0A4R1HK89,P09972,2.242E-01,1
A0A3Q0KZ59,A0A2E7NAI8,A0A4R1HK89,Q8NHT3,2.242E-01,1
A0A3Q0KZ59,A0A2E7NAI8,A0A4R1HK89,V9HWN7,2.242E-01,1
A0A3Q0KZ59,A0A2E7NAI8,A0A4Y8X1W0,A0A182DWF3,5.114E-01,1
A0A3Q0KZ59,A0A2E7NAI8,A0A4Y8X1W0,A0A182DWI3,5.114E-01,1
A0A3Q0KZ59,A0A2E7NAI8,A0A4Y8X1W0,A0A6Q8PFE1,5.114E-01,1
A0A3Q0KZ59,A0A2E7NAI8,A0A4Y8X1W0,B2R5P6,5.114E-01,1
A0A3Q0KZ59,A0A2E7NAI8,A0A4Y8X1W0,E2QRB9,5.114E-01,1
A0A3Q0KZ59,A0A2E7NAI8,A0A4Y8X1W0,E9PIR7,5.114E-01,1
A0A3Q0KZ59,A0A2E7NAI8,A0A4Y8X1W0,F8W809,5.114E-01,1
A0A3Q0KZ59,A0A2E7NAI8,A0A6J7IYI8,A0A024R9W0,3.209E-02,1
A0A3Q0KZ59,A0A2E7NAI8,A0A6J7IYI8,O43766,3.209E-02,1
A0A3Q0KZ59,A0A2E7NAI8,A0A7C4XGU2,A0A1W2PRE7,1.688E-03,1
A0A3Q0KZ59,A0A2E7NAI8,A0A7J2YIT3,Q9NTM9,7.765E-02,1
A0A3Q0KZ59,A0A2E7NAI8,A0A7S1XQM9,A0A087WWV6,1.129E-05,1
A0A3Q0KZ59,A0A2E7NAI8,A0A811SNG6,P35914,2.378E-01,1
A0A3Q0KZ59,A0A2E7NAI8,A0A813B473,B3KNL8,4.040E-01,1
A0A3Q0KZ59,A0A2E7NAI8,A0A840UYP1,A0A024RD17,3.348E-10,1
A0A3Q0KZ59,A0A2E7NAI8,A0A850AKG2,B2RAR3,9.776E-01,1
A0A3Q0KZ59,A0A2E7NAI8,A0A850AKG2,Q9BXR0,9.776E-01,1
A0A3S9HGG2,A0A1F5EBF3,A0A0F9SLM6,J3QKL0,2.640E-01,1
A0A3S9HGG2,A0A1F5EBF3,A0A0F9SLM6,Q8WVB3,2.640E-01,1
A0A3S9HGG2,A0A1F5EBF3,A0A0G1GDQ5,A0A068F4C8,6.304E-01,1
A0A3S9HGG2,A0A1F5EBF3,A0A0G1GDQ5,A0A068F579,6.304E-01,1
A0A3S9HGG2,A0A1F5EBF3,A0A0G1GDQ5,A0A068F753,6.304E-01,2
A0A3S9HGG2,A0A1F5EBF3,A0A149U7W4,B4DZX4,7.762E-02,1
A0A3S9HGG2,A0A1F5EBF3,A0A166DIW0,P56545,2.984E-01,1
A0A3S9HGG2,A0A1F5EBF3,A0A166DIW0,Q13363,2.984E-01,1
A0A3S9HGG2,A0A1F5EBF3,A0A166DIW0,Q4KMQ8,2.984E-01,1
A0A3S9HGG2,A0A1F5EBF3,A0A166DIW0,X5D8Y5,2.984E-01,1
A0A3S9HGG2,A0A1F5EBF3,A0A196S7R3,B3KQS3,1.967E-02,1
A0A3S9HGG2,A0A1F5EBF3,A0A1G2XDT8,Q86XE5,8.752E-02,1
A0A3S9HGG2,A0A1F5EBF3,A0A1G2XDT8,Q9BXD5,8.752E-02,1
A0A3S9HGG2,A0A1F5EBF3,A0A1Y2EUF5,B2RBF5,8.231E-02,1
A0A3S9HGG2,A0A1F5EBF3,A0A1Y2EUF5,B4DQ98,8.231E-02,1
A0A3S9HGG2,A0A1F5EBF3,A0A1Y2EUF5,Q01459,8.231E-02,1
A0A3S9HGG2,A0A1F5EBF3,A0A2C5YZ57,F8W9T8,6.230E-01,1
A0A3S9HGG2,A0A1F5EBF3,A0A2E7NAI8,A0A7P0TA11,4.668E-06,1
A0A3S9HGG2,A0A1F5EBF3,A0A2E7NAI8,B4DT76,4.668E-06,1
A0A3S9HGG2,A0A1F5EBF3,A0A2M7UQ97,Q9H9T3,1.776E-02,2
A0A3S9HGG2,A0A1F5EBF3,A0A354ZGE7,A0A024RCB5,4.192E-02,1
A0A3S9HGG2,A0A1F5EBF3,A0A354ZGE7,B4DN31,4.192E-02,1
A0A3S9HGG2,A0A1F5EBF3,A0A354ZGE7,B7Z705,4.192E-02,1
A0A3S9HGG2,A0A1F5EBF3,A0A354ZGE7,Q9BWS9,4.192E-02,1
A0A3S9HGG2,A0A1F5EBF3,A0A381SPJ7,A0A1W2PQE9,9.048E-03,1
A0A3S9HGG2,A0A1F5EBF3,A0A381SPJ7,A0A1X7SBR7,9.048E-03,1
A0A3S9HGG2,A0A1F5EBF3,A0A381SPJ7,D6RCP8,9.048E-03,1
A0A3S9HGG2,A0A1F5EBF3,A0A3B3Z833,A0A087WY76,7.263E-01,1
A0A3S9HGG2,A0A1F5EBF3,A0A3B3Z833,A0A0G2JN38,7.263E-01,1
A0A3S9HGG2,A0A1F5EBF3,A0A3B3Z833,A0A0G2JNS6,7.263E-01,1
A0A3S9HGG2,A0A1F5EBF3,A0A3B3Z833,A0A0G2JRB5,7.263E-01,1
A0A3S9HGG2,A0A1F5EBF3,A0A3B3Z833,I3L1V5,7.263E-01,1
A0A3S9HGG2,A0A1F5EBF3,A0A3B3Z833,I3L2E4,7.263E-01,1
A0A3S9HGG2,A0A1F5EBF3,A0A3M7T9Y6,A0A7P0T9F7,8.466E-01,1
A0A3S9HGG2,A0A1F5EBF3,A0A3M7T9Y6,A0A7P0TAN7,8.466E-01,1
A0A3S9HGG2,A0A1F5EBF3,A0A3M7T9Y6,A0A7P0TBF8,8.466E-01,1
A0A3S9HGG2,A0A1F5EBF3,A0A3M7T9Y6,A0A7P0Z4A0,8.466E-01,1
A0A3S9HGG2,A0A1F5EBF3,A0A3M7T9Y6,A0A7P0Z4P5,8.466E-01,1
A0A3S9HGG2,A0A1F5EBF3,A0A3M7T9Y6,B4E2Z3,8.466E-01,2
A0A3S9HGG2,A0A1F5EBF3,A0A3M7T9Y6,F5GZS6,8.466E-01,1
A0A3S9HGG2,A0A1F5EBF3,A0A3M7T9Y6,J3KPF3,8.466E-01,1
A0A3S9HGG2,A0A1F5EBF3,A0A3M7T9Y6,P08195,8.466E-01,1
A0A3S9HGG2,A0A1F5EBF3,A0A4Q4X9Q8,Q8IYR2,6.230E-01,1
A0A3S9HGG2,A0A1F5EBF3,A0A4R4Y322,A0A024R0A8,7.043E-01,1
A0A3S9HGG2,A0A1F5EBF3,A0A4R4Y322,A0A384MTQ3,7.043E-01,1
A0A3S9HGG2,A0A1F5EBF3,A0A4R4Y322,O43865,7.043E-01,1
A0A3S9HGG2,A0A1F5EBF3,A0A4R4Y322,P23526,7.043E-01,1
A0A3S9HGG2,A0A1F5EBF3,A0A4R4Y322,Q6ZNS6,7.043E-01,1
A0A3S9HGG2,A0A1F5EBF3,A0A4R4Y322,Q96HN2,7.043E-01,1
A0A3S9HGG2,A0A1F5EBF3,A0A6J7IYI8,A0A024R9W0,1.785E-04,1
A0A3S9HGG2,A0A1F5EBF3,A0A6J7IYI8,O43766,1.785E-04,1
A0A3S9HGG2,A0A1F5EBF3,A0A7C4XGU2,A0A1W2PRE7,1.511E-03,1
A0A3S9HGG2,A0A1F5EBF3,A0A840UYP1,A0A024RD17,5.210E-03,1
A0A3S9HGG2,A0A1F5EBF3,B6BWL7,B4DID5,1.345E-01,1
A0A3S9HGG2,A0A1F5EBF3,W4TNL4,A0A0S2Z4A8,4.056E-01,1
A0A3S9HGG2,A0A1F5EBF3,W4TNL4,Q7KYX9,4.056E-01,1
A0A4P7LE94,A0A1F5EBF3,A0A0F9SLM6,J3QKL0,2.640E-01,1
A0A4P7LE94,A0A1F5EBF3,A0A0F9SLM6,Q8WVB3,2.640E-01,1
A0A4P7LE94,A0A1F5EBF3,A0A0G1GDQ5,A0A068F4C8,6.304E-01,1
A0A4P7LE94,A0A1F5EBF3,A0A0G1GDQ5,A0A068F579,6.304E-01,1
A0A4P7LE94,A0A1F5EBF3,A0A0G1GDQ5,A0A068F753,6.304E-01,2
A0A4P7LE94,A0A1F5EBF3,A0A149U7W4,B4DZX4,7.762E-02,1
A0A4P7LE94,A0A1F5EBF3,A0A166DIW0,P56545,2.984E-01,1
A0A4P7LE94,A0A1F5EBF3,A0A166DIW0,Q13363,2.984E-01,1
A0A4P7LE94,A0A1F5EBF3,A0A166DIW0,Q4KMQ8,2.984E-01,1
A0A4P7LE94,A0A1F5EBF3,A0A166DIW0,X5D8Y5,2.984E-01,1
A0A4P7LE94,A0A1F5EBF3,A0A196S7R3,B3KQS3,1.967E-02,1
A0A4P7LE94,A0A1F5EBF3,A0A1G2XDT8,Q86XE5,8.752E-02,1
A0A4P7LE94,A0A1F5EBF3,A0A1G2XDT8,Q9BXD5,8.752E-02,1
A0A4P7LE94,A0A1F5EBF3,A0A1Y2EUF5,B2RBF5,8.231E-02,1
A0A4P7LE94,A0A1F5EBF3,A0A1Y2EUF5,B4DQ98,8.231E-02,1
A0A4P7LE94,A0A1F5EBF3,A0A1Y2EUF5,Q01459,8.231E-02,1
A0A4P7LE94,A0A1F5EBF3,A0A2C5YZ57,F8W9T8,6.230E-01,1
A0A4P7LE94,A0A1F5EBF3,A0A2E7NAI8,A0A7P0TA11,4.668E-06,1
A0A4P7LE94,A0A1F5EBF3,A0A2E7NAI8,B4DT76,4.668E-06,1
A0A4P7LE94,A0A1F5EBF3,A0A2M7UQ97,Q9H9T3,1.776E-02,2
A0A4P7LE94,A0A1F5EBF3,A0A354ZGE7,A0A024RCB5,4.192E-02,1
A0A4P7LE94,A0A1F5EBF3,A0A354ZGE7,B4DN31,4.192E-02,1
A0A4P7LE94,A0A1F5EBF3,A0A354ZGE7,B7Z705,4.192E-02,1
A0A4P7LE94,A0A1F5EBF3,A0A354ZGE7,Q9BWS9,4.192E-02,1
A0A4P7LE94,A0A1F5EBF3,A0A381SPJ7,A0A1W2PQE9,9.048E-03,1
A0A4P7LE94,A0A1F5EBF3,A0A381SPJ7,A0A1X7SBR7,9.048E-03,1
A0A4P7LE94,A0A1F5EBF3,A0A381SPJ7,D6RCP8,9.048E-03,1
A0A4P7LE94,A0A1F5EBF3,A0A3B3Z833,A0A087WY76,7.263E-01,1
A0A4P7LE94,A0A1F5EBF3,A0A3B3Z833,A0A0G2JN38,7.263E-01,1
A0A4P7LE94,A0A1F5EBF3,A0A3B3Z833,A0A0G2JNS6,7.263E-01,1
A0A4P7LE94,A0A1F5EBF3,A0A3B3Z833,A0A0G2JRB5,7.263E-01,1
A0A4P7LE94,A0A1F5EBF3,A0A3B3Z833,I3L1V5,7.263E-01,1
A0A4P7LE94,A0A1F5EBF3,A0A3B3Z833,I3L2E4,7.263E-01,1
A0A4P7LE94,A0A1F5EBF3,A0A3M7T9Y6,A0A7P0T9F7,8.466E-01,1
A0A4P7LE94,A0A1F5EBF3,A0A3M7T9Y6,A0A7P0TAN7,8.466E-01,1
A0A4P7LE94,A0A1F5EBF3,A0A3M7T9Y6,A0A7P0TBF8,8.466E-01,1
A0A4P7LE94,A0A1F5EBF3,A0A3M7T9Y6,A0A7P0Z4A0,8.466E-01,1
A0A4P7LE94,A0A1F5EBF3,A0A3M7T9Y6,A0A7P0Z4P5,8.466E-01,1
A0A4P7LE94,A0A1F5EBF3,A0A3M7T9Y6,B4E2Z3,8.466E-01,2
A0A4P7LE94,A0A1F5EBF3,A0A3M7T9Y6,F5GZS6,8.466E-01,1
A0A4P7LE94,A0A1F5EBF3,A0A3M7T9Y6,J3KPF3,8.466E-01,1
A0A4P7LE94,A0A1F5EBF3,A0A3M7T9Y6,P08195,8.466E-01,1
A0A4P7LE94,A0A1F5EBF3,A0A4Q4X9Q8,Q8IYR2,6.230E-01,1
A0A4P7LE94,A0A1F5EBF3,A0A4R4Y322,A0A024R0A8,7.043E-01,1
A0A4P7LE94,A0A1F5EBF3,A0A4R4Y322,A0A384MTQ3,7.043E-01,1
A0A4P7LE94,A0A1F5EBF3,A0A4R4Y322,O43865,7.043E-01,1
A0A4P7LE94,A0A1F5EBF3,A0A4R4Y322,P23526,7.043E-01,1
A0A4P7LE94,A0A1F5EBF3,A0A4R4Y322,Q6ZNS6,7.043E-01,1
A0A4P7LE94,A0A1F5EBF3,A0A4R4Y322,Q96HN2,7.043E-01,1
A0A4P7LE94,A0A1F5EBF3,A0A6J7IYI8,A0A024R9W0,1.785E-04,1
A0A4P7LE94,A0A1F5EBF3,A0A6J7IYI8,O43766,1.785E-04,1
A0A4P7LE94,A0A1F5EBF3,A0A7C4XGU2,A0A1W2PRE7,1.511E-03,1
A0A4P7LE94,A0A1F5EBF3,A0A840UYP1,A0A024RD17,5.210E-03,1
A0A4P7LE94,A0A1F5EBF3,B6BWL7,B4DID5,1.345E-01,1
A0A4P7LE94,A0A1F5EBF3,W4TNL4,A0A0S2Z4A8,4.056E-01,1
A0A4P7LE94,A0A1F5EBF3,W4TNL4,Q7KYX9,4.056E-01,1
A0A4R0D912,A0A1F5EBF3,A0A0F9SLM6,J3QKL0,2.640E-01,1
A0A4R0D912,A0A1F5EBF3,A0A0F9SLM6,Q8WVB3,2.640E-01,1
A0A4R0D912,A0A1F5EBF3,A0A0G1GDQ5,A0A068F4C8,6.304E-01,1
A0A4R0D912,A0A1F5EBF3,A0A0G1GDQ5,A0A068F579,6.304E-01,1
A0A4R0D912,A0A1F5EBF3,A0A0G1GDQ5,A0A068F753,6.304E-01,2
A0A4R0D912,A0A1F5EBF3,A0A149U7W4,B4DZX4,7.762E-02,1
A0A4R0D912,A0A1F5EBF3,A0A166DIW0,P56545,2.984E-01,1
A0A4R0D912,A0A1F5EBF3,A0A166DIW0,Q13363,2.984E-01,1
A0A4R0D912,A0A1F5EBF3,A0A166DIW0,Q4KMQ8,2.984E-01,1
A0A4R0D912,A0A1F5EBF3,A0A166DIW0,X5D8Y5,2.984E-01,1
A0A4R0D912,A0A1F5EBF3,A0A196S7R3,B3KQS3,1.967E-02,1
A0A4R0D912,A0A1F5EBF3,A0A1G2XDT8,Q86XE5,8.752E-02,1
A0A4R0D912,A0A1F5EBF3,A0A1G2XDT8,Q9BXD5,8.752E-02,1
A0A4R0D912,A0A1F5EBF3,A0A1Y2EUF5,B2RBF5,8.231E-02,1
A0A4R0D912,A0A1F5EBF3,A0A1Y2EUF5,B4DQ98,8.231E-02,1
A0A4R0D912,A0A1F5EBF3,A0A1Y2EUF5,Q01459,8.231E-02,1
A0A4R0D912,A0A1F5EBF3,A0A2C5YZ57,F8W9T8,6.230E-01,1
A0A4R0D912,A0A1F5EBF3,A0A2E7NAI8,A0A7P0TA11,4.668E-06,1
A0A4R0D912,A0A1F5EBF3,A0A2E7NAI8,B4DT76,4.668E-06,1
A0A4R0D912,A0A1F5EBF3,A0A2M7UQ97,Q9H9T3,1.776E-02,2
A0A4R0D912,A0A1F5EBF3,A0A354ZGE7,A0A024RCB5,4.192E-02,1
A0A4R0D912,A0A1F5EBF3,A0A354ZGE7,B4DN31,4.192E-02,1
A0A4R0D912,A0A1F5EBF3,A0A354ZGE7,B7Z705,4.192E-02,1
A0A4R0D912,A0A1F5EBF3,A0A354ZGE7,Q9BWS9,4.192E-02,1
A0A4R0D912,A0A1F5EBF3,A0A381SPJ7,A0A1W2PQE9,9.048E-03,1
A0A4R0D912,A0A1F5EBF3,A0A381SPJ7,A0A1X7SBR7,9.048E-03,1
A0A4R0D912,A0A1F5EBF3,A0A381SPJ7,D6RCP8,9.048E-03,1
A0A4R0D912,A0A1F5EBF3,A0A3B3Z833,A0A087WY76,7.263E-01,1
A0A4R0D912,A0A1F5EBF3,A0A3B3Z833,A0A0G2JN38,7.263E-01,1
A0A4R0D912,A0A1F5EBF3,A0A3B3Z833,A0A0G2JNS6,7.263E-01,1
A0A4R0D912,A0A1F5EBF3,A0A3B3Z833,A0A0G2JRB5,7.263E-01,1
A0A4R0D912,A0A1F5EBF3,A0A3B3Z833,I3L1V5,7.263E-01,1
A0A4R0D912,A0A1F5EBF3,A0A3B3Z833,I3L2E4,7.263E-01,1
A0A4R0D912,A0A1F5EBF3,A0A3M7T9Y6,A0A7P0T9F7,8.466E-01,1
A0A4R0D912,A0A1F5EBF3,A0A3M7T9Y6,A0A7P0TAN7,8.466E-01,1
A0A4R0D912,A0A1F5EBF3,A0A3M7T9Y6,A0A7P0TBF8,8.466E-01,1
A0A4R0D912,A0A1F5EBF3,A0A3M7T9Y6,A0A7P0Z4A0,8.466E-01,1
A0A4R0D912,A0A1F5EBF3,A0A3M7T9Y6,A0A7P0Z4P5,8.466E-01,1
A0A4R0D912,A0A1F5EBF3,A0A3M7T9Y6,B4E2Z3,8.466E-01,2
A0A4R0D912,A0A1F5EBF3,A0A3M7T9Y6,F5GZS6,8.466E-01,1
A0A4R0D912,A0A1F5EBF3,A0A3M7T9Y6,J3KPF3,8.466E-01,1
A0A4R0D912,A0A1F5EBF3,A0A3M7T9Y6,P08195,8.466E-01,1
A0A4R0D912,A0A1F5EBF3,A0A4Q4X9Q8,Q8IYR2,6.230E-01,1
A0A4R0D912,A0A1F5EBF3,A0A4R4Y322,A0A024R0A8,7.043E-01,1
A0A4R0D912,A0A1F5EBF3,A0A4R4Y322,A0A384MTQ3,7.043E-01,1
A0A4R0D912,A0A1F5EBF3,A0A4R4Y322,O43865,7.043E-01,1
A0A4R0D912,A0A1F5EBF3,A0A4R4Y322,P23526,7.043E-01,1
A0A4R0D912,A0A1F5EBF3,A0A4R4Y322,Q6ZNS6,7.043E-01,1
A0A4R0D912,A0A1F5EBF3,A0A4R4Y322,Q96HN2,7.043E-01,1
A0A4R0D912,A0A1F5EBF3,A0A6J7IYI8,A0A024R9W0,1.785E-04,1
A0A4R0D912,A0A1F5EBF3,A0A6J7IYI8,O43766,1.785E-04,1
A0A4R0D912,A0A1F5EBF3,A0A7C4XGU2,A0A1W2PRE7,1.511E-03,1
A0A4R0D912,A0A1F5EBF3,A0A840UYP1,A0A024RD17,5.210E-03,1
A0A4R0D912,A0A1F5EBF3,B6BWL7,B4DID5,1.345E-01,1
A0A4R0D912,A0A1F5EBF3,W4TNL4,A0A0S2Z4A8,4.056E-01,1
A0A4R0D912,A0A1F5EBF3,W4TNL4,Q7KYX9,4.056E-01,1
A0A4R2MXI9,A0A1F5EBF3,A0A0F9SLM6,J3QKL0,2.640E-01,1
A0A4R2MXI9,A0A1F5EBF3,A0A0F9SLM6,Q8WVB3,2.640E-01,1
A0A4R2MXI9,A0A1F5EBF3,A0A0G1GDQ5,A0A068F4C8,6.304E-01,1
A0A4R2MXI9,A0A1F5EBF3,A0A0G1GDQ5,A0A068F579,6.304E-01,1
A0A4R2MXI9,A0A1F5EBF3,A0A0G1GDQ5,A0A068F753,6.304E-01,2
A0A4R2MXI9,A0A1F5EBF3,A0A149U7W4,B4DZX4,7.762E-02,1
A0A4R2MXI9,A0A1F5EBF3,A0A166DIW0,P56545,2.984E-01,1
A0A4R2MXI9,A0A1F5EBF3,A0A166DIW0,Q13363,2.984E-01,1
A0A4R2MXI9,A0A1F5EBF3,A0A166DIW0,Q4KMQ8,2.984E-01,1
A0A4R2MXI9,A0A1F5EBF3,A0A166DIW0,X5D8Y5,2.984E-01,1
A0A4R2MXI9,A0A1F5EBF3,A0A196S7R3,B3KQS3,1.967E-02,1
A0A4R2MXI9,A0A1F5EBF3,A0A1G2XDT8,Q86XE5,8.752E-02,1
A0A4R2MXI9,A0A1F5EBF3,A0A1G2XDT8,Q9BXD5,8.752E-02,1
A0A4R2MXI9,A0A1F5EBF3,A0A1Y2EUF5,B2RBF5,8.231E-02,1
A0A4R2MXI9,A0A1F5EBF3,A0A1Y2EUF5,B4DQ98,8.231E-02,1
A0A4R2MXI9,A0A1F5EBF3,A0A1Y2EUF5,Q01459,8.231E-02,1
A0A4R2MXI9,A0A1F5EBF3,A0A2C5YZ57,F8W9T8,6.230E-01,1
A0A4R2MXI9,A0A1F5EBF3,A0A2E7NAI8,A0A7P0TA11,4.668E-06,1
A0A4R2MXI9,A0A1F5EBF3,A0A2E7NAI8,B4DT76,4.668E-06,1
A0A4R2MXI9,A0A1F5EBF3,A0A2M7UQ97,Q9H9T3,1.776E-02,2
A0A4R2MXI9,A0A1F5EBF3,A0A354ZGE7,A0A024RCB5,4.192E-02,1
A0A4R2MXI9,A0A1F5EBF3,A0A354ZGE7,B4DN31,4.192E-02,1
A0A4R2MXI9,A0A1F5EBF3,A0A354ZGE7,B7Z705,4.192E-02,1
A0A4R2MXI9,A0A1F5EBF3,A0A354ZGE7,Q9BWS9,4.192E-02,1
A0A4R2MXI9,A0A1F5EBF3,A0A381SPJ7,A0A1W2PQE9,9.048E-03,1
A0A4R2MXI9,A0A1F5EBF3,A0A381SPJ7,A0A1X7SBR7,9.048E-03,1
A0A4R2MXI9,A0A1F5EBF3,A0A381SPJ7,D6RCP8,9.048E-03,1
A0A4R2MXI9,A0A1F5EBF3,A0A3B3Z833,A0A087WY76,7.263E-01,1
A0A4R2MXI9,A0A1F5EBF3,A0A3B3Z833,A0A0G2JN38,7.263E-01,1
A0A4R2MXI9,A0A1F5EBF3,A0A3B3Z833,A0A0G2JNS6,7.263E-01,1
A0A4R2MXI9,A0A1F5EBF3,A0A3B3Z833,A0A0G2JRB5,7.263E-01,1
A0A4R2MXI9,A0A1F5EBF3,A0A3B3Z833,I3L1V5,7.263E-01,1
A0A4R2MXI9,A0A1F5EBF3,A0A3B3Z833,I3L2E4,7.263E-01,1
A0A4R2MXI9,A0A1F5EBF3,A0A3M7T9Y6,A0A7P0T9F7,8.466E-01,1
A0A4R2MXI9,A0A1F5EBF3,A0A3M7T9Y6,A0A7P0TAN7,8.466E-01,1
A0A4R2MXI9,A0A1F5EBF3,A0A3M7T9Y6,A0A7P0TBF8,8.466E-01,1
A0A4R2MXI9,A0A1F5EBF3,A0A3M7T9Y6,A0A7P0Z4A0,8.466E-01,1
A0A4R2MXI9,A0A1F5EBF3,A0A3M7T9Y6,A0A7P0Z4P5,8.466E-01,1
A0A4R2MXI9,A0A1F5EBF3,A0A3M7T9Y6,B4E2Z3,8.466E-01,2
A0A4R2MXI9,A0A1F5EBF3,A0A3M7T9Y6,F5GZS6,8.466E-01,1
A0A4R2MXI9,A0A1F5EBF3,A0A3M7T9Y6,J3KPF3,8.466E-01,1
A0A4R2MXI9,A0A1F5EBF3,A0A3M7T9Y6,P08195,8.466E-01,1
A0A4R2MXI9,A0A1F5EBF3,A0A4Q4X9Q8,Q8IYR2,6.230E-01,1
A0A4R2MXI9,A0A1F5EBF3,A0A4R4Y322,A0A024R0A8,7.043E-01,1
A0A4R2MXI9,A0A1F5EBF3,A0A4R4Y322,A0A384MTQ3,7.043E-01,1
A0A4R2MXI9,A0A1F5EBF3,A0A4R4Y322,O43865,7.043E-01,1
A0A4R2MXI9,A0A1F5EBF3,A0A4R4Y322,P23526,7.043E-01,1
A0A4R2MXI9,A0A1F5EBF3,A0A4R4Y322,Q6ZNS6,7.043E-01,1
A0A4R2MXI9,A0A1F5EBF3,A0A4R4Y322,Q96HN2,7.043E-01,1
A0A4R2MXI9,A0A1F5EBF3,A0A6J7IYI8,A0A024R9W0,1.785E-04,1
A0A4R2MXI9,A0A1F5EBF3,A0A6J7IYI8,O43766,1.785E-04,1
A0A4R2MXI9,A0A1F5EBF3,A0A7C4XGU2,A0A1W2PRE7,1.511E-03,1
A0A4R2MXI9,A0A1F5EBF3,A0A840UYP1,A0A024RD17,5.210E-03,1
A0A4R2MXI9,A0A1F5EBF3,B6BWL7,B4DID5,1.345E-01,1
A0A4R2MXI9,A0A1F5EBF3,W4TNL4,A0A0S2Z4A8,4.056E-01,1
A0A4R2MXI9,A0A1F5EBF3,W4TNL4,Q7KYX9,4.056E-01,1
A0A4V1D6X7,A0A1G4VTY0,A0A061QSB4,P52788,9.556E-01,2
A0A4V1D6X7,A0A1G4VTY0,A0A072PK90,F2Z2C2,4.525E-01,1
A0A4V1D6X7,A0A1G4VTY0,A0A072PK90,Q9NRW6,4.525E-01,1
A0A4V1D6X7,A0A1G4VTY0,A0A075GQ24,Q9NV79,3.585E-01,1
A0A4V1D6X7,A0A1G4VTY0,A0A090MDI4,B8ZZC8,5.997E-01,1
A0A4V1D6X7,A0A1G4VTY0,A0A090MDI4,B8ZZE3,5.997E-01,1
A0A4V1D6X7,A0A1G4VTY0,A0A090MDI4,Q9NRN9,5.997E-01,2
A0A4V1D6X7,A0A1G4VTY0,A0A182G1N7,B4E195,6.409E-01,1
A0A4V1D6X7,A0A1G4VTY0,A0A183ATV0,Q12882,7.529E-02,1
A0A4V1D6X7,A0A1G4VTY0,A0A183B7J4,Q5JUV6,4.727E-01,1
A0A4V1D6X7,A0A1G4VTY0,A0A183IZN3,D6RBU4,5.707E-01,1
A0A4V1D6X7,A0A1G4VTY0,A0A196SKB2,B3KNI0,6.635E-01,1
A0A4V1D6X7,A0A1G4VTY0,A0A196SKB2,B3KNM8,6.635E-01,1
A0A4V1D6X7,A0A1G4VTY0,A0A196SKB2,B4E2X3,6.635E-01,1
A0A4V1D6X7,A0A1G4VTY0,A0A196SKB2,C4B4C6,6.635E-01,1
A0A4V1D6X7,A0A1G4VTY0,A0A196SKB2,Q8N6R0,6.635E-01,1
A0A4V1D6X7,A0A1G4VTY0,A0A1B6CKS2,Q14400,2.795E-02,3
A0A4V1D6X7,A0A1G4VTY0,A0A1B6CKS2,Q9BSD0,2.795E-02,1
A0A4V1D6X7,A0A1G4VTY0,A0A1B6KZL2,D3DTN6,6.817E-02,1
A0A4V1D6X7,A0A1G4VTY0,A0A1B6KZL2,I3L4B2,6.817E-02,1
A0A4V1D6X7,A0A1G4VTY0,A0A1B6KZL2,O95476,6.817E-02,1
A0A4V1D6X7,A0A1G4VTY0,A0A1B8DXL6,A0A0S2Z583,7.492E-01,1
A0A4V1D6X7,A0A1G4VTY0,A0A1B8DXL6,Q8TC12,7.492E-01,2
A0A4V1D6X7,A0A1G4VTY0,A0A1I1FHQ2,F5GXY2,5.954E-02,3
A0A4V1D6X7,A0A1G4VTY0,A0A1I1FHQ2,F5GYU2,5.954E-02,1
A0A4V1D6X7,A0A1G4VTY0,A0A1I1FHQ2,F5GZ11,5.954E-02,1
A0A4V1D6X7,A0A1G4VTY0,A0A1J1GWM6,A6NHJ8,3.088E-01,1
A0A4V1D6X7,A0A1G4VTY0,A0A1J1GWM6,A6NMA8,3.088E-01,1
A0A4V1D6X7,A0A1G4VTY0,A0A1J1GWM6,A6NND8,3.088E-01,1
A0A4V1D6X7,A0A1G4VTY0,A0A1J1GWM6,O95825,3.088E-01,1
A0A4V1D6X7,A0A1G4VTY0,A0A1Q3E8F0,Q8IYQ7,2.251E-03,1
A0A4V1D6X7,A0A1G4VTY0,A0A1Q3E8F0,Q8N9J5,2.251E-03,1
A0A4V1D6X7,A0A1G4VTY0,A0A1R0WF22,A0A384N605,3.530E-04,1
A0A4V1D6X7,A0A1G4VTY0,A0A1R0WF22,Q5M7Z5,3.530E-04,1
A0A4V1D6X7,A0A1G4VTY0,A0A1R0WF22,Q9UBQ7,3.530E-04,1
A0A4V1D6X7,A0A1G4VTY0,A0A1R0WF22,U3KQ56,3.530E-04,2
A0A4V1D6X7,A0A1G4VTY0,A0A1T3CQJ7,E5RFV2,5.295E-02,1
A0A4V1D6X7,A0A1G4VTY0,A0A1T3CQJ7,E5RJG7,5.295E-02,3
A0A4V1D6X7,A0A1G4VTY0,A0A1T3CQJ7,E9PQ63,5.295E-02,1
A0A4V1D6X7,A0A1G4VTY0,A0A1T3CQJ7,Q7LDK6,5.295E-02,1
A0A4V1D6X7,A0A1G4VTY0,A0A1U8G4G9,A0A087WYX1,1.790E-01,1
A0A4V1D6X7,A0A1G4VTY0,A0A1U8G4G9,Q9H3L6,1.790E-01,1
A0A4V1D6X7,A0A1G4VTY0,A0A1V4ANC4,A0A140VJR3,3.635E-02,1
A0A4V1D6X7,A0A1G4VTY0,A0A1V4ANC4,P00558,3.635E-02,1
A0A4V1D6X7,A0A1G4VTY0,A0A1V4ANC4,P07205,3.635E-02,1
A0A4V1D6X7,A0A1G4VTY0,A0A1V4ANC4,V9HW85,3.635E-02,1
A0A4V1D6X7,A0A1G4VTY0,A0A1V4ANC4,V9HWF4,3.635E-02,1
A0A4V1D6X7,A0A1G4VTY0,A0A1X0QGM1,A0A3B3IS90,1.503E-01,1
A0A4V1D6X7,A0A1G4VTY0,A0A1X0QGM1,Q2TAA5,1.503E-01,1
A0A4V1D6X7,A0A1G4VTY0,A0A1Y3BTN6,A0A0J9YY83,1.946E-01,3
A0A4V1D6X7,A0A1G4VTY0,A0A1Z9J173,A0A024RBV2,1.753E-01,1
A0A4V1D6X7,A0A1G4VTY0,A0A1Z9J173,H0UIA1,1.753E-01,1
A0A4V1D6X7,A0A1G4VTY0,A0A1Z9J173,Q4G0E8,1.753E-01,1
A0A4V1D6X7,A0A1G4VTY0,A0A1Z9J173,Q68CU9,1.753E-01,1
A0A4V1D6X7,A0A1G4VTY0,A0A1Z9J173,Q6DKJ3,1.753E-01,1
A0A4V1D6X7,A0A1G4VTY0,A0A1Z9J173,Q86V21,1.753E-01,2
A0A4V1D6X7,A0A1G4VTY0,A0A1Z9J173,Q9NR19,1.753E-01,1
A0A4V1D6X7,A0A1G4VTY0,A0A287KZ89,Q59FQ4,1.551E-01,3
A0A4V1D6X7,A0A1G4VTY0,A0A287PSR5,C9K0F7,1.458E-01,1
A0A4V1D6X7,A0A1G4VTY0,A0A287RBI6,A0A3Q8B022,5.190E-02,1
A0A4V1D6X7,A0A1G4VTY0,A0A287RBI6,A0A3S6H7E9,5.190E-02,1
A0A4V1D6X7,A0A1G4VTY0,A0A287RBI6,A0A3S6H7G3,5.190E-02,1
A0A4V1D6X7,A0A1G4VTY0,A0A287RBI6,A0A3S6H7X4,5.190E-02,1
A0A4V1D6X7,A0A1G4VTY0,A0A287RBI6,A0A3S6H812,5.190E-02,1
A0A4V1D6X7,A0A1G4VTY0,A0A287RBI6,A0A3S6H942,5.190E-02,1
A0A4V1D6X7,A0A1G4VTY0,A0A287RBI6,Q99873,5.190E-02,1
A0A4V1D6X7,A0A1G4VTY0,A0A2D7AQS8,Q9H008,4.694E-02,2
A0A4V1D6X7,A0A1G4VTY0,A0A2D7AQS8,Q9H0R4,4.694E-02,1
A0A4V1D6X7,A0A1G4VTY0,A0A2D7AQS8,V9HW73,4.694E-02,1
A0A4V1D6X7,A0A1G4VTY0,A0A2E6X7I2,Q14894,1.315E-02,1
A0A4V1D6X7,A0A1G4VTY0,A0A2G2VQT9,B4E1R1,6.491E-02,2
A0A4V1D6X7,A0A1G4VTY0,A0A2G2VQT9,B7ZAL1,6.491E-02,1
A0A4V1D6X7,A0A1G4VTY0,A0A2G2VQT9,B7ZB36,6.491E-02,1
A0A4V1D6X7,A0A1G4VTY0,A0A2H6L5N8,C9JW33,2.831E-01,3
A0A4V1D6X7,A0A1G4VTY0,A0A2J6L1E2,A6NHQ2,6.409E-01,1
A0A4V1D6X7,A0A1G4VTY0,A0A2J6L1E2,P22087,6.409E-01,1
A0A4V1D6X7,A0A1G4VTY0,A0A2K8U605,B1ANE3,5.942E-02,1
A0A4V1D6X7,A0A1G4VTY0,A0A2K8U605,Q6MZH4,5.942E-02,1
A0A4V1D6X7,A0A1G4VTY0,A0A2N7PJT0,B4DHZ6,2.534E-01,1
A0A4V1D6X7,A0A1G4VTY0,A0A2R2MIH0,B3KT84,1.942E-01,2
A0A4V1D6X7,A0A1G4VTY0,A0A2R2MIH0,D6RCD0,1.942E-01,1
A0A4V1D6X7,A0A1G4VTY0,A0A2V0PJ31,A0A024R1I3,4.336E-01,1
A0A4V1D6X7,A0A1G4VTY0,A0A2V0PJ31,A6NDG6,4.336E-01,1
A0A4V1D6X7,A0A1G4VTY0,A0A2V0PJ31,Q96GD0,4.336E-01,1
A0A4V1D6X7,A0A1G4VTY0,A0A2Z5QRJ8,F5H552,9.345E-01,3
A0A4V1D6X7,A0A1G4VTY0,A0A358SJI2,A0A3Q8B4N0,9.919E-01,2
A0A4V1D6X7,A0A1G4VTY0,A0A358SJI2,A0A3Q8B9M1,9.919E-01,1
A0A4V1D6X7,A0A1G4VTY0,A0A358SJI2,A0A3S6H758,9.919E-01,1
A0A4V1D6X7,A0A1G4VTY0,A0A369XB15,H3BNB2,8.582E-01,1
A0A4V1D6X7,A0A1G4VTY0,A0A369XB15,H3BQ55,8.582E-01,1
A0A4V1D6X7,A0A1G4VTY0,A0A378GX66,C9JF79,5.076E-02,1
A0A4V1D6X7,A0A1G4VTY0,A0A395NL10,G8JLA1,3.485E-02,1
A0A4V1D6X7,A0A1G4VTY0,A0A399ZF79,O60701,7.802E-03,1
A0A4V1D6X7,A0A1G4VTY0,A0A3N5ZEY9,D6RA00,6.561E-02,1
A0A4V1D6X7,A0A1G4VTY0,A0A3Q2LRH6,A0A804HJD7,9.839E-03,2
A0A4V1D6X7,A0A1G4VTY0,A0A3Q2LRH6,E9KL48,9.839E-03,1
A0A4V1D6X7,A0A1G4VTY0,A0A3Q2LRH6,P00367,9.839E-03,1
A0A4V1D6X7,A0A1G4VTY0,A0A3Q2LRH6,Q53GW3,9.839E-03,1
A0A4V1D6X7,A0A1G4VTY0,A0A3Q2Q219,A0A6Q8PHB5,8.621E-02,1
A0A4V1D6X7,A0A1G4VTY0,A0A3Q2Q219,Q86YG4,8.621E-02,1
A0A4V1D6X7,A0A1G4VTY0,A0A401FTZ3,Q7Z508,2.177E-03,1
A0A4V1D6X7,A0A1G4VTY0,A0A401FTZ3,Q9UHY7,2.177E-03,1
A0A4V1D6X7,A0A1G4VTY0,A0A401P5Y1,J3KTQ8,4.407E-01,1
A0A4V1D6X7,A0A1G4VTY0,A0A401P5Y1,K7EM19,4.407E-01,1
A0A4V1D6X7,A0A1G4VTY0,A0A401P5Y1,K7ENX2,4.407E-01,1
A0A4V1D6X7,A0A1G4VTY0,A0A433PM45,A0A384NY14,3.015E-01,1
A0A4V1D6X7,A0A1G4VTY0,A0A433PM45,J3KS22,3.015E-01,1
A0A4V1D6X7,A0A1G4VTY0,A0A433PM45,J3QL34,3.015E-01,1
A0A4V1D6X7,A0A1G4VTY0,A0A453D4D1,Q6ZMM9,3.866E-04,1
A0A4V1D6X7,A0A1G4VTY0,A0A482STH2,A0A384MDK7,5.904E-02,1
A0A4V1D6X7,A0A1G4VTY0,A0A482STH2,F8W9F3,5.904E-02,1
A0A4V1D6X7,A0A1G4VTY0,A0A482STH2,P22061,5.904E-02,1
A0A4V1D6X7,A0A1G4VTY0,A0A482STH2,Q6PIM4,5.904E-02,1
A0A4V1D6X7,A0A1G4VTY0,A0A484X3B9,C9JH92,5.199E-01,1
A0A4V1D6X7,A0A1G4VTY0,A0A498MXD7,A0A087WVM4,4.297E-04,1
A0A4V1D6X7,A0A1G4VTY0,A0A498MXD7,B7ZM99,4.297E-04,1
A0A4V1D6X7,A0A1G4VTY0,A0A498MXD7,Q6UB35,4.297E-04,1
A0A4V1D6X7,A0A1G4VTY0,A0A4R4Y322,A0A024R0A8,6.981E-06,1
A0A4V1D6X7,A0A1G4VTY0,A0A4R4Y322,A0A384MTQ3,6.981E-06,1
A0A4V1D6X7,A0A1G4VTY0,A0A4R4Y322,O43865,6.981E-06,1
A0A4V1D6X7,A0A1G4VTY0,A0A4R4Y322,P23526,6.981E-06,1
A0A4V1D6X7,A0A1G4VTY0,A0A4R4Y322,Q6ZNS6,6.981E-06,1
A0A4V1D6X7,A0A1G4VTY0,A0A4R4Y322,Q96HN2,6.981E-06,1
A0A4V1D6X7,A0A1G4VTY0,A0A4R8PSC1,D6RH17,6.344E-02,1
A0A4V1D6X7,A0A1G4VTY0,A0A4W3JLQ3,B4DWB1,3.802E-01,1
A0A4V1D6X7,A0A1G4VTY0,A0A4W3JLQ3,O60678,3.802E-01,1
A0A4V1D6X7,A0A1G4VTY0,A0A4Y2QRV1,Q9H5Q4,9.337E-01,2
A0A4V1D6X7,A0A1G4VTY0,A0A510Y3N0,B7Z8J7,5.432E-01,1
A0A4V1D6X7,A0A1G4VTY0,A0A534B2J3,I3L325,5.899E-03,1
A0A4V1D6X7,A0A1G4VTY0,A0A553MV03,B7Z809,2.277E-03,1
A0A4V1D6X7,A0A1G4VTY0,A0A553MV03,F5H2F4,2.277E-03,1
A0A4V1D6X7,A0A1G4VTY0,A0A553MV03,P11586,2.277E-03,1
A0A4V1D6X7,A0A1G4VTY0,A0A553MV03,V9GYY3,2.277E-03,1
A0A4V1D6X7,A0A1G4VTY0,A0A553MV03,V9GZ78,2.277E-03,1
A0A4V1D6X7,A0A1G4VTY0,A0A5B0RXH8,B4DSF0,7.998E-01,2
A0A4V1D6X7,A0A1G4VTY0,A0A5B8U054,A0A0S2Z434,7.841E-01,1
A0A4V1D6X7,A0A1G4VTY0,A0A5B8U054,A0A804HHW5,7.841E-01,2
A0A4V1D6X7,A0A1G4VTY0,A0A5D6Y962,A0A2R8Y6V7,8.268E-03,1
A0A4V1D6X7,A0A1G4VTY0,A0A5D6Y962,B4DF30,8.268E-03,1
A0A4V1D6X7,A0A1G4VTY0,A0A5D6Y962,B7Z3I0,8.268E-03,2
A0A4V1D6X7,A0A1G4VTY0,A0A5D6Y962,B7ZM24,8.268E-03,1
A0A4V1D6X7,A0A1G4VTY0,A0A5D6Y962,G3XAL9,8.268E-03,1
A0A4V1D6X7,A0A1G4VTY0,A0A5D6Y962,H0YKQ8,8.268E-03,1
A0A4V1D6X7,A0A1G4VTY0,A0A5D6Y962,J3QSS1,8.268E-03,1
A0A4V1D6X7,A0A1G4VTY0,A0A5D6Y962,P55011,8.268E-03,1
A0A4V1D6X7,A0A1G4VTY0,A0A5D6Y962,P55017,8.268E-03,1
A0A4V1D6X7,A0A1G4VTY0,A0A5D6Y962,Q13621,8.268E-03,1
A0A4V1D6X7,A0A1G4VTY0,A0A5D6Y962,Q3ZCQ6,8.268E-03,1
A0A4V1D6X7,A0A1G4VTY0,A0A5D6Y962,Q53ZR1,8.268E-03,1
A0A4V1D6X7,A0A1G4VTY0,A0A660XX08,A8K8B1,1.237E-01,1
A0A4V1D6X7,A0A1G4VTY0,A0A660XX08,H7BXH9,1.237E-01,1
A0A4V1D6X7,A0A1G4VTY0,A0A660XX08,Q96AZ1,1.237E-01,1
A0A4V1D6X7,A0A1G4VTY0,A0A660XX08,Q9H867,1.237E-01,1
A0A4V1D6X7,A0A1G4VTY0,A0A661A5H2,B4DPM0,2.009E-01,2
A0A4V1D6X7,A0A1G4VTY0,A0A6A1VZZ0,A0A286YFB2,3.632E-01,1
A0A4V1D6X7,A0A1G4VTY0,A0A6G3V199,B4DHZ4,7.259E-01,2
A0A4V1D6X7,A0A1G4VTY0,A0A6G3V199,G3V3Y9,7.259E-01,3
A0A4V1D6X7,A0A1G4VTY0,A0A6G3V199,G3V508,7.259E-01,1
A0A4V1D6X7,A0A1G4VTY0,A0A6J0BNC2,A8K0B9,1.580E-01,1
A0A4V1D6X7,A0A1G4VTY0,A0A6J0BNC2,E5KTM5,1.580E-01,1
A0A4V1D6X7,A0A1G4VTY0,A0A6J0BNC2,Q8WVM0,1.580E-01,1
A0A4V1D6X7,A0A1G4VTY0,A0A6J1P7F7,E9PD69,7.013E-02,1
A0A4V1D6X7,A0A1G4VTY0,A0A6J1P7F7,Q9NZQ5,7.013E-02,1
A0A4V1D6X7,A0A1G4VTY0,A0A6J1RBJ5,A0A0S2Z3V7,9.256E-02,1
A0A4V1D6X7,A0A1G4VTY0,A0A6J1RBJ5,A0A0S2Z413,9.256E-02,1
A0A4V1D6X7,A0A1G4VTY0,A0A6L7ECE3,B7Z415,4.067E-02,1
A0A4V1D6X7,A0A1G4VTY0,A0A6L7ECE3,Q5H928,4.067E-02,2
A0A4V1D6X7,A0A1G4VTY0,A0A6V7NQ42,A0A219K684,2.682E-01,1
A0A4V1D6X7,A0A1G4VTY0,A0A6V7NQ42,J3QSE6,2.682E-01,1
A0A4V1D6X7,A0A1G4VTY0,A0A7C2TQ72,G3V2R9,1.499E-02,1
A0A4V1D6X7,A0A1G4VTY0,A0A7C8B6P1,A0A024RA81,8.083E-01,1
A0A4V1D6X7,A0A1G4VTY0,A0A7C8B6P1,A0A090N7U2,8.083E-01,2
A0A4V1D6X7,A0A1G4VTY0,A0A7C8B6P1,X6RM59,8.083E-01,1
A0A4V1D6X7,A0A1G4VTY0,A0A7D9I583,H7BXL3,5.607E-02,2
A0A4V1D6X7,A0A1G4VTY0,A0A7I8VN12,A0A411HBD8,7.632E-01,2
A0A4V1D6X7,A0A1G4VTY0,A0A7J7UFE0,F8W1I9,1.688E-01,1
A0A4V1D6X7,A0A1G4VTY0,A0A7R8RZK5,B4DP64,5.323E-01,1
A0A4V1D6X7,A0A1G4VTY0,A0A7R8RZK5,E5RGR0,5.323E-01,1
A0A4V1D6X7,A0A1G4VTY0,A0A7R9LK69,D3DNS0,4.304E-01,1
A0A4V1D6X7,A0A1G4VTY0,A0A7S1ERC1,Q1RMG2,1.546E-03,1
A0A4V1D6X7,A0A1G4VTY0,A0A7S2ZF55,A0A024R1Z6,1.394E-02,1
A0A4V1D6X7,A0A1G4VTY0,A0A7S2ZF55,A0A024RDE3,1.394E-02,1
A0A4V1D6X7,A0A1G4VTY0,A0A7S2ZF55,P00325,1.394E-02,1
A0A4V1D6X7,A0A1G4VTY0,A0A7S2ZF55,P07327,1.394E-02,1
A0A4V1D6X7,A0A1G4VTY0,A0A7S2ZF55,Q99536,1.394E-02,2
A0A4V1D6X7,A0A1G4VTY0,A0A7T5UQF5,A0A140VK14,8.297E-19,1
A0A4V1D6X7,A0A1G4VTY0,A0A7T5UQF5,A0A804HKE0,8.297E-19,1
A0A4V1D6X7,A0A1G4VTY0,A0A7T5UQF5,B3KT18,8.297E-19,1
A0A4V1D6X7,A0A1G4VTY0,A0A7T5UQF5,B4DMF5,8.297E-19,1
A0A4V1D6X7,A0A1G4VTY0,A0A7T5UQF5,B4DMG8,8.297E-19,1
A0A4V1D6X7,A0A1G4VTY0,A0A7T5UQF5,B4E0N9,8.297E-19,1
A0A4V1D6X7,A0A1G4VTY0,A0A7T5UQF5,P49448,8.297E-19,1
A0A4V1D6X7,A0A1G4VTY0,A0A7V1Z5L4,A0A087WVD4,2.345E-01,1
A0A4V1D6X7,A0A1G4VTY0,A0A7V1Z5L4,Q9HBK9,2.345E-01,2
A0A4V1D6X7,A0A1G4VTY0,A0A7V4D0H4,A0A7I2YQD4,2.577E-01,3
A0A4V1D6X7,A0A1G4VTY0,A0A7Y0RNQ1,K7EMA4,6.730E-01,1
A0A4V1D6X7,A0A1G4VTY0,A0A7Y9L075,J3KMW5,5.471E-01,1
A0A4V1D6X7,A0A1G4VTY0,A0A7Z8Z9X2,Q8N7L2,5.166E-01,1
A0A4V1D6X7,A0A1G4VTY0,A0A7Z8Z9X2,Q96NX2,5.166E-01,3
A0A4V1D6X7,A0A1G4VTY0,A0A804HKS7,A0A804HKS7,4.030E-01,2
A0A4V1D6X7,A0A1G4VTY0,A0A810NQM1,Q8IXQ9,3.387E-02,1
A0A4V1D6X7,A0A1G4VTY0,A0A811QFM8,A0A0J9YXZ6,4.492E-01,1
A0A4V1D6X7,A0A1G4VTY0,A0A811QFM8,G3V0I9,4.492E-01,1
A0A4V1D6X7,A0A1G4VTY0,A0A811V8I9,A0A2R8YDT8,4.454E-01,1
A0A4V1D6X7,A0A1G4VTY0,A0A811V8I9,A0A2R8YF45,4.454E-01,1
A0A4V1D6X7,A0A1G4VTY0,A0A811V8I9,J3KRZ4,4.454E-01,1
A0A4V1D6X7,A0A1G4VTY0,A0A820DDN5,J3QKT1,1.513E-01,1
A0A4V1D6X7,A0A1G4VTY0,A0A834T8L7,A0AVT1,7.363E-01,1
A0A4V1D6X7,A0A1G4VTY0,A0A834T8L7,A1LT96,7.363E-01,1
A0A4V1D6X7,A0A1G4VTY0,A0A834T8L7,P41226,7.363E-01,2
A0A4V1D6X7,A0A1G4VTY0,A0A835L5T6,A6NP24,1.149E-01,1
A0A4V1D6X7,A0A1G4VTY0,A0A835M6Q3,A0A0C4DGY0,1.892E-01,2
A0A4V1D6X7,A0A1G4VTY0,A0A835M6Q3,D6W5A4,1.892E-01,1
A0A4V1D6X7,A0A1G4VTY0,A0A850AKG2,B2RAR3,4.951E-01,1
A0A4V1D6X7,A0A1G4VTY0,A0A850AKG2,Q9BXR0,4.951E-01,1
A0A4V1D6X7,A0A1G4VTY0,A6FPG2,X5D7T7,4.195E-02,1
A0A4V1D6X7,A0A1G4VTY0,B5Y3N3,B2R7W0,1.066E-04,1
A0A4V1D6X7,A0A1G4VTY0,B5Y3N3,P13995,1.066E-04,1
A0A4V1D6X7,A0A1G4VTY0,B5Y3N3,Q9H903,1.066E-04,1
A0A4V1D6X7,A0A1G4VTY0,D7G035,M0QX65,1.789E-01,1
A0A4V1D6X7,A0A1G4VTY0,F0Y1T0,Q96LA8,1.863E-01,2
A0A4V1D6X7,A0A1G4VTY0,F4XBX1,O75828,2.249E-01,1
A0A4V1D6X7,A0A1G4VTY0,F4XBX1,Q53F60,2.249E-01,1
A0A4V1D6X7,A0A1G4VTY0,F4XBX1,V9HW40,2.249E-01,1
A0A4V1D6X7,A0A1G4VTY0,G0EDQ2,A0A024R6Q2,8.083E-01,1
A0A4V1D6X7,A0A1G4VTY0,G0EDQ2,B4DLD4,8.083E-01,1
A0A4V1D6X7,A0A1G4VTY0,G0EDQ2,M0R2Q4,8.083E-01,1
A0A4V1D6X7,A0A1G4VTY0,G0EDQ2,Q96BS4,8.083E-01,3
A0A4V1D6X7,A0A1G4VTY0,G0EDQ2,Q96FX7,8.083E-01,1
A0A4V1D6X7,A0A1G4VTY0,G0SBC3,A0A286YFL2,1.307E-02,1
A0A4V1D6X7,A0A1G4VTY0,G4U377,A0A3Q8AM27,7.403E-02,2
A0A4V1D6X7,A0A1G4VTY0,G4U377,E9PKG1,7.403E-02,1
A0A4V1D6X7,A0A1G4VTY0,G4U377,Q5U8W9,7.403E-02,2
A0A4V1D6X7,A0A1G4VTY0,G4U377,Q9NR22,7.403E-02,1
A0A4V1D6X7,A0A1G4VTY0,I0Z4G2,B2RD09,4.817E-01,1
A0A4V1D6X7,A0A1G4VTY0,I0Z4G2,Q96P11,4.817E-01,2
A0A4V1D6X7,A0A1G4VTY0,I7M7A8,A0A024R7X6,7.649E-01,1
A0A4V1D6X7,A0A1G4VTY0,I7M7A8,A0A0S2Z3U6,7.649E-01,1
A0A4V1D6X7,A0A1G4VTY0,I7M7A8,A0A1S5UZ00,7.649E-01,1
A0A4V1D6X7,A0A1G4VTY0,I7M7A8,A0A3B3ITT4,7.649E-01,1
A0A4V1D6X7,A0A1G4VTY0,I7M7A8,B3KQJ0,7.649E-01,1
A0A4V1D6X7,A0A1G4VTY0,I7M7A8,B4DWS6,7.649E-01,1
A0A4V1D6X7,A0A1G4VTY0,I7M7A8,D3DR22,7.649E-01,1
A0A4V1D6X7,A0A1G4VTY0,I7M7A8,P37058,7.649E-01,2
A0A4V1D6X7,A0A1G4VTY0,I7M7A8,P37059,7.649E-01,1
A0A4V1D6X7,A0A1G4VTY0,I7M7A8,Q53GD0,7.649E-01,1
A0A4V1D6X7,A0A1G4VTY0,I7M7A8,Q6FH62,7.649E-01,1
A0A4V1D6X7,A0A1G4VTY0,I7M7A8,Q8IZV5,7.649E-01,1
A0A4V1D6X7,A0A1G4VTY0,I7M7A8,Q8N5I4,7.649E-01,2
A0A4V1D6X7,A0A1G4VTY0,K0ERX8,A0A087WXI8,2.690E-01,1
A0A4V1D6X7,A0A1G4VTY0,K0ERX8,D5KJA1,2.690E-01,1
A0A4V1D6X7,A0A1G4VTY0,K0ERX8,P0CG22,2.690E-01,1
A0A4V1D6X7,A0A1G4VTY0,K0ERX8,Q6PKH6,2.690E-01,1
A0A4V1D6X7,A0A1G4VTY0,K0ERX8,Q9BTZ2,2.690E-01,1
A0A4V1D6X7,A0A1G4VTY0,K2FYE6,A0A024RDE0,2.230E-03,1
A0A4V1D6X7,A0A1G4VTY0,K2FYE6,A0A7I2V2U6,2.230E-03,1
A0A4V1D6X7,A0A1G4VTY0,K7F2N1,E7EMN2,2.683E-01,1
A0A4V1D6X7,A0A1G4VTY0,K7HC77,A0A494C005,9.109E-02,1
A0A4V1D6X7,A0A1G4VTY0,K7HC77,A0A494C0A5,9.109E-02,1
A0A4V1D6X7,A0A1G4VTY0,K7HC77,A0A494C1I9,9.109E-02,1
A0A4V1D6X7,A0A1G4VTY0,L9P9P5,A8K337,6.709E-01,1
A0A4V1D6X7,A0A1G4VTY0,L9P9P5,B4DY64,6.709E-01,1
A0A4V1D6X7,A0A1G4VTY0,L9P9P5,Q86VU5,6.709E-01,1
A0A4V1D6X7,A0A1G4VTY0,M0QIV7,Q53GQ0,3.802E-01,1
A0A4V1D6X7,A0A1G4VTY0,P07259,P27708,1.510E-04,1
A0A4V1D6X7,A0A1G4VTY0,S9V9A5,B4DQY3,9.998E-01,1
A0A4V1D6X7,A0A1G4VTY0,T1JUW1,A0A6Q8JGF9,5.707E-01,1
A0A4V1D6X7,A0A1G4VTY0,T1JUW1,I3L1H5,5.707E-01,1
A0A4V1D6X7,A0A1G4VTY0,T1JUW1,Q9BZG8,5.707E-01,1
A0A4V1D6X7,A0A1G4VTY0,V4UF40,A0A3B3ITK4,1.145E-01,3
A0A4V1D6X7,A0A1G4VTY0,V5ETK0,A0A024RDF8,1.975E-02,1
A0A4V1D6X7,A0A1G4VTY0,V5ETK0,A0A0C4DG85,1.975E-02,1
A0A4V1D6X7,A0A1G4VTY0,V5ETK0,A0A0D9SFB5,1.975E-02,1
A0A4V1D6X7,A0A1G4VTY0,V5ETK0,D6RHZ6,1.975E-02,2
A0A4V1D6X7,A0A1G4VTY0,V5ETK0,F5HB16,1.975E-02,1
A0A4V1D6X7,A0A1G4VTY0,V5ETK0,P00326,1.975E-02,1
A0A4V1D6X7,A0A1G4VTY0,V5ETK0,P08319,1.975E-02,2
A0A4V1D6X7,A0A1G4VTY0,V5ETK0,P11766,1.975E-02,1
A0A4V1D6X7,A0A1G4VTY0,V5ETK0,P28332,1.975E-02,1
A0A4V1D6X7,A0A1G4VTY0,V5ETK0,P40394,1.975E-02,1
A0A4V1D6X7,A0A1G4VTY0,V5ETK0,Q2VIM7,1.975E-02,1
A0A4V1D6X7,A0A1G4VTY0,V5ETK0,Q5U043,1.975E-02,1
A0A4V1D6X7,A0A1G4VTY0,V5ETK0,Q6FI45,1.975E-02,1
A0A4V1D6X7,A0A1G4VTY0,V5ETK0,Q6IRT1,1.975E-02,1
A0A4V1D6X7,A0A1G4VTY0,V5ETK0,Q8IUN7,1.975E-02,1
A0A4V1D6X7,A0A1G4VTY0,V5ETK0,V9HVX7,1.975E-02,1
A0A4V1D6X7,A0A1G4VTY0,V5ETK0,V9HW50,1.975E-02,1
A0A4V1D6X7,A0A1G4VTY0,W5P0T0,A0A6Q8PGK3,1.192E-01,1
A0A4V1D6X7,A0A1G4VTY0,W5P0T0,A0A7P0TAJ0,1.192E-01,1
A0A4V1D6X7,A0A1G4VTY0,W5P0T0,B7ZLW8,1.192E-01,1
A0A4V1D6X7,A0A1G4VTY0,W5P0T0,Q99707,1.192E-01,1
A0A4V1D6X7,A0A1G4VTY0,W9J3E3,A0A0S2Z575,2.996E-01,1
A0A4V1D6X7,A0A1G4VTY0,W9J3E3,A8K6B4,2.996E-01,2
A0A4V1D6X7,A0A1G4VTY0,W9J3E3,B3KVA3,2.996E-01,1
A0A4V1D6X7,A0A1G4VTY0,W9J3E3,B4DF79,2.996E-01,1
A0A4V1D6X7,A0A1G4VTY0,W9J3E3,Q5MGS6,2.996E-01,1
A0A4V1D6X7,A0A1G4VTY0,W9J3E3,Q9NRW5,2.996E-01,1
A0A4V1D6X7,A0A1G4VTY0,X8F0M0,A8MTM1,8.314E-01,1
A0A510IE38,A0A1F5EBF3,A0A0F9SLM6,J3QKL0,2.640E-01,1
A0A510IE38,A0A1F5EBF3,A0A0F9SLM6,Q8WVB3,2.640E-01,1
A0A510IE38,A0A1F5EBF3,A0A0G1GDQ5,A0A068F4C8,6.304E-01,1
A0A510IE38,A0A1F5EBF3,A0A0G1GDQ5,A0A068F579,6.304E-01,1
A0A510IE38,A0A1F5EBF3,A0A0G1GDQ5,A0A068F753,6.304E-01,2
A0A510IE38,A0A1F5EBF3,A0A149U7W4,B4DZX4,7.762E-02,1
A0A510IE38,A0A1F5EBF3,A0A166DIW0,P56545,2.984E-01,1
A0A510IE38,A0A1F5EBF3,A0A166DIW0,Q13363,2.984E-01,1
A0A510IE38,A0A1F5EBF3,A0A166DIW0,Q4KMQ8,2.984E-01,1
A0A510IE38,A0A1F5EBF3,A0A166DIW0,X5D8Y5,2.984E-01,1
A0A510IE38,A0A1F5EBF3,A0A196S7R3,B3KQS3,1.967E-02,1
A0A510IE38,A0A1F5EBF3,A0A1G2XDT8,Q86XE5,8.752E-02,1
A0A510IE38,A0A1F5EBF3,A0A1G2XDT8,Q9BXD5,8.752E-02,1
A0A510IE38,A0A1F5EBF3,A0A1Y2EUF5,B2RBF5,8.231E-02,1
A0A510IE38,A0A1F5EBF3,A0A1Y2EUF5,B4DQ98,8.231E-02,1
A0A510IE38,A0A1F5EBF3,A0A1Y2EUF5,Q01459,8.231E-02,1
A0A510IE38,A0A1F5EBF3,A0A2C5YZ57,F8W9T8,6.230E-01,1
A0A510IE38,A0A1F5EBF3,A0A2E7NAI8,A0A7P0TA11,4.668E-06,1
A0A510IE38,A0A1F5EBF3,A0A2E7NAI8,B4DT76,4.668E-06,1
A0A510IE38,A0A1F5EBF3,A0A2M7UQ97,Q9H9T3,1.776E-02,2
A0A510IE38,A0A1F5EBF3,A0A354ZGE7,A0A024RCB5,4.192E-02,1
A0A510IE38,A0A1F5EBF3,A0A354ZGE7,B4DN31,4.192E-02,1
A0A510IE38,A0A1F5EBF3,A0A354ZGE7,B7Z705,4.192E-02,1
A0A510IE38,A0A1F5EBF3,A0A354ZGE7,Q9BWS9,4.192E-02,1
A0A510IE38,A0A1F5EBF3,A0A381SPJ7,A0A1W2PQE9,9.048E-03,1
A0A510IE38,A0A1F5EBF3,A0A381SPJ7,A0A1X7SBR7,9.048E-03,1
A0A510IE38,A0A1F5EBF3,A0A381SPJ7,D6RCP8,9.048E-03,1
A0A510IE38,A0A1F5EBF3,A0A3B3Z833,A0A087WY76,7.263E-01,1
A0A510IE38,A0A1F5EBF3,A0A3B3Z833,A0A0G2JN38,7.263E-01,1
A0A510IE38,A0A1F5EBF3,A0A3B3Z833,A0A0G2JNS6,7.263E-01,1
A0A510IE38,A0A1F5EBF3,A0A3B3Z833,A0A0G2JRB5,7.263E-01,1
A0A510IE38,A0A1F5EBF3,A0A3B3Z833,I3L1V5,7.263E-01,1
A0A510IE38,A0A1F5EBF3,A0A3B3Z833,I3L2E4,7.263E-01,1
A0A510IE38,A0A1F5EBF3,A0A3M7T9Y6,A0A7P0T9F7,8.466E-01,1
A0A510IE38,A0A1F5EBF3,A0A3M7T9Y6,A0A7P0TAN7,8.466E-01,1
A0A510IE38,A0A1F5EBF3,A0A3M7T9Y6,A0A7P0TBF8,8.466E-01,1
A0A510IE38,A0A1F5EBF3,A0A3M7T9Y6,A0A7P0Z4A0,8.466E-01,1
A0A510IE38,A0A1F5EBF3,A0A3M7T9Y6,A0A7P0Z4P5,8.466E-01,1
A0A510IE38,A0A1F5EBF3,A0A3M7T9Y6,B4E2Z3,8.466E-01,2
A0A510IE38,A0A1F5EBF3,A0A3M7T9Y6,F5GZS6,8.466E-01,1
A0A510IE38,A0A1F5EBF3,A0A3M7T9Y6,J3KPF3,8.466E-01,1
A0A510IE38,A0A1F5EBF3,A0A3M7T9Y6,P08195,8.466E-01,1
A0A510IE38,A0A1F5EBF3,A0A4Q4X9Q8,Q8IYR2,6.230E-01,1
A0A510IE38,A0A1F5EBF3,A0A4R4Y322,A0A024R0A8,7.043E-01,1
A0A510IE38,A0A1F5EBF3,A0A4R4Y322,A0A384MTQ3,7.043E-01,1
A0A510IE38,A0A1F5EBF3,A0A4R4Y322,O43865,7.043E-01,1
A0A510IE38,A0A1F5EBF3,A0A4R4Y322,P23526,7.043E-01,1
A0A510IE38,A0A1F5EBF3,A0A4R4Y322,Q6ZNS6,7.043E-01,1
A0A510IE38,A0A1F5EBF3,A0A4R4Y322,Q96HN2,7.043E-01,1
A0A510IE38,A0A1F5EBF3,A0A6J7IYI8,A0A024R9W0,1.785E-04,1
A0A510IE38,A0A1F5EBF3,A0A6J7IYI8,O43766,1.785E-04,1
A0A510IE38,A0A1F5EBF3,A0A7C4XGU2,A0A1W2PRE7,1.511E-03,1
A0A510IE38,A0A1F5EBF3,A0A840UYP1,A0A024RD17,5.210E-03,1
A0A510IE38,A0A1F5EBF3,B6BWL7,B4DID5,1.345E-01,1
A0A510IE38,A0A1F5EBF3,W4TNL4,A0A0S2Z4A8,4.056E-01,1
A0A510IE38,A0A1F5EBF3,W4TNL4,Q7KYX9,4.056E-01,1
A0A5B8XP57,R5P1Y4,A0A090P1W2,E9PMH9,6.776E-02,1
A0A5B8XP57,R5P1Y4,A0A099DDR9,A0A669KB18,3.195E-02,1
A0A5B8XP57,R5P1Y4,A0A0B1TJS3,A0A087WXC5,2.011E-03,1
A0A5B8XP57,R5P1Y4,A0A0B1TJS3,A0A7I2V3H5,2.011E-03,1
A0A5B8XP57,R5P1Y4,A0A0B1TJS3,A0A7I2V438,2.011E-03,1
A0A5B8XP57,R5P1Y4,A0A0B1TJS3,A0A7I2V5L0,2.011E-03,2
A0A5B8XP57,R5P1Y4,A0A0B1TJS3,A0A7I2YQU0,2.011E-03,1
A0A5B8XP57,R5P1Y4,A0A0B1TJS3,C9J6X0,2.011E-03,1
A0A5B8XP57,R5P1Y4,A0A0B1TJS3,H7C1Y7,2.011E-03,1
A0A5B8XP57,R5P1Y4,A0A0F9SLM6,J3QKL0,1.290E-03,1
A0A5B8XP57,R5P1Y4,A0A0F9SLM6,Q8WVB3,1.290E-03,1
A0A5B8XP57,R5P1Y4,A0A0G0MI37,C9IZU8,2.022E-04,1
A0A5B8XP57,R5P1Y4,A0A0G0MI37,Q96AT9,2.022E-04,1
A0A5B8XP57,R5P1Y4,A0A0G0PVZ0,A0A024QYY3,3.520E-01,1
A0A5B8XP57,R5P1Y4,A0A0G0PVZ0,A0A024R8M4,3.520E-01,1
A0A5B8XP57,R5P1Y4,A0A0G0PVZ0,A0A0B4J207,3.520E-01,1
A0A5B8XP57,R5P1Y4,A0A0G0PVZ0,A0A140VK41,3.520E-01,1
A0A5B8XP57,R5P1Y4,A0A0G0PVZ0,B2R7R5,3.520E-01,1
A0A5B8XP57,R5P1Y4,A0A0G0PVZ0,B2R860,3.520E-01,1
A0A5B8XP57,R5P1Y4,A0A0G0PVZ0,O60256,3.520E-01,1
A0A5B8XP57,R5P1Y4,A0A0G0PVZ0,P11908,3.520E-01,2
A0A5B8XP57,R5P1Y4,A0A0G0PVZ0,P21108,3.520E-01,1
A0A5B8XP57,R5P1Y4,A0A0G0PVZ0,Q14558,3.520E-01,2
A0A5B8XP57,R5P1Y4,A0A0G1GDQ5,A0A068F4C8,7.039E-03,1
A0A5B8XP57,R5P1Y4,A0A0G1GDQ5,A0A068F579,7.039E-03,1
A0A5B8XP57,R5P1Y4,A0A0G1GDQ5,A0A068F753,7.039E-03,2
A0A5B8XP57,R5P1Y4,A0A0L0H9S4,Q8NFI3,3.299E-01,1
A0A5B8XP57,R5P1Y4,A0A0Q7PG40,Q9NR45,3.213E-05,1
A0A5B8XP57,R5P1Y4,A0A0Q7PG40,V9HW39,3.213E-05,1
A0A5B8XP57,R5P1Y4,A0A0Q9K5V4,Q15126,7.145E-03,1
A0A5B8XP57,R5P1Y4,A0A0Q9K5V4,Q6FGV9,7.145E-03,1
A0A5B8XP57,R5P1Y4,A0A0S8B270,A8K3B0,1.101E-01,1
A0A5B8XP57,R5P1Y4,A0A0S8B270,P09104,1.101E-01,1
A0A5B8XP57,R5P1Y4,A0A0S8B270,P13929,1.101E-01,2
A0A5B8XP57,R5P1Y4,A0A0S8B270,Q6FHV6,1.101E-01,1
A0A5B8XP57,R5P1Y4,A0A0S9D7N0,P53384,4.385E-01,2
A0A5B8XP57,R5P1Y4,A0A0V0TV52,A0A494C016,5.029E-01,1
A0A5B8XP57,R5P1Y4,A0A0V0V7V5,A0A3Q7ZZZ7,5.596E-01,1
A0A5B8XP57,R5P1Y4,A0A0V0V7V5,A0A3Q8A2K4,5.596E-01,2
A0A5B8XP57,R5P1Y4,A0A0V0V7V5,A0A3S5X9H4,5.596E-01,1
A0A5B8XP57,R5P1Y4,A0A0V0V7V5,A0A3S5X9H5,5.596E-01,1
A0A5B8XP57,R5P1Y4,A0A0V0V7V5,A0A3S6CPV2,5.596E-01,1
A0A5B8XP57,R5P1Y4,A0A0V0V7V5,A0A3S6CS78,5.596E-01,1
A0A5B8XP57,R5P1Y4,A0A126XXQ8,C9K0L8,1.206E-02,1
A0A5B8XP57,R5P1Y4,A0A126XXQ8,K7ERZ0,1.206E-02,1
A0A5B8XP57,R5P1Y4,A0A149U7W4,B4DZX4,9.275E-03,1
A0A5B8XP57,R5P1Y4,A0A151NPA0,J3QKP9,2.680E-03,1
A0A5B8XP57,R5P1Y4,A0A151NPA0,J3QLE4,2.680E-03,1
A0A5B8XP57,R5P1Y4,A0A151NPA0,O95620,2.680E-03,1
A0A5B8XP57,R5P1Y4,A0A173MZN4,A0A140VJK0,5.572E-01,1
A0A5B8XP57,R5P1Y4,A0A173MZN4,B4DRS5,5.572E-01,1
A0A5B8XP57,R5P1Y4,A0A173MZN4,B4DTH1,5.572E-01,1
A0A5B8XP57,R5P1Y4,A0A173MZN4,Q6UWU2,5.572E-01,1
A0A5B8XP57,R5P1Y4,A0A182UJZ5,E9PIX1,4.409E-01,1
A0A5B8XP57,R5P1Y4,A0A182UJZ5,E9PP75,4.409E-01,1
A0A5B8XP57,R5P1Y4,A0A182UJZ5,E9PR52,4.409E-01,1
A0A5B8XP57,R5P1Y4,A0A183C974,O60502,1.232E-01,2
A0A5B8XP57,R5P1Y4,A0A196S7R3,B3KQS3,1.552E-01,1
A0A5B8XP57,R5P1Y4,A0A1A8AEF5,P30085,2.236E-03,1
A0A5B8XP57,R5P1Y4,A0A1A8AEF5,Q7Z4Y4,2.236E-03,1
A0A5B8XP57,R5P1Y4,A0A1A8AEF5,Q7Z531,2.236E-03,1
A0A5B8XP57,R5P1Y4,A0A1A8AEF5,Q9UIJ7,2.236E-03,1
A0A5B8XP57,R5P1Y4,A0A1D1ZN20,Q14117,4.943E-01,1
A0A5B8XP57,R5P1Y4,A0A1E7RMV8,G3V158,2.844E-03,1
A0A5B8XP57,R5P1Y4,A0A1G2XDT8,Q86XE5,5.242E-05,1
A0A5B8XP57,R5P1Y4,A0A1G2XDT8,Q9BXD5,5.242E-05,1
A0A5B8XP57,R5P1Y4,A0A1H0E104,A0A2R8Y4D7,1.459E-01,1
A0A5B8XP57,R5P1Y4,A0A1H0E104,A0A2X0U2F8,1.459E-01,1
A0A5B8XP57,R5P1Y4,A0A1H0E104,B3KX74,1.459E-01,1
A0A5B8XP57,R5P1Y4,A0A1H0E104,B4DTL3,1.459E-01,1
A0A5B8XP57,R5P1Y4,A0A1H0E104,H0YAN8,1.459E-01,1
A0A5B8XP57,R5P1Y4,A0A1H0E104,Q5VXI4,1.459E-01,1
A0A5B8XP57,R5P1Y4,A0A1H0E104,Q9HCE6,1.459E-01,1
A0A5B8XP57,R5P1Y4,A0A1P8ATF1,Q5SZC5,8.761E-03,3
A0A5B8XP57,R5P1Y4,A0A1Q3TPP3,B3KRH8,5.764E-01,1
A0A5B8XP57,R5P1Y4,A0A1Q3TPP3,Q9UQ10,5.764E-01,2
A0A5B8XP57,R5P1Y4,A0A1Q4DU07,B7Z3K7,6.279E-01,2
A0A5B8XP57,R5P1Y4,A0A1U9NPH4,A0A024R7A5,6.637E-02,1
A0A5B8XP57,R5P1Y4,A0A1W9VTE5,F5GXW0,7.411E-01,1
A0A5B8XP57,R5P1Y4,A0A1X1PZC9,Q7Z527,1.714E-03,2
A0A5B8XP57,R5P1Y4,A0A288DH11,B7Z7M4,4.719E-01,1
A0A5B8XP57,R5P1Y4,A0A288DH11,Q96LZ0,4.719E-01,1
A0A5B8XP57,R5P1Y4,A0A292SA12,O60352,4.886E-10,3
A0A5B8XP57,R5P1Y4,A0A292SA12,Q6ZNA2,4.886E-10,1
A0A5B8XP57,R5P1Y4,A0A2C5YZ57,F8W9T8,2.560E-01,1
A0A5B8XP57,R5P1Y4,A0A2D9KJ99,A0A7P0MLU2,2.017E-03,1
A0A5B8XP57,R5P1Y4,A0A2D9KJ99,A4IF54,2.017E-03,1
A0A5B8XP57,R5P1Y4,A0A2D9KJ99,A5PLM0,2.017E-03,2
A0A5B8XP57,R5P1Y4,A0A2D9KJ99,B4DIW4,2.017E-03,1
A0A5B8XP57,R5P1Y4,A0A2D9KJ99,Q6I8R3,2.017E-03,1
A0A5B8XP57,R5P1Y4,A0A2E5HQ61,E9PPM8,3.355E-04,1
A0A5B8XP57,R5P1Y4,A0A2E5HQ61,Q9Y315,3.355E-04,1
A0A5B8XP57,R5P1Y4,A0A2E8V8N2,Q14195,3.050E-01,1
A0A5B8XP57,R5P1Y4,A0A2E8V8N2,Q16555,3.050E-01,1
A0A5B8XP57,R5P1Y4,A0A2E8V8N2,Q8IXW6,3.050E-01,1
A0A5B8XP57,R5P1Y4,A0A2H0MYG3,H0YNJ8,1.181E-01,1
A0A5B8XP57,R5P1Y4,A0A2H0V2X9,B5LY67,3.534E-02,1
A0A5B8XP57,R5P1Y4,A0A2H0V2X9,B5LY69,3.534E-02,2
A0A5B8XP57,R5P1Y4,A0A2H0V2X9,E9PFD2,3.534E-02,1
A0A5B8XP57,R5P1Y4,A0A2I4EWP0,Q6UWM7,7.010E-01,1
A0A5B8XP57,R5P1Y4,A0A2K1KP61,P00568,1.521E-04,1
A0A5B8XP57,R5P1Y4,A0A2K1KP61,Q53EY8,1.521E-04,1
A0A5B8XP57,R5P1Y4,A0A2K1KP61,Q5T9B7,1.521E-04,1
A0A5B8XP57,R5P1Y4,A0A2K1KP61,Q6FGX9,1.521E-04,1
A0A5B8XP57,R5P1Y4,A0A2K8U605,B1ANE3,1.591E-01,1
A0A5B8XP57,R5P1Y4,A0A2K8U605,Q6MZH4,1.591E-01,1
A0A5B8XP57,R5P1Y4,A0A2M7UQ97,Q9H9T3,6.662E-01,2
A0A5B8XP57,R5P1Y4,A0A2T0VWC6,B5LY64,4.955E-05,1
A0A5B8XP57,R5P1Y4,A0A2T0VWC6,B5LY70,4.955E-05,2
A0A5B8XP57,R5P1Y4,A0A2T4ZJK1,A0A024RDV1,3.630E-01,1
A0A5B8XP57,R5P1Y4,A0A2V6EH49,A0A140VJH8,5.760E-01,1
A0A5B8XP57,R5P1Y4,A0A2V6EH49,M0R2R3,5.760E-01,1
A0A5B8XP57,R5P1Y4,A0A2V6EH49,Q9BPX1,5.760E-01,1
A0A5B8XP57,R5P1Y4,A0A2V7RUI2,Q9Y2B2,5.226E-01,2
A0A5B8XP57,R5P1Y4,A0A2V8U024,B4DM79,2.040E-01,2
A0A5B8XP57,R5P1Y4,A0A314UXT2,A0A024R592,7.400E-03,1
A0A5B8XP57,R5P1Y4,A0A350PLX8,A0A024R9S2,6.728E-02,1
A0A5B8XP57,R5P1Y4,A0A350PLX8,Q6DHV7,6.728E-02,1
A0A5B8XP57,R5P1Y4,A0A350QPN4,Q7LGC8,4.476E-01,1
A0A5B8XP57,R5P1Y4,A0A354ZGE7,A0A024RCB5,2.734E-01,1
A0A5B8XP57,R5P1Y4,A0A354ZGE7,B4DN31,2.734E-01,1
A0A5B8XP57,R5P1Y4,A0A354ZGE7,B7Z705,2.734E-01,1
A0A5B8XP57,R5P1Y4,A0A354ZGE7,Q9BWS9,2.734E-01,1
A0A5B8XP57,R5P1Y4,A0A359CEA6,A0A0S2Z3W3,4.857E-01,1
A0A5B8XP57,R5P1Y4,A0A359CEA6,B4DVA7,4.857E-01,1
A0A5B8XP57,R5P1Y4,A0A359CEA6,H3BP20,4.857E-01,1
A0A5B8XP57,R5P1Y4,A0A359CEA6,H3BS10,4.857E-01,1
A0A5B8XP57,R5P1Y4,A0A359CEA6,P06865,4.857E-01,1
A0A5B8XP57,R5P1Y4,A0A366P9K1,H7C325,6.996E-01,1
A0A5B8XP57,R5P1Y4,A0A376NWI4,C9JCL8,4.101E-01,3
A0A5B8XP57,R5P1Y4,A0A376NWI4,E9PBG9,4.101E-01,1
A0A5B8XP57,R5P1Y4,A0A383VC08,A0A087WZ70,1.436E-02,1
A0A5B8XP57,R5P1Y4,A0A383VC08,B4DLI7,1.436E-02,1
A0A5B8XP57,R5P1Y4,A0A383VC08,B4DVG3,1.436E-02,1
A0A5B8XP57,R5P1Y4,A0A3B3TT43,A0A024R231,5.300E-02,1
A0A5B8XP57,R5P1Y4,A0A3B3TT43,Q9Y2T3,5.300E-02,1
A0A5B8XP57,R5P1Y4,A0A3B4GBR3,A0A087X1P8,1.333E-01,1
A0A5B8XP57,R5P1Y4,A0A3B4X9T0,A0A669KAY5,9.643E-04,1
A0A5B8XP57,R5P1Y4,A0A3B4X9T0,B4DPG7,9.643E-04,1
A0A5B8XP57,R5P1Y4,A0A3B4X9T0,Q6P1R4,9.643E-04,1
A0A5B8XP57,R5P1Y4,A0A3C1LRD4,A0A024RAJ6,6.662E-01,1
A0A5B8XP57,R5P1Y4,A0A3C1LRD4,P07686,6.662E-01,1
A0A5B8XP57,R5P1Y4,A0A3C1LRD4,Q5URX0,6.662E-01,1
A0A5B8XP57,R5P1Y4,A0A3D4XV66,F8VY04,1.535E-03,1
A0A5B8XP57,R5P1Y4,A0A3N5NDE2,A0A024RDR5,6.207E-06,1
A0A5B8XP57,R5P1Y4,A0A3N5NDE2,Q5TBK1,6.207E-06,1
A0A5B8XP57,R5P1Y4,A0A3P7K833,B4DHP1,3.534E-03,1
A0A5B8XP57,R5P1Y4,A0A3Q7WWD7,F5GWI4,1.810E-01,1
A0A5B8XP57,R5P1Y4,A0A412YC88,A0A024R2W8,5.506E-02,1
A0A5B8XP57,R5P1Y4,A0A412YC88,A0A024R2X3,5.506E-02,1
A0A5B8XP57,R5P1Y4,A0A412YC88,A0A024R300,5.506E-02,1
A0A5B8XP57,R5P1Y4,A0A412YC88,A0A0S2Z3Q0,5.506E-02,1
A0A5B8XP57,R5P1Y4,A0A412YC88,A8K451,5.506E-02,1
A0A5B8XP57,R5P1Y4,A0A412YC88,B2R8P5,5.506E-02,1
A0A5B8XP57,R5P1Y4,A0A412YC88,B3KUI5,5.506E-02,1
A0A5B8XP57,R5P1Y4,A0A412YC88,O43820,5.506E-02,2
A0A5B8XP57,R5P1Y4,A0A412YC88,Q12794,5.506E-02,1
A0A5B8XP57,R5P1Y4,A0A412YC88,Q12891,5.506E-02,1
A0A5B8XP57,R5P1Y4,A0A412YC88,Q2M3T9,5.506E-02,1
A0A5B8XP57,R5P1Y4,A0A423SKW6,A0A804HIQ5,8.403E-03,1
A0A5B8XP57,R5P1Y4,A0A423SKW6,A0A804HKX5,8.403E-03,1
A0A5B8XP57,R5P1Y4,A0A423SKW6,A0A804HLJ5,8.403E-03,1
A0A5B8XP57,R5P1Y4,A0A444J9M0,I3L4Y9,1.678E-01,1
A0A5B8XP57,R5P1Y4,A0A444J9M0,J3QLD5,1.678E-01,1
A0A5B8XP57,R5P1Y4,A0A453LH89,A0A2K4Z9U0,2.163E-01,1
A0A5B8XP57,R5P1Y4,A0A453LH89,A0A2K4Z9W3,2.163E-01,1
A0A5B8XP57,R5P1Y4,A0A453LH89,A0A2K4Z9Y8,2.163E-01,1
A0A5B8XP57,R5P1Y4,A0A453LH89,A0A2K4Z9Z5,2.163E-01,1
A0A5B8XP57,R5P1Y4,A0A453LH89,A0A2K4ZA06,2.163E-01,2
A0A5B8XP57,R5P1Y4,A0A453QG75,A0A5F9ZHP2,5.203E-02,1
A0A5B8XP57,R5P1Y4,A0A453QG75,B4DLK2,5.203E-02,2
A0A5B8XP57,R5P1Y4,A0A453QG75,G3V213,5.203E-02,1
A0A5B8XP57,R5P1Y4,A0A478FQ18,B4DUI5,5.846E-01,1
A0A5B8XP57,R5P1Y4,A0A497H7H1,B7Z976,2.077E-01,1
A0A5B8XP57,R5P1Y4,A0A4R0XKK9,P14550,1.222E-01,1
A0A5B8XP57,R5P1Y4,A0A4R0XKK9,V9HWI0,1.222E-01,1
A0A5B8XP57,R5P1Y4,A0A4R1HK89,A0A024QZ64,4.001E-02,1
A0A5B8XP57,R5P1Y4,A0A4R1HK89,A0A024R145,4.001E-02,1
A0A5B8XP57,R5P1Y4,A0A4R1HK89,A0A087WXX2,4.001E-02,1
A0A5B8XP57,R5P1Y4,A0A4R1HK89,A0A3B3IS80,4.001E-02,1
A0A5B8XP57,R5P1Y4,A0A4R1HK89,A8K430,4.001E-02,1
A0A5B8XP57,R5P1Y4,A0A4R1HK89,A8MVZ9,4.001E-02,1
A0A5B8XP57,R5P1Y4,A0A4R1HK89,B7Z1N6,4.001E-02,1
A0A5B8XP57,R5P1Y4,A0A4R1HK89,B7Z1Y2,4.001E-02,1
A0A5B8XP57,R5P1Y4,A0A4R1HK89,B7Z3K9,4.001E-02,1
A0A5B8XP57,R5P1Y4,A0A4R1HK89,H3BQN4,4.001E-02,1
A0A5B8XP57,R5P1Y4,A0A4R1HK89,J3KPS3,4.001E-02,1
A0A5B8XP57,R5P1Y4,A0A4R1HK89,P04075,4.001E-02,1
A0A5B8XP57,R5P1Y4,A0A4R1HK89,P05062,4.001E-02,1
A0A5B8XP57,R5P1Y4,A0A4R1HK89,P09972,4.001E-02,1
A0A5B8XP57,R5P1Y4,A0A4R1HK89,Q8NHT3,4.001E-02,1
A0A5B8XP57,R5P1Y4,A0A4R1HK89,V9HWN7,4.001E-02,1
A0A5B8XP57,R5P1Y4,A0A4R8ZLA2,A0A0B4J226,2.865E-01,1
A0A5B8XP57,R5P1Y4,A0A4R8ZLA2,B4DYM2,2.865E-01,1
A0A5B8XP57,R5P1Y4,A0A4W4DNR7,I3L3E6,2.035E-01,1
A0A5B8XP57,R5P1Y4,A0A4W4F9Y8,A0A3B3IRU3,3.417E-02,1
A0A5B8XP57,R5P1Y4,A0A4W4F9Y8,A0A669KAY7,3.417E-02,1
A0A5B8XP57,R5P1Y4,A0A4W4F9Y8,A0A6Q8PHM8,3.417E-02,2
A0A5B8XP57,R5P1Y4,A0A4W4F9Y8,B4DLT5,3.417E-02,1
A0A5B8XP57,R5P1Y4,A0A4W4F9Y8,V9GYN5,3.417E-02,1
A0A5B8XP57,R5P1Y4,A0A4Y2CKY7,A0A1W2PQ74,5.824E-02,1
A0A5B8XP57,R5P1Y4,A0A4Y2G094,Q5T397,4.210E-01,1
A0A5B8XP57,R5P1Y4,A0A4Y2G094,Q5T398,4.210E-01,1
A0A5B8XP57,R5P1Y4,A0A4Z2EG68,Q9Y3D8,3.982E-02,1
A0A5B8XP57,R5P1Y4,A0A511NAA1,A0A024R8Q1,3.355E-04,1
A0A5B8XP57,R5P1Y4,A0A511NAA1,P10253,3.355E-04,1
A0A5B8XP57,R5P1Y4,A0A5B8G0S0,A0A0B4J211,1.101E-01,1
A0A5B8XP57,R5P1Y4,A0A5N4D9I8,K7ERC4,3.147E-02,3
A0A5B8XP57,R5P1Y4,A0A645HBL4,C9IYE8,4.840E-01,1
A0A5B8XP57,R5P1Y4,A0A645HBL4,E7ESZ6,4.840E-01,1
A0A5B8XP57,R5P1Y4,A0A651E5E7,A0A590UJJ4,1.607E-03,2
A0A5B8XP57,R5P1Y4,A0A651E5E7,A1PR14,1.607E-03,1
A0A5B8XP57,R5P1Y4,A0A651E5E7,A8K1X9,1.607E-03,1
A0A5B8XP57,R5P1Y4,A0A651E5E7,B0AZM0,1.607E-03,2
A0A5B8XP57,R5P1Y4,A0A651E5E7,B2R615,1.607E-03,1
A0A5B8XP57,R5P1Y4,A0A651E5E7,B2R776,1.607E-03,1
A0A5B8XP57,R5P1Y4,A0A651E5E7,Q13303,1.607E-03,1
A0A5B8XP57,R5P1Y4,A0A651E5E7,Q6FG22,1.607E-03,1
A0A5B8XP57,R5P1Y4,A0A651E5E7,Q6FG44,1.607E-03,2
A0A5B8XP57,R5P1Y4,A0A661A5H2,B4DPM0,3.962E-04,2
A0A5B8XP57,R5P1Y4,A0A662P1R6,K7ESP4,2.730E-05,1
A0A5B8XP57,R5P1Y4,A0A662P1R6,Q8WVC6,2.730E-05,1
A0A5B8XP57,R5P1Y4,A0A670XQQ1,A0A494BXC7,1.879E-01,1
A0A5B8XP57,R5P1Y4,A0A673FMD3,Q6UXP7,4.576E-01,1
A0A5B8XP57,R5P1Y4,A0A673HF44,A0A1C7CYX9,3.195E-02,1
A0A5B8XP57,R5P1Y4,A0A673HF44,B3KT07,3.195E-02,1
A0A5B8XP57,R5P1Y4,A0A673HF44,B3KV96,3.195E-02,1
A0A5B8XP57,R5P1Y4,A0A673HF44,B3KXQ5,3.195E-02,1
A0A5B8XP57,R5P1Y4,A0A673HF44,D3DRG7,3.195E-02,1
A0A5B8XP57,R5P1Y4,A0A673HF44,E9PD68,3.195E-02,1
A0A5B8XP57,R5P1Y4,A0A673HF44,O14531,3.195E-02,1
A0A5B8XP57,R5P1Y4,A0A673HF44,Q14194,3.195E-02,1
A0A5B8XP57,R5P1Y4,A0A673HF44,Q53ET2,3.195E-02,1
A0A5B8XP57,R5P1Y4,A0A673HF44,X5DNI1,3.195E-02,1
A0A5B8XP57,R5P1Y4,A0A673HF44,X5DQV1,3.195E-02,1
A0A5B8XP57,R5P1Y4,A0A674JLC4,F2YHL6,4.617E-01,1
A0A5B8XP57,R5P1Y4,A0A674JLC4,F2YHL7,4.617E-01,1
A0A5B8XP57,R5P1Y4,A0A674JLC4,M4VR43,4.617E-01,1
A0A5B8XP57,R5P1Y4,A0A674JLC4,M4VSD8,4.617E-01,1
A0A5B8XP57,R5P1Y4,A0A674JLC4,Q05JX5,4.617E-01,1
A0A5B8XP57,R5P1Y4,A0A674JLC4,Q8IUX4,4.617E-01,1
A0A5B8XP57,R5P1Y4,A0A674JLC4,Q9HC16,4.617E-01,1
A0A5B8XP57,R5P1Y4,A0A674JLC4,Q9UH17,4.617E-01,1
A0A5B8XP57,R5P1Y4,A0A674JLC4,U5KJ79,4.617E-01,1
A0A5B8XP57,R5P1Y4,A0A674JLC4,W0HJ78,4.617E-01,1
A0A5B8XP57,R5P1Y4,A0A6A6FSM6,B7Z5C3,3.502E-01,1
A0A5B8XP57,R5P1Y4,A0A6A6FSM6,I1Z9G4,3.502E-01,1
A0A5B8XP57,R5P1Y4,A0A6A6FSM6,O60825,3.502E-01,1
A0A5B8XP57,R5P1Y4,A0A6A7LMV7,A0A3F2YNX7,8.838E-04,1
A0A5B8XP57,R5P1Y4,A0A6A7LMV7,Q7L5Y1,8.838E-04,1
A0A5B8XP57,R5P1Y4,A0A6C0JVQ5,A0A1W2PR17,6.409E-02,1
A0A5B8XP57,R5P1Y4,A0A6C0JVQ5,B2R6L2,6.409E-02,1
A0A5B8XP57,R5P1Y4,A0A6C0JVQ5,B7Z8A0,6.409E-02,1
A0A5B8XP57,R5P1Y4,A0A6C0JVQ5,F2Z2I2,6.409E-02,1
A0A5B8XP57,R5P1Y4,A0A6C0JVQ5,P16118,6.409E-02,1
A0A5B8XP57,R5P1Y4,A0A6C0JVQ5,Q16875,6.409E-02,1
A0A5B8XP57,R5P1Y4,A0A6C0JVQ5,Q16877,6.409E-02,1
A0A5B8XP57,R5P1Y4,A0A6C0JVQ5,Q4VBA8,6.409E-02,1
A0A5B8XP57,R5P1Y4,A0A6C0JVQ5,Q5VX20,6.409E-02,1
A0A5B8XP57,R5P1Y4,A0A6C0JVQ5,Q5W015,6.409E-02,1
A0A5B8XP57,R5P1Y4,A0A6C0JVQ5,Q66S35,6.409E-02,1
A0A5B8XP57,R5P1Y4,A0A6G0HIE4,A0A024R599,2.542E-03,1
A0A5B8XP57,R5P1Y4,A0A6G0HIE4,A0A7P0T8F1,2.542E-03,1
A0A5B8XP57,R5P1Y4,A0A6G0HIE4,A0A7P0T8U7,2.542E-03,1
A0A5B8XP57,R5P1Y4,A0A6G0HIE4,A0A7P0TAS6,2.542E-03,2
A0A5B8XP57,R5P1Y4,A0A6J0XW61,A0A024RAQ0,7.455E-01,1
A0A5B8XP57,R5P1Y4,A0A6J0XW61,B2RDF4,7.455E-01,1
A0A5B8XP57,R5P1Y4,A0A6J0XW61,B4DPF0,7.455E-01,1
A0A5B8XP57,R5P1Y4,A0A6J0XW61,Q9H2M3,7.455E-01,1
A0A5B8XP57,R5P1Y4,A0A6J4H5E7,J3QQZ0,1.075E-01,1
A0A5B8XP57,R5P1Y4,A0A6P8NQ56,Q8WW52,3.352E-01,1
A0A5B8XP57,R5P1Y4,A0A6S7I4Y0,D6RFG8,8.892E-04,1
A0A5B8XP57,R5P1Y4,A0A6S7I4Y0,E5KSL5,8.892E-04,1
A0A5B8XP57,R5P1Y4,A0A6S7I4Y0,F5CTF3,8.892E-04,1
A0A5B8XP57,R5P1Y4,A0A6S7I4Y0,P27707,8.892E-04,2
A0A5B8XP57,R5P1Y4,A0A6S7I4Y0,Q16854,8.892E-04,1
A0A5B8XP57,R5P1Y4,A0A6U8FQ77,A0A7I2V3Z0,1.878E-01,2
A0A5B8XP57,R5P1Y4,A0A6U8FQ77,P17858,1.878E-01,1
A0A5B8XP57,R5P1Y4,A0A6U8FQ77,Q01813,1.878E-01,1
A0A5B8XP57,R5P1Y4,A0A6U8FQ77,Q7L2M7,1.878E-01,1
A0A5B8XP57,R5P1Y4,A0A6U8FQ77,Q9BSP4,1.878E-01,1
A0A5B8XP57,R5P1Y4,A0A7C8TX94,B3KV62,4.766E-01,1
A0A5B8XP57,R5P1Y4,A0A7C8TX94,D3DPR0,4.766E-01,1
A0A5B8XP57,R5P1Y4,A0A7D5NYL6,A0A024QZU2,2.645E-01,1
A0A5B8XP57,R5P1Y4,A0A7D5NYL6,A0A075B736,2.645E-01,1
A0A5B8XP57,R5P1Y4,A0A7D5NYL6,A0A183YE00,2.645E-01,1
A0A5B8XP57,R5P1Y4,A0A7D5NYL6,A0A384MEE3,2.645E-01,1
A0A5B8XP57,R5P1Y4,A0A7D5NYL6,A0A384NYT8,2.645E-01,1
A0A5B8XP57,R5P1Y4,A0A7D5NYL6,A6NNZ2,2.645E-01,1
A0A5B8XP57,R5P1Y4,A0A7D5NYL6,B2R6L0,2.645E-01,1
A0A5B8XP57,R5P1Y4,A0A7D5NYL6,B2RBD5,2.645E-01,1
A0A5B8XP57,R5P1Y4,A0A7D5NYL6,B3KML9,2.645E-01,1
A0A5B8XP57,R5P1Y4,A0A7D5NYL6,B4DE77,2.645E-01,1
A0A5B8XP57,R5P1Y4,A0A7D5NYL6,B4DJ43,2.645E-01,1
A0A5B8XP57,R5P1Y4,A0A7D5NYL6,B4DP54,2.645E-01,1
A0A5B8XP57,R5P1Y4,A0A7D5NYL6,B4DQN9,2.645E-01,1
A0A5B8XP57,R5P1Y4,A0A7D5NYL6,B4DY90,2.645E-01,1
A0A5B8XP57,R5P1Y4,A0A7D5NYL6,B7ZAF0,2.645E-01,1
A0A5B8XP57,R5P1Y4,A0A7D5NYL6,B7ZAK1,2.645E-01,1
A0A5B8XP57,R5P1Y4,A0A7D5NYL6,P04350,2.645E-01,1
A0A5B8XP57,R5P1Y4,A0A7D5NYL6,P07437,2.645E-01,1
A0A5B8XP57,R5P1Y4,A0A7D5NYL6,P68371,2.645E-01,1
A0A5B8XP57,R5P1Y4,A0A7D5NYL6,Q13509,2.645E-01,1
A0A5B8XP57,R5P1Y4,A0A7D5NYL6,Q13885,2.645E-01,1
A0A5B8XP57,R5P1Y4,A0A7D5NYL6,Q2NKY5,2.645E-01,1
A0A5B8XP57,R5P1Y4,A0A7D5NYL6,Q3ZCM7,2.645E-01,1
A0A5B8XP57,R5P1Y4,A0A7D5NYL6,Q53G92,2.645E-01,1
A0A5B8XP57,R5P1Y4,A0A7D5NYL6,Q5JP53,2.645E-01,1
A0A5B8XP57,R5P1Y4,A0A7D5NYL6,Q5KU37,2.645E-01,1
A0A5B8XP57,R5P1Y4,A0A7D5NYL6,Q5SQY0,2.645E-01,1
A0A5B8XP57,R5P1Y4,A0A7D5NYL6,Q5ST81,2.645E-01,1
A0A5B8XP57,R5P1Y4,A0A7D5NYL6,Q5SU16,2.645E-01,1
A0A5B8XP57,R5P1Y4,A0A7D5NYL6,Q6LC01,2.645E-01,1
A0A5B8XP57,R5P1Y4,A0A7D5NYL6,Q8IWP6,2.645E-01,2
A0A5B8XP57,R5P1Y4,A0A7D5NYL6,Q8IZ29,2.645E-01,1
A0A5B8XP57,R5P1Y4,A0A7D5NYL6,Q8N6N5,2.645E-01,1
A0A5B8XP57,R5P1Y4,A0A7D5NYL6,Q9BUF5,2.645E-01,1
A0A5B8XP57,R5P1Y4,A0A7D5NYL6,Q9BVA1,2.645E-01,1
A0A5B8XP57,R5P1Y4,A0A7D5NYL6,Q9H4B7,2.645E-01,1
A0A5B8XP57,R5P1Y4,A0A7D5NYL6,Q9UJT1,2.645E-01,1
A0A5B8XP57,R5P1Y4,A0A7I4YY38,B2R7B1,6.907E-02,1
A0A5B8XP57,R5P1Y4,A0A7I4YY38,Q9NZC3,6.907E-02,1
A0A5B8XP57,R5P1Y4,A0A7J2LLD6,D3DTL4,6.319E-01,2
A0A5B8XP57,R5P1Y4,A0A7J2LLD6,E2DRY6,6.319E-01,1
A0A5B8XP57,R5P1Y4,A0A7J2YIT3,Q9NTM9,2.560E-07,1
A0A5B8XP57,R5P1Y4,A0A7J4F182,A0A3B3IRI2,9.400E-02,1
A0A5B8XP57,R5P1Y4,A0A7J4F182,P17812,9.400E-02,1
A0A5B8XP57,R5P1Y4,A0A7J4JAS0,A8K5J1,6.779E-04,1
A0A5B8XP57,R5P1Y4,A0A7J4JAS0,B5LY71,6.779E-04,1
A0A5B8XP57,R5P1Y4,A0A7J4JAS0,P11172,6.779E-04,1
A0A5B8XP57,R5P1Y4,A0A7K2J9X1,O14741,8.212E-02,3
A0A5B8XP57,R5P1Y4,A0A7K2J9X1,Q96NT7,8.212E-02,1
A0A5B8XP57,R5P1Y4,A0A7S1CWE8,B4DKA4,4.110E-01,1
A0A5B8XP57,R5P1Y4,A0A7S1CWE8,B4DPB7,4.110E-01,1
A0A5B8XP57,R5P1Y4,A0A7S1CWE8,B4DXV1,4.110E-01,2
A0A5B8XP57,R5P1Y4,A0A7V1D6J3,A0A0S2Z4X4,4.937E-06,1
A0A5B8XP57,R5P1Y4,A0A7V5ZLF6,A0A7P0T9G7,4.649E-04,1
A0A5B8XP57,R5P1Y4,A0A7V5ZLF6,A0A7P0TAV2,4.649E-04,2
A0A5B8XP57,R5P1Y4,A0A7V5ZLF6,B4DST3,4.649E-04,1
A0A5B8XP57,R5P1Y4,A0A7W0SHU5,A0A0S2Z3B9,5.455E-01,1
A0A5B8XP57,R5P1Y4,A0A7W0YRY9,B4DWB5,1.097E-03,1
A0A5B8XP57,R5P1Y4,A0A7W0YRY9,O43252,1.097E-03,1
A0A5B8XP57,R5P1Y4,A0A7W0YRY9,O95340,1.097E-03,1
A0A5B8XP57,R5P1Y4,A0A7W0YRY9,Q05BW9,1.097E-03,1
A0A5B8XP57,R5P1Y4,A0A7W0YRY9,Q5TB52,1.097E-03,1
A0A5B8XP57,R5P1Y4,A0A7W5JYQ6,J3QL81,7.225E-05,1
A0A5B8XP57,R5P1Y4,A0A7X9A1N2,A0A0S2Z592,2.288E-01,1
A0A5B8XP57,R5P1Y4,A0A7X9A1N2,A0A0S2Z5J9,2.288E-01,1
A0A5B8XP57,R5P1Y4,A0A7X9A1N2,B4DI01,2.288E-01,1
A0A5B8XP57,R5P1Y4,A0A7X9A1N2,Q53H36,2.288E-01,1
A0A5B8XP57,R5P1Y4,A0A7X9A1N2,Q96SZ6,2.288E-01,1
A0A5B8XP57,R5P1Y4,A0A7Y2VFW3,A0A024R725,9.852E-02,1
A0A5B8XP57,R5P1Y4,A0A7Z9R3D0,Q96BW5,6.098E-01,2
A0A5B8XP57,R5P1Y4,A0A812CKU1,Q8N4B4,8.535E-01,1
A0A5B8XP57,R5P1Y4,A0A812JEV8,B7ZMD7,1.379E-01,1
A0A5B8XP57,R5P1Y4,A0A812JEV8,P04746,1.379E-01,1
A0A5B8XP57,R5P1Y4,A0A812JEV8,P0DTE7,1.379E-01,1
A0A5B8XP57,R5P1Y4,A0A812JEV8,P0DTE8,1.379E-01,1
A0A5B8XP57,R5P1Y4,A0A812JEV8,P0DUB6,1.379E-01,1
A0A5B8XP57,R5P1Y4,A0A812JEV8,P19961,1.379E-01,1
A0A5B8XP57,R5P1Y4,A0A812JEV8,Q53F26,1.379E-01,1
A0A5B8XP57,R5P1Y4,A0A812JEV8,Q6NSB3,1.379E-01,1
A0A5B8XP57,R5P1Y4,A0A812QD80,Q9NVR5,8.793E-02,2
A0A5B8XP57,R5P1Y4,A0A815PHT5,A0A1W2PPB9,7.623E-01,1
A0A5B8XP57,R5P1Y4,A0A815PHT5,Q8IW67,7.623E-01,1
A0A5B8XP57,R5P1Y4,A0A817RAL1,A0A024R1E6,1.229E-01,1
A0A5B8XP57,R5P1Y4,A0A817RAL1,A0A096LNW4,1.229E-01,1
A0A5B8XP57,R5P1Y4,A0A817RAL1,A0A0G2JMD5,1.229E-01,1
A0A5B8XP57,R5P1Y4,A0A817RAL1,A0A0G2JN56,1.229E-01,1
A0A5B8XP57,R5P1Y4,A0A817RAL1,A0A0G2JP20,1.229E-01,1
A0A5B8XP57,R5P1Y4,A0A817RAL1,A0A140TA27,1.229E-01,1
A0A5B8XP57,R5P1Y4,A0A817RAL1,A0A1B0GU46,1.229E-01,1
A0A5B8XP57,R5P1Y4,A0A817RAL1,A3QJZ6,1.229E-01,1
A0A5B8XP57,R5P1Y4,A0A817RAL1,A3QJZ7,1.229E-01,1
A0A5B8XP57,R5P1Y4,A0A817RAL1,A6NFR9,1.229E-01,1
A0A5B8XP57,R5P1Y4,A0A817RAL1,A6NGN4,1.229E-01,1
A0A5B8XP57,R5P1Y4,A0A817RAL1,A6NHZ5,1.229E-01,1
A0A5B8XP57,R5P1Y4,A0A817RAL1,B3KWQ4,1.229E-01,1
A0A5B8XP57,R5P1Y4,A0A817RAL1,B7Z7K8,1.229E-01,1
A0A5B8XP57,R5P1Y4,A0A817RAL1,B7Z986,1.229E-01,1
A0A5B8XP57,R5P1Y4,A0A817RAL1,B7ZAT0,1.229E-01,1
A0A5B8XP57,R5P1Y4,A0A817RAL1,B7ZM17,1.229E-01,1
A0A5B8XP57,R5P1Y4,A0A817RAL1,B7ZW04,1.229E-01,1
A0A5B8XP57,R5P1Y4,A0A817RAL1,K9MRS9,1.229E-01,1
A0A5B8XP57,R5P1Y4,A0A817RAL1,O60809,1.229E-01,1
A0A5B8XP57,R5P1Y4,A0A817RAL1,O60810,1.229E-01,1
A0A5B8XP57,R5P1Y4,A0A817RAL1,O60811,1.229E-01,1
A0A5B8XP57,R5P1Y4,A0A817RAL1,O60813,1.229E-01,1
A0A5B8XP57,R5P1Y4,A0A817RAL1,O95521,1.229E-01,1
A0A5B8XP57,R5P1Y4,A0A817RAL1,O95522,1.229E-01,1
A0A5B8XP57,R5P1Y4,A0A817RAL1,P0DUQ1,1.229E-01,1
A0A5B8XP57,R5P1Y4,A0A817RAL1,P0DUQ2,1.229E-01,1
A0A5B8XP57,R5P1Y4,A0A817RAL1,P78395,1.229E-01,1
A0A5B8XP57,R5P1Y4,A0A817RAL1,Q15048,1.229E-01,1
A0A5B8XP57,R5P1Y4,A0A817RAL1,Q5SWL7,1.229E-01,1
A0A5B8XP57,R5P1Y4,A0A817RAL1,Q5SWL8,1.229E-01,1
A0A5B8XP57,R5P1Y4,A0A817RAL1,Q5TYX0,1.229E-01,1
A0A5B8XP57,R5P1Y4,A0A817RAL1,Q5VT98,1.229E-01,1
A0A5B8XP57,R5P1Y4,A0A817RAL1,Q5VTA0,1.229E-01,1
A0A5B8XP57,R5P1Y4,A0A817RAL1,Q5VWM3,1.229E-01,2
A0A5B8XP57,R5P1Y4,A0A817RAL1,Q5VWM4,1.229E-01,1
A0A5B8XP57,R5P1Y4,A0A817RAL1,Q5VWM5,1.229E-01,1
A0A5B8XP57,R5P1Y4,A0A817RAL1,Q5VWM6,1.229E-01,2
A0A5B8XP57,R5P1Y4,A0A817RAL1,Q5VXH4,1.229E-01,1
A0A5B8XP57,R5P1Y4,A0A817RAL1,Q5VXH5,1.229E-01,2
A0A5B8XP57,R5P1Y4,A0A830B9F0,F8VZG5,2.572E-02,1
A0A5B8XP57,R5P1Y4,A0A831U7I8,C9JDL1,3.952E-02,1
A0A5B8XP57,R5P1Y4,A0A831UNT9,P04066,6.550E-01,1
A0A5B8XP57,R5P1Y4,A0A831UNT9,Q9BTY2,6.550E-01,1
A0A5B8XP57,R5P1Y4,A0A831Z1G3,Q9NXH8,2.096E-01,1
A0A5B8XP57,R5P1Y4,A0A841L826,Q86U75,4.338E-02,2
A0A5B8XP57,R5P1Y4,B6BWL7,B4DID5,5.831E-07,1
A0A5B8XP57,R5P1Y4,C5KI47,A0A024RC00,6.637E-02,1
A0A5B8XP57,R5P1Y4,C5KI47,Q9NRF8,6.637E-02,1
A0A5B8XP57,R5P1Y4,D4A5S6,A0A804HKK4,2.267E-01,1
A0A5B8XP57,R5P1Y4,D4A5S6,A0A804HLB7,2.267E-01,2
A0A5B8XP57,R5P1Y4,E8Q774,A0A140VK56,1.175E-01,1
A0A5B8XP57,R5P1Y4,E8Q774,P37837,1.175E-01,1
A0A5B8XP57,R5P1Y4,F5GZI0,F5GZI0,5.382E-01,2
A0A5B8XP57,R5P1Y4,F5GZI0,F5H056,5.382E-01,1
A0A5B8XP57,R5P1Y4,G0R4N1,B4DNK4,7.021E-02,1
A0A5B8XP57,R5P1Y4,G0R4N1,B4DRT3,7.021E-02,1
A0A5B8XP57,R5P1Y4,G0R4N1,H3BTN5,7.021E-02,1
A0A5B8XP57,R5P1Y4,M4BVK6,Q96MA6,7.625E-04,2
A0A5B8XP57,R5P1Y4,Q54CB5,Q99973,3.031E-01,2
A0A5B8XP57,R5P1Y4,T1HFB3,Q13017,4.433E-01,1
A0A5B8XP57,R5P1Y4,T1HFB3,Q9NRY4,4.433E-01,1
A0A5B8XP57,R5P1Y4,U3K7X8,A0A140VK07,1.228E-02,1
A0A5B8XP57,R5P1Y4,U3K7X8,Q53SW3,1.228E-02,1
A0A5B8XP57,R5P1Y4,U3K7X8,Q59GB4,1.228E-02,1
A0A5B8XP57,R5P1Y4,U3K7X8,Q6DEN2,1.228E-02,1
A0A5B8XP57,R5P1Y4,U3K7X8,Q9BPU6,1.228E-02,1
A0A5B8XP57,R5P1Y4,U5H058,A0A494C085,3.737E-01,1
A0A5B8XP57,R5P1Y4,U5H058,A0A494C0Q8,3.737E-01,1
A0A5B8XP57,R5P1Y4,U5H058,P06132,3.737E-01,1
A0A5B8XP57,R5P1Y4,W5P0T0,A0A6Q8PGK3,5.002E-04,1
A0A5B8XP57,R5P1Y4,W5P0T0,A0A7P0TAJ0,5.002E-04,1
A0A5B8XP57,R5P1Y4,W5P0T0,B7ZLW8,5.002E-04,1
A0A5B8XP57,R5P1Y4,W5P0T0,Q99707,5.002E-04,1
A0A5B9D673,A0A2E7NAI8,A0A0C2ICF2,B4DW16,2.914E-06,2
A0A5B9D673,A0A2E7NAI8,A0A0F9SLM6,J3QKL0,5.141E-02,1
A0A5B9D673,A0A2E7NAI8,A0A0F9SLM6,Q8WVB3,5.141E-02,1
A0A5B9D673,A0A2E7NAI8,A0A0L1L0F1,A0A087WUV9,1.706E-05,1
A0A5B9D673,A0A2E7NAI8,A0A0L1L0F1,Q6NUM6,1.706E-05,1
A0A5B9D673,A0A2E7NAI8,A0A0L1L0F1,Q9NV66,1.706E-05,1
A0A5B9D673,A0A2E7NAI8,A0A0S7FLG1,B7Z282,3.192E-01,1
A0A5B9D673,A0A2E7NAI8,A0A183C974,O60502,1.993E-01,2
A0A5B9D673,A0A2E7NAI8,A0A1I7RVN4,A8K6I4,4.040E-01,1
A0A5B9D673,A0A2E7NAI8,A0A1I7RVN4,B4E3M6,4.040E-01,1
A0A5B9D673,A0A2E7NAI8,A0A1I7RVN4,P42285,4.040E-01,1
A0A5B9D673,A0A2E7NAI8,A0A2E7NAI8,A0A7P0TA11,7.102E-63,1
A0A5B9D673,A0A2E7NAI8,A0A2E7NAI8,B4DT76,7.102E-63,1
A0A5B9D673,A0A2E7NAI8,A0A2L0SXM4,B1AK13,1.399E-01,1
A0A5B9D673,A0A2E7NAI8,A0A2L0SXM4,Q8TB92,1.399E-01,1
A0A5B9D673,A0A2E7NAI8,A0A2M7UQ97,Q9H9T3,7.321E-02,2
A0A5B9D673,A0A2E7NAI8,A0A2S4VGH7,H7C3X0,2.536E-02,1
A0A5B9D673,A0A2E7NAI8,A0A2T0VWC6,B5LY64,1.106E-01,1
A0A5B9D673,A0A2E7NAI8,A0A2T0VWC6,B5LY70,1.106E-01,2
A0A5B9D673,A0A2E7NAI8,A0A2V8H346,B2RBQ0,7.724E-01,1
A0A5B9D673,A0A2E7NAI8,A0A2V8H346,B3KSN9,7.724E-01,1
A0A5B9D673,A0A2E7NAI8,A0A3C1LRD4,A0A024RAJ6,6.790E-02,1
A0A5B9D673,A0A2E7NAI8,A0A3C1LRD4,P07686,6.790E-02,1
A0A5B9D673,A0A2E7NAI8,A0A3C1LRD4,Q5URX0,6.790E-02,1
A0A5B9D673,A0A2E7NAI8,A0A446N3T8,P60174,2.378E-01,1
A0A5B9D673,A0A2E7NAI8,A0A446N3T8,V9HWK1,2.378E-01,1
A0A5B9D673,A0A2E7NAI8,A0A478FQ18,B4DUI5,5.114E-01,1
A0A5B9D673,A0A2E7NAI8,A0A4R1HK89,A0A024QZ64,2.242E-01,1
A0A5B9D673,A0A2E7NAI8,A0A4R1HK89,A0A024R145,2.242E-01,1
A0A5B9D673,A0A2E7NAI8,A0A4R1HK89,A0A087WXX2,2.242E-01,1
A0A5B9D673,A0A2E7NAI8,A0A4R1HK89,A0A3B3IS80,2.242E-01,1
A0A5B9D673,A0A2E7NAI8,A0A4R1HK89,A8K430,2.242E-01,1
A0A5B9D673,A0A2E7NAI8,A0A4R1HK89,A8MVZ9,2.242E-01,1
A0A5B9D673,A0A2E7NAI8,A0A4R1HK89,B7Z1N6,2.242E-01,1
A0A5B9D673,A0A2E7NAI8,A0A4R1HK89,B7Z1Y2,2.242E-01,1
A0A5B9D673,A0A2E7NAI8,A0A4R1HK89,B7Z3K9,2.242E-01,1
A0A5B9D673,A0A2E7NAI8,A0A4R1HK89,H3BQN4,2.242E-01,1
A0A5B9D673,A0A2E7NAI8,A0A4R1HK89,J3KPS3,2.242E-01,1
A0A5B9D673,A0A2E7NAI8,A0A4R1HK89,P04075,2.242E-01,1
A0A5B9D673,A0A2E7NAI8,A0A4R1HK89,P05062,2.242E-01,1
A0A5B9D673,A0A2E7NAI8,A0A4R1HK89,P09972,2.242E-01,1
A0A5B9D673,A0A2E7NAI8,A0A4R1HK89,Q8NHT3,2.242E-01,1
A0A5B9D673,A0A2E7NAI8,A0A4R1HK89,V9HWN7,2.242E-01,1
A0A5B9D673,A0A2E7NAI8,A0A4Y8X1W0,A0A182DWF3,5.114E-01,1
A0A5B9D673,A0A2E7NAI8,A0A4Y8X1W0,A0A182DWI3,5.114E-01,1
A0A5B9D673,A0A2E7NAI8,A0A4Y8X1W0,A0A6Q8PFE1,5.114E-01,1
A0A5B9D673,A0A2E7NAI8,A0A4Y8X1W0,B2R5P6,5.114E-01,1
A0A5B9D673,A0A2E7NAI8,A0A4Y8X1W0,E2QRB9,5.114E-01,1
A0A5B9D673,A0A2E7NAI8,A0A4Y8X1W0,E9PIR7,5.114E-01,1
A0A5B9D673,A0A2E7NAI8,A0A4Y8X1W0,F8W809,5.114E-01,1
A0A5B9D673,A0A2E7NAI8,A0A6J7IYI8,A0A024R9W0,3.209E-02,1
A0A5B9D673,A0A2E7NAI8,A0A6J7IYI8,O43766,3.209E-02,1
A0A5B9D673,A0A2E7NAI8,A0A7C4XGU2,A0A1W2PRE7,1.688E-03,1
A0A5B9D673,A0A2E7NAI8,A0A7J2YIT3,Q9NTM9,7.765E-02,1
A0A5B9D673,A0A2E7NAI8,A0A7S1XQM9,A0A087WWV6,1.129E-05,1
A0A5B9D673,A0A2E7NAI8,A0A811SNG6,P35914,2.378E-01,1
A0A5B9D673,A0A2E7NAI8,A0A813B473,B3KNL8,4.040E-01,1
A0A5B9D673,A0A2E7NAI8,A0A840UYP1,A0A024RD17,3.348E-10,1
A0A5B9D673,A0A2E7NAI8,A0A850AKG2,B2RAR3,9.776E-01,1
A0A5B9D673,A0A2E7NAI8,A0A850AKG2,Q9BXR0,9.776E-01,1
A0A5C1Q041,A0A1F5EBF3,A0A0F9SLM6,J3QKL0,2.640E-01,1
A0A5C1Q041,A0A1F5EBF3,A0A0F9SLM6,Q8WVB3,2.640E-01,1
A0A5C1Q041,A0A1F5EBF3,A0A0G1GDQ5,A0A068F4C8,6.304E-01,1
A0A5C1Q041,A0A1F5EBF3,A0A0G1GDQ5,A0A068F579,6.304E-01,1
A0A5C1Q041,A0A1F5EBF3,A0A0G1GDQ5,A0A068F753,6.304E-01,2
A0A5C1Q041,A0A1F5EBF3,A0A149U7W4,B4DZX4,7.762E-02,1
A0A5C1Q041,A0A1F5EBF3,A0A166DIW0,P56545,2.984E-01,1
A0A5C1Q041,A0A1F5EBF3,A0A166DIW0,Q13363,2.984E-01,1
A0A5C1Q041,A0A1F5EBF3,A0A166DIW0,Q4KMQ8,2.984E-01,1
A0A5C1Q041,A0A1F5EBF3,A0A166DIW0,X5D8Y5,2.984E-01,1
A0A5C1Q041,A0A1F5EBF3,A0A196S7R3,B3KQS3,1.967E-02,1
A0A5C1Q041,A0A1F5EBF3,A0A1G2XDT8,Q86XE5,8.752E-02,1
A0A5C1Q041,A0A1F5EBF3,A0A1G2XDT8,Q9BXD5,8.752E-02,1
A0A5C1Q041,A0A1F5EBF3,A0A1Y2EUF5,B2RBF5,8.231E-02,1
A0A5C1Q041,A0A1F5EBF3,A0A1Y2EUF5,B4DQ98,8.231E-02,1
A0A5C1Q041,A0A1F5EBF3,A0A1Y2EUF5,Q01459,8.231E-02,1
A0A5C1Q041,A0A1F5EBF3,A0A2C5YZ57,F8W9T8,6.230E-01,1
A0A5C1Q041,A0A1F5EBF3,A0A2E7NAI8,A0A7P0TA11,4.668E-06,1
A0A5C1Q041,A0A1F5EBF3,A0A2E7NAI8,B4DT76,4.668E-06,1
A0A5C1Q041,A0A1F5EBF3,A0A2M7UQ97,Q9H9T3,1.776E-02,2
A0A5C1Q041,A0A1F5EBF3,A0A354ZGE7,A0A024RCB5,4.192E-02,1
A0A5C1Q041,A0A1F5EBF3,A0A354ZGE7,B4DN31,4.192E-02,1
A0A5C1Q041,A0A1F5EBF3,A0A354ZGE7,B7Z705,4.192E-02,1
A0A5C1Q041,A0A1F5EBF3,A0A354ZGE7,Q9BWS9,4.192E-02,1
A0A5C1Q041,A0A1F5EBF3,A0A381SPJ7,A0A1W2PQE9,9.048E-03,1
A0A5C1Q041,A0A1F5EBF3,A0A381SPJ7,A0A1X7SBR7,9.048E-03,1
A0A5C1Q041,A0A1F5EBF3,A0A381SPJ7,D6RCP8,9.048E-03,1
A0A5C1Q041,A0A1F5EBF3,A0A3B3Z833,A0A087WY76,7.263E-01,1
A0A5C1Q041,A0A1F5EBF3,A0A3B3Z833,A0A0G2JN38,7.263E-01,1
A0A5C1Q041,A0A1F5EBF3,A0A3B3Z833,A0A0G2JNS6,7.263E-01,1
A0A5C1Q041,A0A1F5EBF3,A0A3B3Z833,A0A0G2JRB5,7.263E-01,1
A0A5C1Q041,A0A1F5EBF3,A0A3B3Z833,I3L1V5,7.263E-01,1
A0A5C1Q041,A0A1F5EBF3,A0A3B3Z833,I3L2E4,7.263E-01,1
A0A5C1Q041,A0A1F5EBF3,A0A3M7T9Y6,A0A7P0T9F7,8.466E-01,1
A0A5C1Q041,A0A1F5EBF3,A0A3M7T9Y6,A0A7P0TAN7,8.466E-01,1
A0A5C1Q041,A0A1F5EBF3,A0A3M7T9Y6,A0A7P0TBF8,8.466E-01,1
A0A5C1Q041,A0A1F5EBF3,A0A3M7T9Y6,A0A7P0Z4A0,8.466E-01,1
A0A5C1Q041,A0A1F5EBF3,A0A3M7T9Y6,A0A7P0Z4P5,8.466E-01,1
A0A5C1Q041,A0A1F5EBF3,A0A3M7T9Y6,B4E2Z3,8.466E-01,2
A0A5C1Q041,A0A1F5EBF3,A0A3M7T9Y6,F5GZS6,8.466E-01,1
A0A5C1Q041,A0A1F5EBF3,A0A3M7T9Y6,J3KPF3,8.466E-01,1
A0A5C1Q041,A0A1F5EBF3,A0A3M7T9Y6,P08195,8.466E-01,1
A0A5C1Q041,A0A1F5EBF3,A0A4Q4X9Q8,Q8IYR2,6.230E-01,1
A0A5C1Q041,A0A1F5EBF3,A0A4R4Y322,A0A024R0A8,7.043E-01,1
A0A5C1Q041,A0A1F5EBF3,A0A4R4Y322,A0A384MTQ3,7.043E-01,1
A0A5C1Q041,A0A1F5EBF3,A0A4R4Y322,O43865,7.043E-01,1
A0A5C1Q041,A0A1F5EBF3,A0A4R4Y322,P23526,7.043E-01,1
A0A5C1Q041,A0A1F5EBF3,A0A4R4Y322,Q6ZNS6,7.043E-01,1
A0A5C1Q041,A0A1F5EBF3,A0A4R4Y322,Q96HN2,7.043E-01,1
A0A5C1Q041,A0A1F5EBF3,A0A6J7IYI8,A0A024R9W0,1.785E-04,1
A0A5C1Q041,A0A1F5EBF3,A0A6J7IYI8,O43766,1.785E-04,1
A0A5C1Q041,A0A1F5EBF3,A0A7C4XGU2,A0A1W2PRE7,1.511E-03,1
A0A5C1Q041,A0A1F5EBF3,A0A840UYP1,A0A024RD17,5.210E-03,1
A0A5C1Q041,A0A1F5EBF3,B6BWL7,B4DID5,1.345E-01,1
A0A5C1Q041,A0A1F5EBF3,W4TNL4,A0A0S2Z4A8,4.056E-01,1
A0A5C1Q041,A0A1F5EBF3,W4TNL4,Q7KYX9,4.056E-01,1
A0A5S9F266,A0A2E7NAI8,A0A0C2ICF2,B4DW16,2.914E-06,2
A0A5S9F266,A0A2E7NAI8,A0A0F9SLM6,J3QKL0,5.141E-02,1
A0A5S9F266,A0A2E7NAI8,A0A0F9SLM6,Q8WVB3,5.141E-02,1
A0A5S9F266,A0A2E7NAI8,A0A0L1L0F1,A0A087WUV9,1.706E-05,1
A0A5S9F266,A0A2E7NAI8,A0A0L1L0F1,Q6NUM6,1.706E-05,1
A0A5S9F266,A0A2E7NAI8,A0A0L1L0F1,Q9NV66,1.706E-05,1
A0A5S9F266,A0A2E7NAI8,A0A0S7FLG1,B7Z282,3.192E-01,1
A0A5S9F266,A0A2E7NAI8,A0A183C974,O60502,1.993E-01,2
A0A5S9F266,A0A2E7NAI8,A0A1I7RVN4,A8K6I4,4.040E-01,1
A0A5S9F266,A0A2E7NAI8,A0A1I7RVN4,B4E3M6,4.040E-01,1
A0A5S9F266,A0A2E7NAI8,A0A1I7RVN4,P42285,4.040E-01,1
A0A5S9F266,A0A2E7NAI8,A0A2E7NAI8,A0A7P0TA11,7.102E-63,1
A0A5S9F266,A0A2E7NAI8,A0A2E7NAI8,B4DT76,7.102E-63,1
A0A5S9F266,A0A2E7NAI8,A0A2L0SXM4,B1AK13,1.399E-01,1
A0A5S9F266,A0A2E7NAI8,A0A2L0SXM4,Q8TB92,1.399E-01,1
A0A5S9F266,A0A2E7NAI8,A0A2M7UQ97,Q9H9T3,7.321E-02,2
A0A5S9F266,A0A2E7NAI8,A0A2S4VGH7,H7C3X0,2.536E-02,1
A0A5S9F266,A0A2E7NAI8,A0A2T0VWC6,B5LY64,1.106E-01,1
A0A5S9F266,A0A2E7NAI8,A0A2T0VWC6,B5LY70,1.106E-01,2
A0A5S9F266,A0A2E7NAI8,A0A2V8H346,B2RBQ0,7.724E-01,1
A0A5S9F266,A0A2E7NAI8,A0A2V8H346,B3KSN9,7.724E-01,1
A0A5S9F266,A0A2E7NAI8,A0A3C1LRD4,A0A024RAJ6,6.790E-02,1
A0A5S9F266,A0A2E7NAI8,A0A3C1LRD4,P07686,6.790E-02,1
A0A5S9F266,A0A2E7NAI8,A0A3C1LRD4,Q5URX0,6.790E-02,1
A0A5S9F266,A0A2E7NAI8,A0A446N3T8,P60174,2.378E-01,1
A0A5S9F266,A0A2E7NAI8,A0A446N3T8,V9HWK1,2.378E-01,1
A0A5S9F266,A0A2E7NAI8,A0A478FQ18,B4DUI5,5.114E-01,1
A0A5S9F266,A0A2E7NAI8,A0A4R1HK89,A0A024QZ64,2.242E-01,1
A0A5S9F266,A0A2E7NAI8,A0A4R1HK89,A0A024R145,2.242E-01,1
A0A5S9F266,A0A2E7NAI8,A0A4R1HK89,A0A087WXX2,2.242E-01,1
A0A5S9F266,A0A2E7NAI8,A0A4R1HK89,A0A3B3IS80,2.242E-01,1
A0A5S9F266,A0A2E7NAI8,A0A4R1HK89,A8K430,2.242E-01,1
A0A5S9F266,A0A2E7NAI8,A0A4R1HK89,A8MVZ9,2.242E-01,1
A0A5S9F266,A0A2E7NAI8,A0A4R1HK89,B7Z1N6,2.242E-01,1
A0A5S9F266,A0A2E7NAI8,A0A4R1HK89,B7Z1Y2,2.242E-01,1
A0A5S9F266,A0A2E7NAI8,A0A4R1HK89,B7Z3K9,2.242E-01,1
A0A5S9F266,A0A2E7NAI8,A0A4R1HK89,H3BQN4,2.242E-01,1
A0A5S9F266,A0A2E7NAI8,A0A4R1HK89,J3KPS3,2.242E-01,1
A0A5S9F266,A0A2E7NAI8,A0A4R1HK89,P04075,2.242E-01,1
A0A5S9F266,A0A2E7NAI8,A0A4R1HK89,P05062,2.242E-01,1
A0A5S9F266,A0A2E7NAI8,A0A4R1HK89,P09972,2.242E-01,1
A0A5S9F266,A0A2E7NAI8,A0A4R1HK89,Q8NHT3,2.242E-01,1
A0A5S9F266,A0A2E7NAI8,A0A4R1HK89,V9HWN7,2.242E-01,1
A0A5S9F266,A0A2E7NAI8,A0A4Y8X1W0,A0A182DWF3,5.114E-01,1
A0A5S9F266,A0A2E7NAI8,A0A4Y8X1W0,A0A182DWI3,5.114E-01,1
A0A5S9F266,A0A2E7NAI8,A0A4Y8X1W0,A0A6Q8PFE1,5.114E-01,1
A0A5S9F266,A0A2E7NAI8,A0A4Y8X1W0,B2R5P6,5.114E-01,1
A0A5S9F266,A0A2E7NAI8,A0A4Y8X1W0,E2QRB9,5.114E-01,1
A0A5S9F266,A0A2E7NAI8,A0A4Y8X1W0,E9PIR7,5.114E-01,1
A0A5S9F266,A0A2E7NAI8,A0A4Y8X1W0,F8W809,5.114E-01,1
A0A5S9F266,A0A2E7NAI8,A0A6J7IYI8,A0A024R9W0,3.209E-02,1
A0A5S9F266,A0A2E7NAI8,A0A6J7IYI8,O43766,3.209E-02,1
A0A5S9F266,A0A2E7NAI8,A0A7C4XGU2,A0A1W2PRE7,1.688E-03,1
A0A5S9F266,A0A2E7NAI8,A0A7J2YIT3,Q9NTM9,7.765E-02,1
A0A5S9F266,A0A2E7NAI8,A0A7S1XQM9,A0A087WWV6,1.129E-05,1
A0A5S9F266,A0A2E7NAI8,A0A811SNG6,P35914,2.378E-01,1
A0A5S9F266,A0A2E7NAI8,A0A813B473,B3KNL8,4.040E-01,1
A0A5S9F266,A0A2E7NAI8,A0A840UYP1,A0A024RD17,3.348E-10,1
A0A5S9F266,A0A2E7NAI8,A0A850AKG2,B2RAR3,9.776E-01,1
A0A5S9F266,A0A2E7NAI8,A0A850AKG2,Q9BXR0,9.776E-01,1
A0A6P1L2S3,A0A2E7NAI8,A0A0C2ICF2,B4DW16,2.914E-06,2
A0A6P1L2S3,A0A2E7NAI8,A0A0F9SLM6,J3QKL0,5.141E-02,1
A0A6P1L2S3,A0A2E7NAI8,A0A0F9SLM6,Q8WVB3,5.141E-02,1
A0A6P1L2S3,A0A2E7NAI8,A0A0L1L0F1,A0A087WUV9,1.706E-05,1
A0A6P1L2S3,A0A2E7NAI8,A0A0L1L0F1,Q6NUM6,1.706E-05,1
A0A6P1L2S3,A0A2E7NAI8,A0A0L1L0F1,Q9NV66,1.706E-05,1
A0A6P1L2S3,A0A2E7NAI8,A0A0S7FLG1,B7Z282,3.192E-01,1
A0A6P1L2S3,A0A2E7NAI8,A0A183C974,O60502,1.993E-01,2
A0A6P1L2S3,A0A2E7NAI8,A0A1I7RVN4,A8K6I4,4.040E-01,1
A0A6P1L2S3,A0A2E7NAI8,A0A1I7RVN4,B4E3M6,4.040E-01,1
A0A6P1L2S3,A0A2E7NAI8,A0A1I7RVN4,P42285,4.040E-01,1
A0A6P1L2S3,A0A2E7NAI8,A0A2E7NAI8,A0A7P0TA11,7.102E-63,1
A0A6P1L2S3,A0A2E7NAI8,A0A2E7NAI8,B4DT76,7.102E-63,1
A0A6P1L2S3,A0A2E7NAI8,A0A2L0SXM4,B1AK13,1.399E-01,1
A0A6P1L2S3,A0A2E7NAI8,A0A2L0SXM4,Q8TB92,1.399E-01,1
A0A6P1L2S3,A0A2E7NAI8,A0A2M7UQ97,Q9H9T3,7.321E-02,2
A0A6P1L2S3,A0A2E7NAI8,A0A2S4VGH7,H7C3X0,2.536E-02,1
A0A6P1L2S3,A0A2E7NAI8,A0A2T0VWC6,B5LY64,1.106E-01,1
A0A6P1L2S3,A0A2E7NAI8,A0A2T0VWC6,B5LY70,1.106E-01,2
A0A6P1L2S3,A0A2E7NAI8,A0A2V8H346,B2RBQ0,7.724E-01,1
A0A6P1L2S3,A0A2E7NAI8,A0A2V8H346,B3KSN9,7.724E-01,1
A0A6P1L2S3,A0A2E7NAI8,A0A3C1LRD4,A0A024RAJ6,6.790E-02,1
A0A6P1L2S3,A0A2E7NAI8,A0A3C1LRD4,P07686,6.790E-02,1
A0A6P1L2S3,A0A2E7NAI8,A0A3C1LRD4,Q5URX0,6.790E-02,1
A0A6P1L2S3,A0A2E7NAI8,A0A446N3T8,P60174,2.378E-01,1
A0A6P1L2S3,A0A2E7NAI8,A0A446N3T8,V9HWK1,2.378E-01,1
A0A6P1L2S3,A0A2E7NAI8,A0A478FQ18,B4DUI5,5.114E-01,1
A0A6P1L2S3,A0A2E7NAI8,A0A4R1HK89,A0A024QZ64,2.242E-01,1
A0A6P1L2S3,A0A2E7NAI8,A0A4R1HK89,A0A024R145,2.242E-01,1
A0A6P1L2S3,A0A2E7NAI8,A0A4R1HK89,A0A087WXX2,2.242E-01,1
A0A6P1L2S3,A0A2E7NAI8,A0A4R1HK89,A0A3B3IS80,2.242E-01,1
A0A6P1L2S3,A0A2E7NAI8,A0A4R1HK89,A8K430,2.242E-01,1
A0A6P1L2S3,A0A2E7NAI8,A0A4R1HK89,A8MVZ9,2.242E-01,1
A0A6P1L2S3,A0A2E7NAI8,A0A4R1HK89,B7Z1N6,2.242E-01,1
A0A6P1L2S3,A0A2E7NAI8,A0A4R1HK89,B7Z1Y2,2.242E-01,1
A0A6P1L2S3,A0A2E7NAI8,A0A4R1HK89,B7Z3K9,2.242E-01,1
A0A6P1L2S3,A0A2E7NAI8,A0A4R1HK89,H3BQN4,2.242E-01,1
A0A6P1L2S3,A0A2E7NAI8,A0A4R1HK89,J3KPS3,2.242E-01,1
A0A6P1L2S3,A0A2E7NAI8,A0A4R1HK89,P04075,2.242E-01,1
A0A6P1L2S3,A0A2E7NAI8,A0A4R1HK89,P05062,2.242E-01,1
A0A6P1L2S3,A0A2E7NAI8,A0A4R1HK89,P09972,2.242E-01,1
A0A6P1L2S3,A0A2E7NAI8,A0A4R1HK89,Q8NHT3,2.242E-01,1
A0A6P1L2S3,A0A2E7NAI8,A0A4R1HK89,V9HWN7,2.242E-01,1
A0A6P1L2S3,A0A2E7NAI8,A0A4Y8X1W0,A0A182DWF3,5.114E-01,1
A0A6P1L2S3,A0A2E7NAI8,A0A4Y8X1W0,A0A182DWI3,5.114E-01,1
A0A6P1L2S3,A0A2E7NAI8,A0A4Y8X1W0,A0A6Q8PFE1,5.114E-01,1
A0A6P1L2S3,A0A2E7NAI8,A0A4Y8X1W0,B2R5P6,5.114E-01,1
A0A6P1L2S3,A0A2E7NAI8,A0A4Y8X1W0,E2QRB9,5.114E-01,1
A0A6P1L2S3,A0A2E7NAI8,A0A4Y8X1W0,E9PIR7,5.114E-01,1
A0A6P1L2S3,A0A2E7NAI8,A0A4Y8X1W0,F8W809,5.114E-01,1
A0A6P1L2S3,A0A2E7NAI8,A0A6J7IYI8,A0A024R9W0,3.209E-02,1
A0A6P1L2S3,A0A2E7NAI8,A0A6J7IYI8,O43766,3.209E-02,1
A0A6P1L2S3,A0A2E7NAI8,A0A7C4XGU2,A0A1W2PRE7,1.688E-03,1
A0A6P1L2S3,A0A2E7NAI8,A0A7J2YIT3,Q9NTM9,7.765E-02,1
A0A6P1L2S3,A0A2E7NAI8,A0A7S1XQM9,A0A087WWV6,1.129E-05,1
A0A6P1L2S3,A0A2E7NAI8,A0A811SNG6,P35914,2.378E-01,1
A0A6P1L2S3,A0A2E7NAI8,A0A813B473,B3KNL8,4.040E-01,1
A0A6P1L2S3,A0A2E7NAI8,A0A840UYP1,A0A024RD17,3.348E-10,1
A0A6P1L2S3,A0A2E7NAI8,A0A850AKG2,B2RAR3,9.776E-01,1
A0A6P1L2S3,A0A2E7NAI8,A0A850AKG2,Q9BXR0,9.776E-01,1
A0A6P1XY11,A0A2E7NAI8,A0A0C2ICF2,B4DW16,2.914E-06,2
A0A6P1XY11,A0A2E7NAI8,A0A0F9SLM6,J3QKL0,5.141E-02,1
A0A6P1XY11,A0A2E7NAI8,A0A0F9SLM6,Q8WVB3,5.141E-02,1
A0A6P1XY11,A0A2E7NAI8,A0A0L1L0F1,A0A087WUV9,1.706E-05,1
A0A6P1XY11,A0A2E7NAI8,A0A0L1L0F1,Q6NUM6,1.706E-05,1
A0A6P1XY11,A0A2E7NAI8,A0A0L1L0F1,Q9NV66,1.706E-05,1
A0A6P1XY11,A0A2E7NAI8,A0A0S7FLG1,B7Z282,3.192E-01,1
A0A6P1XY11,A0A2E7NAI8,A0A183C974,O60502,1.993E-01,2
A0A6P1XY11,A0A2E7NAI8,A0A1I7RVN4,A8K6I4,4.040E-01,1
A0A6P1XY11,A0A2E7NAI8,A0A1I7RVN4,B4E3M6,4.040E-01,1
A0A6P1XY11,A0A2E7NAI8,A0A1I7RVN4,P42285,4.040E-01,1
A0A6P1XY11,A0A2E7NAI8,A0A2E7NAI8,A0A7P0TA11,7.102E-63,1
A0A6P1XY11,A0A2E7NAI8,A0A2E7NAI8,B4DT76,7.102E-63,1
A0A6P1XY11,A0A2E7NAI8,A0A2L0SXM4,B1AK13,1.399E-01,1
A0A6P1XY11,A0A2E7NAI8,A0A2L0SXM4,Q8TB92,1.399E-01,1
A0A6P1XY11,A0A2E7NAI8,A0A2M7UQ97,Q9H9T3,7.321E-02,2
A0A6P1XY11,A0A2E7NAI8,A0A2S4VGH7,H7C3X0,2.536E-02,1
A0A6P1XY11,A0A2E7NAI8,A0A2T0VWC6,B5LY64,1.106E-01,1
A0A6P1XY11,A0A2E7NAI8,A0A2T0VWC6,B5LY70,1.106E-01,2
A0A6P1XY11,A0A2E7NAI8,A0A2V8H346,B2RBQ0,7.724E-01,1
A0A6P1XY11,A0A2E7NAI8,A0A2V8H346,B3KSN9,7.724E-01,1
A0A6P1XY11,A0A2E7NAI8,A0A3C1LRD4,A0A024RAJ6,6.790E-02,1
A0A6P1XY11,A0A2E7NAI8,A0A3C1LRD4,P07686,6.790E-02,1
A0A6P1XY11,A0A2E7NAI8,A0A3C1LRD4,Q5URX0,6.790E-02,1
A0A6P1XY11,A0A2E7NAI8,A0A446N3T8,P60174,2.378E-01,1
A0A6P1XY11,A0A2E7NAI8,A0A446N3T8,V9HWK1,2.378E-01,1
A0A6P1XY11,A0A2E7NAI8,A0A478FQ18,B4DUI5,5.114E-01,1
A0A6P1XY11,A0A2E7NAI8,A0A4R1HK89,A0A024QZ64,2.242E-01,1
A0A6P1XY11,A0A2E7NAI8,A0A4R1HK89,A0A024R145,2.242E-01,1
A0A6P1XY11,A0A2E7NAI8,A0A4R1HK89,A0A087WXX2,2.242E-01,1
A0A6P1XY11,A0A2E7NAI8,A0A4R1HK89,A0A3B3IS80,2.242E-01,1
A0A6P1XY11,A0A2E7NAI8,A0A4R1HK89,A8K430,2.242E-01,1
A0A6P1XY11,A0A2E7NAI8,A0A4R1HK89,A8MVZ9,2.242E-01,1
A0A6P1XY11,A0A2E7NAI8,A0A4R1HK89,B7Z1N6,2.242E-01,1
A0A6P1XY11,A0A2E7NAI8,A0A4R1HK89,B7Z1Y2,2.242E-01,1
A0A6P1XY11,A0A2E7NAI8,A0A4R1HK89,B7Z3K9,2.242E-01,1
A0A6P1XY11,A0A2E7NAI8,A0A4R1HK89,H3BQN4,2.242E-01,1
A0A6P1XY11,A0A2E7NAI8,A0A4R1HK89,J3KPS3,2.242E-01,1
A0A6P1XY11,A0A2E7NAI8,A0A4R1HK89,P04075,2.242E-01,1
A0A6P1XY11,A0A2E7NAI8,A0A4R1HK89,P05062,2.242E-01,1
A0A6P1XY11,A0A2E7NAI8,A0A4R1HK89,P09972,2.242E-01,1
A0A6P1XY11,A0A2E7NAI8,A0A4R1HK89,Q8NHT3,2.242E-01,1
A0A6P1XY11,A0A2E7NAI8,A0A4R1HK89,V9HWN7,2.242E-01,1
A0A6P1XY11,A0A2E7NAI8,A0A4Y8X1W0,A0A182DWF3,5.114E-01,1
A0A6P1XY11,A0A2E7NAI8,A0A4Y8X1W0,A0A182DWI3,5.114E-01,1
A0A6P1XY11,A0A2E7NAI8,A0A4Y8X1W0,A0A6Q8PFE1,5.114E-01,1
A0A6P1XY11,A0A2E7NAI8,A0A4Y8X1W0,B2R5P6,5.114E-01,1
A0A6P1XY11,A0A2E7NAI8,A0A4Y8X1W0,E2QRB9,5.114E-01,1
A0A6P1XY11,A0A2E7NAI8,A0A4Y8X1W0,E9PIR7,5.114E-01,1
A0A6P1XY11,A0A2E7NAI8,A0A4Y8X1W0,F8W809,5.114E-01,1
A0A6P1XY11,A0A2E7NAI8,A0A6J7IYI8,A0A024R9W0,3.209E-02,1
A0A6P1XY11,A0A2E7NAI8,A0A6J7IYI8,O43766,3.209E-02,1
A0A6P1XY11,A0A2E7NAI8,A0A7C4XGU2,A0A1W2PRE7,1.688E-03,1
A0A6P1XY11,A0A2E7NAI8,A0A7J2YIT3,Q9NTM9,7.765E-02,1
A0A6P1XY11,A0A2E7NAI8,A0A7S1XQM9,A0A087WWV6,1.129E-05,1
A0A6P1XY11,A0A2E7NAI8,A0A811SNG6,P35914,2.378E-01,1
A0A6P1XY11,A0A2E7NAI8,A0A813B473,B3KNL8,4.040E-01,1
A0A6P1XY11,A0A2E7NAI8,A0A840UYP1,A0A024RD17,3.348E-10,1
A0A6P1XY11,A0A2E7NAI8,A0A850AKG2,B2RAR3,9.776E-01,1
A0A6P1XY11,A0A2E7NAI8,A0A850AKG2,Q9BXR0,9.776E-01,1
A0A7G5XFN1,A0A2E7NAI8,A0A0C2ICF2,B4DW16,2.914E-06,2
A0A7G5XFN1,A0A2E7NAI8,A0A0F9SLM6,J3QKL0,5.141E-02,1
A0A7G5XFN1,A0A2E7NAI8,A0A0F9SLM6,Q8WVB3,5.141E-02,1
A0A7G5XFN1,A0A2E7NAI8,A0A0L1L0F1,A0A087WUV9,1.706E-05,1
A0A7G5XFN1,A0A2E7NAI8,A0A0L1L0F1,Q6NUM6,1.706E-05,1
A0A7G5XFN1,A0A2E7NAI8,A0A0L1L0F1,Q9NV66,1.706E-05,1
A0A7G5XFN1,A0A2E7NAI8,A0A0S7FLG1,B7Z282,3.192E-01,1
A0A7G5XFN1,A0A2E7NAI8,A0A183C974,O60502,1.993E-01,2
A0A7G5XFN1,A0A2E7NAI8,A0A1I7RVN4,A8K6I4,4.040E-01,1
A0A7G5XFN1,A0A2E7NAI8,A0A1I7RVN4,B4E3M6,4.040E-01,1
A0A7G5XFN1,A0A2E7NAI8,A0A1I7RVN4,P42285,4.040E-01,1
A0A7G5XFN1,A0A2E7NAI8,A0A2E7NAI8,A0A7P0TA11,7.102E-63,1
A0A7G5XFN1,A0A2E7NAI8,A0A2E7NAI8,B4DT76,7.102E-63,1
A0A7G5XFN1,A0A2E7NAI8,A0A2L0SXM4,B1AK13,1.399E-01,1
A0A7G5XFN1,A0A2E7NAI8,A0A2L0SXM4,Q8TB92,1.399E-01,1
A0A7G5XFN1,A0A2E7NAI8,A0A2M7UQ97,Q9H9T3,7.321E-02,2
A0A7G5XFN1,A0A2E7NAI8,A0A2S4VGH7,H7C3X0,2.536E-02,1
A0A7G5XFN1,A0A2E7NAI8,A0A2T0VWC6,B5LY64,1.106E-01,1
A0A7G5XFN1,A0A2E7NAI8,A0A2T0VWC6,B5LY70,1.106E-01,2
A0A7G5XFN1,A0A2E7NAI8,A0A2V8H346,B2RBQ0,7.724E-01,1
A0A7G5XFN1,A0A2E7NAI8,A0A2V8H346,B3KSN9,7.724E-01,1
A0A7G5XFN1,A0A2E7NAI8,A0A3C1LRD4,A0A024RAJ6,6.790E-02,1
A0A7G5XFN1,A0A2E7NAI8,A0A3C1LRD4,P07686,6.790E-02,1
A0A7G5XFN1,A0A2E7NAI8,A0A3C1LRD4,Q5URX0,6.790E-02,1
A0A7G5XFN1,A0A2E7NAI8,A0A446N3T8,P60174,2.378E-01,1
A0A7G5XFN1,A0A2E7NAI8,A0A446N3T8,V9HWK1,2.378E-01,1
A0A7G5XFN1,A0A2E7NAI8,A0A478FQ18,B4DUI5,5.114E-01,1
A0A7G5XFN1,A0A2E7NAI8,A0A4R1HK89,A0A024QZ64,2.242E-01,1
A0A7G5XFN1,A0A2E7NAI8,A0A4R1HK89,A0A024R145,2.242E-01,1
A0A7G5XFN1,A0A2E7NAI8,A0A4R1HK89,A0A087WXX2,2.242E-01,1
A0A7G5XFN1,A0A2E7NAI8,A0A4R1HK89,A0A3B3IS80,2.242E-01,1
A0A7G5XFN1,A0A2E7NAI8,A0A4R1HK89,A8K430,2.242E-01,1
A0A7G5XFN1,A0A2E7NAI8,A0A4R1HK89,A8MVZ9,2.242E-01,1
A0A7G5XFN1,A0A2E7NAI8,A0A4R1HK89,B7Z1N6,2.242E-01,1
A0A7G5XFN1,A0A2E7NAI8,A0A4R1HK89,B7Z1Y2,2.242E-01,1
A0A7G5XFN1,A0A2E7NAI8,A0A4R1HK89,B7Z3K9,2.242E-01,1
A0A7G5XFN1,A0A2E7NAI8,A0A4R1HK89,H3BQN4,2.242E-01,1
A0A7G5XFN1,A0A2E7NAI8,A0A4R1HK89,J3KPS3,2.242E-01,1
A0A7G5XFN1,A0A2E7NAI8,A0A4R1HK89,P04075,2.242E-01,1
A0A7G5XFN1,A0A2E7NAI8,A0A4R1HK89,P05062,2.242E-01,1
A0A7G5XFN1,A0A2E7NAI8,A0A4R1HK89,P09972,2.242E-01,1
A0A7G5XFN1,A0A2E7NAI8,A0A4R1HK89,Q8NHT3,2.242E-01,1
A0A7G5XFN1,A0A2E7NAI8,A0A4R1HK89,V9HWN7,2.242E-01,1
A0A7G5XFN1,A0A2E7NAI8,A0A4Y8X1W0,A0A182DWF3,5.114E-01,1
A0A7G5XFN1,A0A2E7NAI8,A0A4Y8X1W0,A0A182DWI3,5.114E-01,1
A0A7G5XFN1,A0A2E7NAI8,A0A4Y8X1W0,A0A6Q8PFE1,5.114E-01,1
A0A7G5XFN1,A0A2E7NAI8,A0A4Y8X1W0,B2R5P6,5.114E-01,1
A0A7G5XFN1,A0A2E7NAI8,A0A4Y8X1W0,E2QRB9,5.114E-01,1
A0A7G5XFN1,A0A2E7NAI8,A0A4Y8X1W0,E9PIR7,5.114E-01,1
A0A7G5XFN1,A0A2E7NAI8,A0A4Y8X1W0,F8W809,5.114E-01,1
A0A7G5XFN1,A0A2E7NAI8,A0A6J7IYI8,A0A024R9W0,3.209E-02,1
A0A7G5XFN1,A0A2E7NAI8,A0A6J7IYI8,O43766,3.209E-02,1
A0A7G5XFN1,A0A2E7NAI8,A0A7C4XGU2,A0A1W2PRE7,1.688E-03,1
A0A7G5XFN1,A0A2E7NAI8,A0A7J2YIT3,Q9NTM9,7.765E-02,1
A0A7G5XFN1,A0A2E7NAI8,A0A7S1XQM9,A0A087WWV6,1.129E-05,1
A0A7G5XFN1,A0A2E7NAI8,A0A811SNG6,P35914,2.378E-01,1
A0A7G5XFN1,A0A2E7NAI8,A0A813B473,B3KNL8,4.040E-01,1
A0A7G5XFN1,A0A2E7NAI8,A0A840UYP1,A0A024RD17,3.348E-10,1
A0A7G5XFN1,A0A2E7NAI8,A0A850AKG2,B2RAR3,9.776E-01,1
A0A7G5XFN1,A0A2E7NAI8,A0A850AKG2,Q9BXR0,9.776E-01,1
A0A7H5CVR4,A0A2E7NAI8,A0A0C2ICF2,B4DW16,2.914E-06,2
A0A7H5CVR4,A0A2E7NAI8,A0A0F9SLM6,J3QKL0,5.141E-02,1
A0A7H5CVR4,A0A2E7NAI8,A0A0F9SLM6,Q8WVB3,5.141E-02,1
A0A7H5CVR4,A0A2E7NAI8,A0A0L1L0F1,A0A087WUV9,1.706E-05,1
A0A7H5CVR4,A0A2E7NAI8,A0A0L1L0F1,Q6NUM6,1.706E-05,1
A0A7H5CVR4,A0A2E7NAI8,A0A0L1L0F1,Q9NV66,1.706E-05,1
A0A7H5CVR4,A0A2E7NAI8,A0A0S7FLG1,B7Z282,3.192E-01,1
A0A7H5CVR4,A0A2E7NAI8,A0A183C974,O60502,1.993E-01,2
A0A7H5CVR4,A0A2E7NAI8,A0A1I7RVN4,A8K6I4,4.040E-01,1
A0A7H5CVR4,A0A2E7NAI8,A0A1I7RVN4,B4E3M6,4.040E-01,1
A0A7H5CVR4,A0A2E7NAI8,A0A1I7RVN4,P42285,4.040E-01,1
A0A7H5CVR4,A0A2E7NAI8,A0A2E7NAI8,A0A7P0TA11,7.102E-63,1
A0A7H5CVR4,A0A2E7NAI8,A0A2E7NAI8,B4DT76,7.102E-63,1
A0A7H5CVR4,A0A2E7NAI8,A0A2L0SXM4,B1AK13,1.399E-01,1
A0A7H5CVR4,A0A2E7NAI8,A0A2L0SXM4,Q8TB92,1.399E-01,1
A0A7H5CVR4,A0A2E7NAI8,A0A2M7UQ97,Q9H9T3,7.321E-02,2
A0A7H5CVR4,A0A2E7NAI8,A0A2S4VGH7,H7C3X0,2.536E-02,1
A0A7H5CVR4,A0A2E7NAI8,A0A2T0VWC6,B5LY64,1.106E-01,1
A0A7H5CVR4,A0A2E7NAI8,A0A2T0VWC6,B5LY70,1.106E-01,2
A0A7H5CVR4,A0A2E7NAI8,A0A2V8H346,B2RBQ0,7.724E-01,1
A0A7H5CVR4,A0A2E7NAI8,A0A2V8H346,B3KSN9,7.724E-01,1
A0A7H5CVR4,A0A2E7NAI8,A0A3C1LRD4,A0A024RAJ6,6.790E-02,1
A0A7H5CVR4,A0A2E7NAI8,A0A3C1LRD4,P07686,6.790E-02,1
A0A7H5CVR4,A0A2E7NAI8,A0A3C1LRD4,Q5URX0,6.790E-02,1
A0A7H5CVR4,A0A2E7NAI8,A0A446N3T8,P60174,2.378E-01,1
A0A7H5CVR4,A0A2E7NAI8,A0A446N3T8,V9HWK1,2.378E-01,1
A0A7H5CVR4,A0A2E7NAI8,A0A478FQ18,B4DUI5,5.114E-01,1
A0A7H5CVR4,A0A2E7NAI8,A0A4R1HK89,A0A024QZ64,2.242E-01,1
A0A7H5CVR4,A0A2E7NAI8,A0A4R1HK89,A0A024R145,2.242E-01,1
A0A7H5CVR4,A0A2E7NAI8,A0A4R1HK89,A0A087WXX2,2.242E-01,1
A0A7H5CVR4,A0A2E7NAI8,A0A4R1HK89,A0A3B3IS80,2.242E-01,1
A0A7H5CVR4,A0A2E7NAI8,A0A4R1HK89,A8K430,2.242E-01,1
A0A7H5CVR4,A0A2E7NAI8,A0A4R1HK89,A8MVZ9,2.242E-01,1
A0A7H5CVR4,A0A2E7NAI8,A0A4R1HK89,B7Z1N6,2.242E-01,1
A0A7H5CVR4,A0A2E7NAI8,A0A4R1HK89,B7Z1Y2,2.242E-01,1
A0A7H5CVR4,A0A2E7NAI8,A0A4R1HK89,B7Z3K9,2.242E-01,1
A0A7H5CVR4,A0A2E7NAI8,A0A4R1HK89,H3BQN4,2.242E-01,1
A0A7H5CVR4,A0A2E7NAI8,A0A4R1HK89,J3KPS3,2.242E-01,1
A0A7H5CVR4,A0A2E7NAI8,A0A4R1HK89,P04075,2.242E-01,1
A0A7H5CVR4,A0A2E7NAI8,A0A4R1HK89,P05062,2.242E-01,1
A0A7H5CVR4,A0A2E7NAI8,A0A4R1HK89,P09972,2.242E-01,1
A0A7H5CVR4,A0A2E7NAI8,A0A4R1HK89,Q8NHT3,2.242E-01,1
A0A7H5CVR4,A0A2E7NAI8,A0A4R1HK89,V9HWN7,2.242E-01,1
A0A7H5CVR4,A0A2E7NAI8,A0A4Y8X1W0,A0A182DWF3,5.114E-01,1
A0A7H5CVR4,A0A2E7NAI8,A0A4Y8X1W0,A0A182DWI3,5.114E-01,1
A0A7H5CVR4,A0A2E7NAI8,A0A4Y8X1W0,A0A6Q8PFE1,5.114E-01,1
A0A7H5CVR4,A0A2E7NAI8,A0A4Y8X1W0,B2R5P6,5.114E-01,1
A0A7H5CVR4,A0A2E7NAI8,A0A4Y8X1W0,E2QRB9,5.114E-01,1
A0A7H5CVR4,A0A2E7NAI8,A0A4Y8X1W0,E9PIR7,5.114E-01,1
A0A7H5CVR4,A0A2E7NAI8,A0A4Y8X1W0,F8W809,5.114E-01,1
A0A7H5CVR4,A0A2E7NAI8,A0A6J7IYI8,A0A024R9W0,3.209E-02,1
A0A7H5CVR4,A0A2E7NAI8,A0A6J7IYI8,O43766,3.209E-02,1
A0A7H5CVR4,A0A2E7NAI8,A0A7C4XGU2,A0A1W2PRE7,1.688E-03,1
A0A7H5CVR4,A0A2E7NAI8,A0A7J2YIT3,Q9NTM9,7.765E-02,1
A0A7H5CVR4,A0A2E7NAI8,A0A7S1XQM9,A0A087WWV6,1.129E-05,1
A0A7H5CVR4,A0A2E7NAI8,A0A811SNG6,P35914,2.378E-01,1
A0A7H5CVR4,A0A2E7NAI8,A0A813B473,B3KNL8,4.040E-01,1
A0A7H5CVR4,A0A2E7NAI8,A0A840UYP1,A0A024RD17,3.348E-10,1
A0A7H5CVR4,A0A2E7NAI8,A0A850AKG2,B2RAR3,9.776E-01,1
A0A7H5CVR4,A0A2E7NAI8,A0A850AKG2,Q9BXR0,9.776E-01,1
A0A7L4ZQB6,A0A2E7NAI8,A0A0C2ICF2,B4DW16,2.914E-06,2
A0A7L4ZQB6,A0A2E7NAI8,A0A0F9SLM6,J3QKL0,5.141E-02,1
A0A7L4ZQB6,A0A2E7NAI8,A0A0F9SLM6,Q8WVB3,5.141E-02,1
A0A7L4ZQB6,A0A2E7NAI8,A0A0L1L0F1,A0A087WUV9,1.706E-05,1
A0A7L4ZQB6,A0A2E7NAI8,A0A0L1L0F1,Q6NUM6,1.706E-05,1
A0A7L4ZQB6,A0A2E7NAI8,A0A0L1L0F1,Q9NV66,1.706E-05,1
A0A7L4ZQB6,A0A2E7NAI8,A0A0S7FLG1,B7Z282,3.192E-01,1
A0A7L4ZQB6,A0A2E7NAI8,A0A183C974,O60502,1.993E-01,2
A0A7L4ZQB6,A0A2E7NAI8,A0A1I7RVN4,A8K6I4,4.040E-01,1
A0A7L4ZQB6,A0A2E7NAI8,A0A1I7RVN4,B4E3M6,4.040E-01,1
A0A7L4ZQB6,A0A2E7NAI8,A0A1I7RVN4,P42285,4.040E-01,1
A0A7L4ZQB6,A0A2E7NAI8,A0A2E7NAI8,A0A7P0TA11,7.102E-63,1
A0A7L4ZQB6,A0A2E7NAI8,A0A2E7NAI8,B4DT76,7.102E-63,1
A0A7L4ZQB6,A0A2E7NAI8,A0A2L0SXM4,B1AK13,1.399E-01,1
A0A7L4ZQB6,A0A2E7NAI8,A0A2L0SXM4,Q8TB92,1.399E-01,1
A0A7L4ZQB6,A0A2E7NAI8,A0A2M7UQ97,Q9H9T3,7.321E-02,2
A0A7L4ZQB6,A0A2E7NAI8,A0A2S4VGH7,H7C3X0,2.536E-02,1
A0A7L4ZQB6,A0A2E7NAI8,A0A2T0VWC6,B5LY64,1.106E-01,1
A0A7L4ZQB6,A0A2E7NAI8,A0A2T0VWC6,B5LY70,1.106E-01,2
A0A7L4ZQB6,A0A2E7NAI8,A0A2V8H346,B2RBQ0,7.724E-01,1
A0A7L4ZQB6,A0A2E7NAI8,A0A2V8H346,B3KSN9,7.724E-01,1
A0A7L4ZQB6,A0A2E7NAI8,A0A3C1LRD4,A0A024RAJ6,6.790E-02,1
A0A7L4ZQB6,A0A2E7NAI8,A0A3C1LRD4,P07686,6.790E-02,1
A0A7L4ZQB6,A0A2E7NAI8,A0A3C1LRD4,Q5URX0,6.790E-02,1
A0A7L4ZQB6,A0A2E7NAI8,A0A446N3T8,P60174,2.378E-01,1
A0A7L4ZQB6,A0A2E7NAI8,A0A446N3T8,V9HWK1,2.378E-01,1
A0A7L4ZQB6,A0A2E7NAI8,A0A478FQ18,B4DUI5,5.114E-01,1
A0A7L4ZQB6,A0A2E7NAI8,A0A4R1HK89,A0A024QZ64,2.242E-01,1
A0A7L4ZQB6,A0A2E7NAI8,A0A4R1HK89,A0A024R145,2.242E-01,1
A0A7L4ZQB6,A0A2E7NAI8,A0A4R1HK89,A0A087WXX2,2.242E-01,1
A0A7L4ZQB6,A0A2E7NAI8,A0A4R1HK89,A0A3B3IS80,2.242E-01,1
A0A7L4ZQB6,A0A2E7NAI8,A0A4R1HK89,A8K430,2.242E-01,1
A0A7L4ZQB6,A0A2E7NAI8,A0A4R1HK89,A8MVZ9,2.242E-01,1
A0A7L4ZQB6,A0A2E7NAI8,A0A4R1HK89,B7Z1N6,2.242E-01,1
A0A7L4ZQB6,A0A2E7NAI8,A0A4R1HK89,B7Z1Y2,2.242E-01,1
A0A7L4ZQB6,A0A2E7NAI8,A0A4R1HK89,B7Z3K9,2.242E-01,1
A0A7L4ZQB6,A0A2E7NAI8,A0A4R1HK89,H3BQN4,2.242E-01,1
A0A7L4ZQB6,A0A2E7NAI8,A0A4R1HK89,J3KPS3,2.242E-01,1
A0A7L4ZQB6,A0A2E7NAI8,A0A4R1HK89,P04075,2.242E-01,1
A0A7L4ZQB6,A0A2E7NAI8,A0A4R1HK89,P05062,2.242E-01,1
A0A7L4ZQB6,A0A2E7NAI8,A0A4R1HK89,P09972,2.242E-01,1
A0A7L4ZQB6,A0A2E7NAI8,A0A4R1HK89,Q8NHT3,2.242E-01,1
A0A7L4ZQB6,A0A2E7NAI8,A0A4R1HK89,V9HWN7,2.242E-01,1
A0A7L4ZQB6,A0A2E7NAI8,A0A4Y8X1W0,A0A182DWF3,5.114E-01,1
A0A7L4ZQB6,A0A2E7NAI8,A0A4Y8X1W0,A0A182DWI3,5.114E-01,1
A0A7L4ZQB6,A0A2E7NAI8,A0A4Y8X1W0,A0A6Q8PFE1,5.114E-01,1
A0A7L4ZQB6,A0A2E7NAI8,A0A4Y8X1W0,B2R5P6,5.114E-01,1
A0A7L4ZQB6,A0A2E7NAI8,A0A4Y8X1W0,E2QRB9,5.114E-01,1
A0A7L4ZQB6,A0A2E7NAI8,A0A4Y8X1W0,E9PIR7,5.114E-01,1
A0A7L4ZQB6,A0A2E7NAI8,A0A4Y8X1W0,F8W809,5.114E-01,1
A0A7L4ZQB6,A0A2E7NAI8,A0A6J7IYI8,A0A024R9W0,3.209E-02,1
A0A7L4ZQB6,A0A2E7NAI8,A0A6J7IYI8,O43766,3.209E-02,1
A0A7L4ZQB6,A0A2E7NAI8,A0A7C4XGU2,A0A1W2PRE7,1.688E-03,1
A0A7L4ZQB6,A0A2E7NAI8,A0A7J2YIT3,Q9NTM9,7.765E-02,1
A0A7L4ZQB6,A0A2E7NAI8,A0A7S1XQM9,A0A087WWV6,1.129E-05,1
A0A7L4ZQB6,A0A2E7NAI8,A0A811SNG6,P35914,2.378E-01,1
A0A7L4ZQB6,A0A2E7NAI8,A0A813B473,B3KNL8,4.040E-01,1
A0A7L4ZQB6,A0A2E7NAI8,A0A840UYP1,A0A024RD17,3.348E-10,1
A0A7L4ZQB6,A0A2E7NAI8,A0A850AKG2,B2RAR3,9.776E-01,1
A0A7L4ZQB6,A0A2E7NAI8,A0A850AKG2,Q9BXR0,9.776E-01,1
A0A859CUF5,A0A1F5EBF3,A0A0F9SLM6,J3QKL0,2.640E-01,1
A0A859CUF5,A0A1F5EBF3,A0A0F9SLM6,Q8WVB3,2.640E-01,1
A0A859CUF5,A0A1F5EBF3,A0A0G1GDQ5,A0A068F4C8,6.304E-01,1
A0A859CUF5,A0A1F5EBF3,A0A0G1GDQ5,A0A068F579,6.304E-01,1
A0A859CUF5,A0A1F5EBF3,A0A0G1GDQ5,A0A068F753,6.304E-01,2
A0A859CUF5,A0A1F5EBF3,A0A149U7W4,B4DZX4,7.762E-02,1
A0A859CUF5,A0A1F5EBF3,A0A166DIW0,P56545,2.984E-01,1
A0A859CUF5,A0A1F5EBF3,A0A166DIW0,Q13363,2.984E-01,1
A0A859CUF5,A0A1F5EBF3,A0A166DIW0,Q4KMQ8,2.984E-01,1
A0A859CUF5,A0A1F5EBF3,A0A166DIW0,X5D8Y5,2.984E-01,1
A0A859CUF5,A0A1F5EBF3,A0A196S7R3,B3KQS3,1.967E-02,1
A0A859CUF5,A0A1F5EBF3,A0A1G2XDT8,Q86XE5,8.752E-02,1
A0A859CUF5,A0A1F5EBF3,A0A1G2XDT8,Q9BXD5,8.752E-02,1
A0A859CUF5,A0A1F5EBF3,A0A1Y2EUF5,B2RBF5,8.231E-02,1
A0A859CUF5,A0A1F5EBF3,A0A1Y2EUF5,B4DQ98,8.231E-02,1
A0A859CUF5,A0A1F5EBF3,A0A1Y2EUF5,Q01459,8.231E-02,1
A0A859CUF5,A0A1F5EBF3,A0A2C5YZ57,F8W9T8,6.230E-01,1
A0A859CUF5,A0A1F5EBF3,A0A2E7NAI8,A0A7P0TA11,4.668E-06,1
A0A859CUF5,A0A1F5EBF3,A0A2E7NAI8,B4DT76,4.668E-06,1
A0A859CUF5,A0A1F5EBF3,A0A2M7UQ97,Q9H9T3,1.776E-02,2
A0A859CUF5,A0A1F5EBF3,A0A354ZGE7,A0A024RCB5,4.192E-02,1
A0A859CUF5,A0A1F5EBF3,A0A354ZGE7,B4DN31,4.192E-02,1
A0A859CUF5,A0A1F5EBF3,A0A354ZGE7,B7Z705,4.192E-02,1
A0A859CUF5,A0A1F5EBF3,A0A354ZGE7,Q9BWS9,4.192E-02,1
A0A859CUF5,A0A1F5EBF3,A0A381SPJ7,A0A1W2PQE9,9.048E-03,1
A0A859CUF5,A0A1F5EBF3,A0A381SPJ7,A0A1X7SBR7,9.048E-03,1
A0A859CUF5,A0A1F5EBF3,A0A381SPJ7,D6RCP8,9.048E-03,1
A0A859CUF5,A0A1F5EBF3,A0A3B3Z833,A0A087WY76,7.263E-01,1
A0A859CUF5,A0A1F5EBF3,A0A3B3Z833,A0A0G2JN38,7.263E-01,1
A0A859CUF5,A0A1F5EBF3,A0A3B3Z833,A0A0G2JNS6,7.263E-01,1
A0A859CUF5,A0A1F5EBF3,A0A3B3Z833,A0A0G2JRB5,7.263E-01,1
A0A859CUF5,A0A1F5EBF3,A0A3B3Z833,I3L1V5,7.263E-01,1
A0A859CUF5,A0A1F5EBF3,A0A3B3Z833,I3L2E4,7.263E-01,1
A0A859CUF5,A0A1F5EBF3,A0A3M7T9Y6,A0A7P0T9F7,8.466E-01,1
A0A859CUF5,A0A1F5EBF3,A0A3M7T9Y6,A0A7P0TAN7,8.466E-01,1
A0A859CUF5,A0A1F5EBF3,A0A3M7T9Y6,A0A7P0TBF8,8.466E-01,1
A0A859CUF5,A0A1F5EBF3,A0A3M7T9Y6,A0A7P0Z4A0,8.466E-01,1
A0A859CUF5,A0A1F5EBF3,A0A3M7T9Y6,A0A7P0Z4P5,8.466E-01,1
A0A859CUF5,A0A1F5EBF3,A0A3M7T9Y6,B4E2Z3,8.466E-01,2
A0A859CUF5,A0A1F5EBF3,A0A3M7T9Y6,F5GZS6,8.466E-01,1
A0A859CUF5,A0A1F5EBF3,A0A3M7T9Y6,J3KPF3,8.466E-01,1
A0A859CUF5,A0A1F5EBF3,A0A3M7T9Y6,P08195,8.466E-01,1
A0A859CUF5,A0A1F5EBF3,A0A4Q4X9Q8,Q8IYR2,6.230E-01,1
A0A859CUF5,A0A1F5EBF3,A0A4R4Y322,A0A024R0A8,7.043E-01,1
A0A859CUF5,A0A1F5EBF3,A0A4R4Y322,A0A384MTQ3,7.043E-01,1
A0A859CUF5,A0A1F5EBF3,A0A4R4Y322,O43865,7.043E-01,1
A0A859CUF5,A0A1F5EBF3,A0A4R4Y322,P23526,7.043E-01,1
A0A859CUF5,A0A1F5EBF3,A0A4R4Y322,Q6ZNS6,7.043E-01,1
A0A859CUF5,A0A1F5EBF3,A0A4R4Y322,Q96HN2,7.043E-01,1
A0A859CUF5,A0A1F5EBF3,A0A6J7IYI8,A0A024R9W0,1.785E-04,1
A0A859CUF5,A0A1F5EBF3,A0A6J7IYI8,O43766,1.785E-04,1
A0A859CUF5,A0A1F5EBF3,A0A7C4XGU2,A0A1W2PRE7,1.511E-03,1
A0A859CUF5,A0A1F5EBF3,A0A840UYP1,A0A024RD17,5.210E-03,1
A0A859CUF5,A0A1F5EBF3,B6BWL7,B4DID5,1.345E-01,1
A0A859CUF5,A0A1F5EBF3,W4TNL4,A0A0S2Z4A8,4.056E-01,1
A0A859CUF5,A0A1F5EBF3,W4TNL4,Q7KYX9,4.056E-01,1
A0A975JH03,,,,,
A0AA87TEZ1,,,,,
A0AAC9TQZ0,,,,,
A0AAE6VS90,,,,,
A0AAJ1R6X9,,,,,
A0AAN1PTB8,,,,,
A0AAP9GSP6,,,,,
A9L1Z3,A0A2E7NAI8,A0A0C2ICF2,B4DW16,2.914E-06,2
A9L1Z3,A0A2E7NAI8,A0A0F9SLM6,J3QKL0,5.141E-02,1
A9L1Z3,A0A2E7NAI8,A0A0F9SLM6,Q8WVB3,5.141E-02,1
A9L1Z3,A0A2E7NAI8,A0A0L1L0F1,A0A087WUV9,1.706E-05,1
A9L1Z3,A0A2E7NAI8,A0A0L1L0F1,Q6NUM6,1.706E-05,1
A9L1Z3,A0A2E7NAI8,A0A0L1L0F1,Q9NV66,1.706E-05,1
A9L1Z3,A0A2E7NAI8,A0A0S7FLG1,B7Z282,3.192E-01,1
A9L1Z3,A0A2E7NAI8,A0A183C974,O60502,1.993E-01,2
A9L1Z3,A0A2E7NAI8,A0A1I7RVN4,A8K6I4,4.040E-01,1
A9L1Z3,A0A2E7NAI8,A0A1I7RVN4,B4E3M6,4.040E-01,1
A9L1Z3,A0A2E7NAI8,A0A1I7RVN4,P42285,4.040E-01,1
A9L1Z3,A0A2E7NAI8,A0A2E7NAI8,A0A7P0TA11,7.102E-63,1
A9L1Z3,A0A2E7NAI8,A0A2E7NAI8,B4DT76,7.102E-63,1
A9L1Z3,A0A2E7NAI8,A0A2L0SXM4,B1AK13,1.399E-01,1
A9L1Z3,A0A2E7NAI8,A0A2L0SXM4,Q8TB92,1.399E-01,1
A9L1Z3,A0A2E7NAI8,A0A2M7UQ97,Q9H9T3,7.321E-02,2
A9L1Z3,A0A2E7NAI8,A0A2S4VGH7,H7C3X0,2.536E-02,1
A9L1Z3,A0A2E7NAI8,A0A2T0VWC6,B5LY64,1.106E-01,1
A9L1Z3,A0A2E7NAI8,A0A2T0VWC6,B5LY70,1.106E-01,2
A9L1Z3,A0A2E7NAI8,A0A2V8H346,B2RBQ0,7.724E-01,1
A9L1Z3,A0A2E7NAI8,A0A2V8H346,B3KSN9,7.724E-01,1
A9L1Z3,A0A2E7NAI8,A0A3C1LRD4,A0A024RAJ6,6.790E-02,1
A9L1Z3,A0A2E7NAI8,A0A3C1LRD4,P07686,6.790E-02,1
A9L1Z3,A0A2E7NAI8,A0A3C1LRD4,Q5URX0,6.790E-02,1
A9L1Z3,A0A2E7NAI8,A0A446N3T8,P60174,2.378E-01,1
A9L1Z3,A0A2E7NAI8,A0A446N3T8,V9HWK1,2.378E-01,1
A9L1Z3,A0A2E7NAI8,A0A478FQ18,B4DUI5,5.114E-01,1
A9L1Z3,A0A2E7NAI8,A0A4R1HK89,A0A024QZ64,2.242E-01,1
A9L1Z3,A0A2E7NAI8,A0A4R1HK89,A0A024R145,2.242E-01,1
A9L1Z3,A0A2E7NAI8,A0A4R1HK89,A0A087WXX2,2.242E-01,1
A9L1Z3,A0A2E7NAI8,A0A4R1HK89,A0A3B3IS80,2.242E-01,1
A9L1Z3,A0A2E7NAI8,A0A4R1HK89,A8K430,2.242E-01,1
A9L1Z3,A0A2E7NAI8,A0A4R1HK89,A8MVZ9,2.242E-01,1
A9L1Z3,A0A2E7NAI8,A0A4R1HK89,B7Z1N6,2.242E-01,1
A9L1Z3,A0A2E7NAI8,A0A4R1HK89,B7Z1Y2,2.242E-01,1
A9L1Z3,A0A2E7NAI8,A0A4R1HK89,B7Z3K9,2.242E-01,1
A9L1Z3,A0A2E7NAI8,A0A4R1HK89,H3BQN4,2.242E-01,1
A9L1Z3,A0A2E7NAI8,A0A4R1HK89,J3KPS3,2.242E-01,1
A9L1Z3,A0A2E7NAI8,A0A4R1HK89,P04075,2.242E-01,1
A9L1Z3,A0A2E7NAI8,A0A4R1HK89,P05062,2.242E-01,1
A9L1Z3,A0A2E7NAI8,A0A4R1HK89,P09972,2.242E-01,1
A9L1Z3,A0A2E7NAI8,A0A4R1HK89,Q8NHT3,2.242E-01,1
A9L1Z3,A0A2E7NAI8,A0A4R1HK89,V9HWN7,2.242E-01,1
A9L1Z3,A0A2E7NAI8,A0A4Y8X1W0,A0A182DWF3,5.114E-01,1
A9L1Z3,A0A2E7NAI8,A0A4Y8X1W0,A0A182DWI3,5.114E-01,1
A9L1Z3,A0A2E7NAI8,A0A4Y8X1W0,A0A6Q8PFE1,5.114E-01,1
A9L1Z3,A0A2E7NAI8,A0A4Y8X1W0,B2R5P6,5.114E-01,1
A9L1Z3,A0A2E7NAI8,A0A4Y8X1W0,E2QRB9,5.114E-01,1
A9L1Z3,A0A2E7NAI8,A0A4Y8X1W0,E9PIR7,5.114E-01,1
A9L1Z3,A0A2E7NAI8,A0A4Y8X1W0,F8W809,5.114E-01,1
A9L1Z3,A0A2E7NAI8,A0A6J7IYI8,A0A024R9W0,3.209E-02,1
A9L1Z3,A0A2E7NAI8,A0A6J7IYI8,O43766,3.209E-02,1
A9L1Z3,A0A2E7NAI8,A0A7C4XGU2,A0A1W2PRE7,1.688E-03,1
A9L1Z3,A0A2E7NAI8,A0A7J2YIT3,Q9NTM9,7.765E-02,1
A9L1Z3,A0A2E7NAI8,A0A7S1XQM9,A0A087WWV6,1.129E-05,1
A9L1Z3,A0A2E7NAI8,A0A811SNG6,P35914,2.378E-01,1
A9L1Z3,A0A2E7NAI8,A0A813B473,B3KNL8,4.040E-01,1
A9L1Z3,A0A2E7NAI8,A0A840UYP1,A0A024RD17,3.348E-10,1
A9L1Z3,A0A2E7NAI8,A0A850AKG2,B2RAR3,9.776E-01,1
A9L1Z3,A0A2E7NAI8,A0A850AKG2,Q9BXR0,9.776E-01,1
D1ADX3,A0A2E7NAI8,A0A0C2ICF2,B4DW16,2.914E-06,2
D1ADX3,A0A2E7NAI8,A0A0F9SLM6,J3QKL0,5.141E-02,1
D1ADX3,A0A2E7NAI8,A0A0F9SLM6,Q8WVB3,5.141E-02,1
D1ADX3,A0A2E7NAI8,A0A0L1L0F1,A0A087WUV9,1.706E-05,1
D1ADX3,A0A2E7NAI8,A0A0L1L0F1,Q6NUM6,1.706E-05,1
D1ADX3,A0A2E7NAI8,A0A0L1L0F1,Q9NV66,1.706E-05,1
D1ADX3,A0A2E7NAI8,A0A0S7FLG1,B7Z282,3.192E-01,1
D1ADX3,A0A2E7NAI8,A0A183C974,O60502,1.993E-01,2
D1ADX3,A0A2E7NAI8,A0A1I7RVN4,A8K6I4,4.040E-01,1
D1ADX3,A0A2E7NAI8,A0A1I7RVN4,B4E3M6,4.040E-01,1
D1ADX3,A0A2E7NAI8,A0A1I7RVN4,P42285,4.040E-01,1
D1ADX3,A0A2E7NAI8,A0A2E7NAI8,A0A7P0TA11,7.102E-63,1
D1ADX3,A0A2E7NAI8,A0A2E7NAI8,B4DT76,7.102E-63,1
D1ADX3,A0A2E7NAI8,A0A2L0SXM4,B1AK13,1.399E-01,1
D1ADX3,A0A2E7NAI8,A0A2L0SXM4,Q8TB92,1.399E-01,1
D1ADX3,A0A2E7NAI8,A0A2M7UQ97,Q9H9T3,7.321E-02,2
D1ADX3,A0A2E7NAI8,A0A2S4VGH7,H7C3X0,2.536E-02,1
D1ADX3,A0A2E7NAI8,A0A2T0VWC6,B5LY64,1.106E-01,1
D1ADX3,A0A2E7NAI8,A0A2T0VWC6,B5LY70,1.106E-01,2
D1ADX3,A0A2E7NAI8,A0A2V8H346,B2RBQ0,7.724E-01,1
D1ADX3,A0A2E7NAI8,A0A2V8H346,B3KSN9,7.724E-01,1
D1ADX3,A0A2E7NAI8,A0A3C1LRD4,A0A024RAJ6,6.790E-02,1
D1ADX3,A0A2E7NAI8,A0A3C1LRD4,P07686,6.790E-02,1
D1ADX3,A0A2E7NAI8,A0A3C1LRD4,Q5URX0,6.790E-02,1
D1ADX3,A0A2E7NAI8,A0A446N3T8,P60174,2.378E-01,1
D1ADX3,A0A2E7NAI8,A0A446N3T8,V9HWK1,2.378E-01,1
D1ADX3,A0A2E7NAI8,A0A478FQ18,B4DUI5,5.114E-01,1
D1ADX3,A0A2E7NAI8,A0A4R1HK89,A0A024QZ64,2.242E-01,1
D1ADX3,A0A2E7NAI8,A0A4R1HK89,A0A024R145,2.242E-01,1
D1ADX3,A0A2E7NAI8,A0A4R1HK89,A0A087WXX2,2.242E-01,1
D1ADX3,A0A2E7NAI8,A0A4R1HK89,A0A3B3IS80,2.242E-01,1
D1ADX3,A0A2E7NAI8,A0A4R1HK89,A8K430,2.242E-01,1
D1ADX3,A0A2E7NAI8,A0A4R1HK89,A8MVZ9,2.242E-01,1
D1ADX3,A0A2E7NAI8,A0A4R1HK89,B7Z1N6,2.242E-01,1
D1ADX3,A0A2E7NAI8,A0A4R1HK89,B7Z1Y2,2.242E-01,1
D1ADX3,A0A2E7NAI8,A0A4R1HK89,B7Z3K9,2.242E-01,1
D1ADX3,A0A2E7NAI8,A0A4R1HK89,H3BQN4,2.242E-01,1
D1ADX3,A0A2E7NAI8,A0A4R1HK89,J3KPS3,2.242E-01,1
D1ADX3,A0A2E7NAI8,A0A4R1HK89,P04075,2.242E-01,1
D1ADX3,A0A2E7NAI8,A0A4R1HK89,P05062,2.242E-01,1
D1ADX3,A0A2E7NAI8,A0A4R1HK89,P09972,2.242E-01,1
D1ADX3,A0A2E7NAI8,A0A4R1HK89,Q8NHT3,2.242E-01,1
D1ADX3,A0A2E7NAI8,A0A4R1HK89,V9HWN7,2.242E-01,1
D1ADX3,A0A2E7NAI8,A0A4Y8X1W0,A0A182DWF3,5.114E-01,1
D1ADX3,A0A2E7NAI8,A0A4Y8X1W0,A0A182DWI3,5.114E-01,1
D1ADX3,A0A2E7NAI8,A0A4Y8X1W0,A0A6Q8PFE1,5.114E-01,1
D1ADX3,A0A2E7NAI8,A0A4Y8X1W0,B2R5P6,5.114E-01,1
D1ADX3,A0A2E7NAI8,A0A4Y8X1W0,E2QRB9,5.114E-01,1
D1ADX3,A0A2E7NAI8,A0A4Y8X1W0,E9PIR7,5.114E-01,1
D1ADX3,A0A2E7NAI8,A0A4Y8X1W0,F8W809,5.114E-01,1
D1ADX3,A0A2E7NAI8,A0A6J7IYI8,A0A024R9W0,3.209E-02,1
D1ADX3,A0A2E7NAI8,A0A6J7IYI8,O43766,3.209E-02,1
D1ADX3,A0A2E7NAI8,A0A7C4XGU2,A0A1W2PRE7,1.688E-03,1
D1ADX3,A0A2E7NAI8,A0A7J2YIT3,Q9NTM9,7.765E-02,1
D1ADX3,A0A2E7NAI8,A0A7S1XQM9,A0A087WWV6,1.129E-05,1
D1ADX3,A0A2E7NAI8,A0A811SNG6,P35914,2.378E-01,1
D1ADX3,A0A2E7NAI8,A0A813B473,B3KNL8,4.040E-01,1
D1ADX3,A0A2E7NAI8,A0A840UYP1,A0A024RD17,3.348E-10,1
D1ADX3,A0A2E7NAI8,A0A850AKG2,B2RAR3,9.776E-01,1
D1ADX3,A0A2E7NAI8,A0A850AKG2,Q9BXR0,9.776E-01,1
D5EID4,A0A2E7NAI8,A0A0C2ICF2,B4DW16,2.914E-06,2
D5EID4,A0A2E7NAI8,A0A0F9SLM6,J3QKL0,5.141E-02,1
D5EID4,A0A2E7NAI8,A0A0F9SLM6,Q8WVB3,5.141E-02,1
D5EID4,A0A2E7NAI8,A0A0L1L0F1,A0A087WUV9,1.706E-05,1
D5EID4,A0A2E7NAI8,A0A0L1L0F1,Q6NUM6,1.706E-05,1
D5EID4,A0A2E7NAI8,A0A0L1L0F1,Q9NV66,1.706E-05,1
D5EID4,A0A2E7NAI8,A0A0S7FLG1,B7Z282,3.192E-01,1
D5EID4,A0A2E7NAI8,A0A183C974,O60502,1.993E-01,2
D5EID4,A0A2E7NAI8,A0A1I7RVN4,A8K6I4,4.040E-01,1
D5EID4,A0A2E7NAI8,A0A1I7RVN4,B4E3M6,4.040E-01,1
D5EID4,A0A2E7NAI8,A0A1I7RVN4,P42285,4.040E-01,1
D5EID4,A0A2E7NAI8,A0A2E7NAI8,A0A7P0TA11,7.102E-63,1
D5EID4,A0A2E7NAI8,A0A2E7NAI8,B4DT76,7.102E-63,1
D5EID4,A0A2E7NAI8,A0A2L0SXM4,B1AK13,1.399E-01,1
D5EID4,A0A2E7NAI8,A0A2L0SXM4,Q8TB92,1.399E-01,1
D5EID4,A0A2E7NAI8,A0A2M7UQ97,Q9H9T3,7.321E-02,2
D5EID4,A0A2E7NAI8,A0A2S4VGH7,H7C3X0,2.536E-02,1
D5EID4,A0A2E7NAI8,A0A2T0VWC6,B5LY64,1.106E-01,1
D5EID4,A0A2E7NAI8,A0A2T0VWC6,B5LY70,1.106E-01,2
D5EID4,A0A2E7NAI8,A0A2V8H346,B2RBQ0,7.724E-01,1
D5EID4,A0A2E7NAI8,A0A2V8H346,B3KSN9,7.724E-01,1
D5EID4,A0A2E7NAI8,A0A3C1LRD4,A0A024RAJ6,6.790E-02,1
D5EID4,A0A2E7NAI8,A0A3C1LRD4,P07686,6.790E-02,1
D5EID4,A0A2E7NAI8,A0A3C1LRD4,Q5URX0,6.790E-02,1
D5EID4,A0A2E7NAI8,A0A446N3T8,P60174,2.378E-01,1
D5EID4,A0A2E7NAI8,A0A446N3T8,V9HWK1,2.378E-01,1
D5EID4,A0A2E7NAI8,A0A478FQ18,B4DUI5,5.114E-01,1
D5EID4,A0A2E7NAI8,A0A4R1HK89,A0A024QZ64,2.242E-01,1
D5EID4,A0A2E7NAI8,A0A4R1HK89,A0A024R145,2.242E-01,1
D5EID4,A0A2E7NAI8,A0A4R1HK89,A0A087WXX2,2.242E-01,1
D5EID4,A0A2E7NAI8,A0A4R1HK89,A0A3B3IS80,2.242E-01,1
D5EID4,A0A2E7NAI8,A0A4R1HK89,A8K430,2.242E-01,1
D5EID4,A0A2E7NAI8,A0A4R1HK89,A8MVZ9,2.242E-01,1
D5EID4,A0A2E7NAI8,A0A4R1HK89,B7Z1N6,2.242E-01,1
D5EID4,A0A2E7NAI8,A0A4R1HK89,B7Z1Y2,2.242E-01,1
D5EID4,A0A2E7NAI8,A0A4R1HK89,B7Z3K9,2.242E-01,1
D5EID4,A0A2E7NAI8,A0A4R1HK89,H3BQN4,2.242E-01,1
D5EID4,A0A2E7NAI8,A0A4R1HK89,J3KPS3,2.242E-01,1
D5EID4,A0A2E7NAI8,A0A4R1HK89,P04075,2.242E-01,1
D5EID4,A0A2E7NAI8,A0A4R1HK89,P05062,2.242E-01,1
D5EID4,A0A2E7NAI8,A0A4R1HK89,P09972,2.242E-01,1
D5EID4,A0A2E7NAI8,A0A4R1HK89,Q8NHT3,2.242E-01,1
D5EID4,A0A2E7NAI8,A0A4R1HK89,V9HWN7,2.242E-01,1
D5EID4,A0A2E7NAI8,A0A4Y8X1W0,A0A182DWF3,5.114E-01,1
D5EID4,A0A2E7NAI8,A0A4Y8X1W0,A0A182DWI3,5.114E-01,1
D5EID4,A0A2E7NAI8,A0A4Y8X1W0,A0A6Q8PFE1,5.114E-01,1
D5EID4,A0A2E7NAI8,A0A4Y8X1W0,B2R5P6,5.114E-01,1
D5EID4,A0A2E7NAI8,A0A4Y8X1W0,E2QRB9,5.114E-01,1
D5EID4,A0A2E7NAI8,A0A4Y8X1W0,E9PIR7,5.114E-01,1
D5EID4,A0A2E7NAI8,A0A4Y8X1W0,F8W809,5.114E-01,1
D5EID4,A0A2E7NAI8,A0A6J7IYI8,A0A024R9W0,3.209E-02,1
D5EID4,A0A2E7NAI8,A0A6J7IYI8,O43766,3.209E-02,1
D5EID4,A0A2E7NAI8,A0A7C4XGU2,A0A1W2PRE7,1.688E-03,1
D5EID4,A0A2E7NAI8,A0A7J2YIT3,Q9NTM9,7.765E-02,1
D5EID4,A0A2E7NAI8,A0A7S1XQM9,A0A087WWV6,1.129E-05,1
D5EID4,A0A2E7NAI8,A0A811SNG6,P35914,2.378E-01,1
D5EID4,A0A2E7NAI8,A0A813B473,B3KNL8,4.040E-01,1
D5EID4,A0A2E7NAI8,A0A840UYP1,A0A024RD17,3.348E-10,1
D5EID4,A0A2E7NAI8,A0A850AKG2,B2RAR3,9.776E-01,1
D5EID4,A0A2E7NAI8,A0A850AKG2,Q9BXR0,9.776E-01,1
D9SBQ2,A0A1F5EBF3,A0A0F9SLM6,J3QKL0,2.640E-01,1
D9SBQ2,A0A1F5EBF3,A0A0F9SLM6,Q8WVB3,2.640E-01,1
D9SBQ2,A0A1F5EBF3,A0A0G1GDQ5,A0A068F4C8,6.304E-01,1
D9SBQ2,A0A1F5EBF3,A0A0G1GDQ5,A0A068F579,6.304E-01,1
D9SBQ2,A0A1F5EBF3,A0A0G1GDQ5,A0A068F753,6.304E-01,2
D9SBQ2,A0A1F5EBF3,A0A149U7W4,B4DZX4,7.762E-02,1
D9SBQ2,A0A1F5EBF3,A0A166DIW0,P56545,2.984E-01,1
D9SBQ2,A0A1F5EBF3,A0A166DIW0,Q13363,2.984E-01,1
D9SBQ2,A0A1F5EBF3,A0A166DIW0,Q4KMQ8,2.984E-01,1
D9SBQ2,A0A1F5EBF3,A0A166DIW0,X5D8Y5,2.984E-01,1
D9SBQ2,A0A1F5EBF3,A0A196S7R3,B3KQS3,1.967E-02,1
D9SBQ2,A0A1F5EBF3,A0A1G2XDT8,Q86XE5,8.752E-02,1
D9SBQ2,A0A1F5EBF3,A0A1G2XDT8,Q9BXD5,8.752E-02,1
D9SBQ2,A0A1F5EBF3,A0A1Y2EUF5,B2RBF5,8.231E-02,1
D9SBQ2,A0A1F5EBF3,A0A1Y2EUF5,B4DQ98,8.231E-02,1
D9SBQ2,A0A1F5EBF3,A0A1Y2EUF5,Q01459,8.231E-02,1
D9SBQ2,A0A1F5EBF3,A0A2C5YZ57,F8W9T8,6.230E-01,1
D9SBQ2,A0A1F5EBF3,A0A2E7NAI8,A0A7P0TA11,4.668E-06,1
D9SBQ2,A0A1F5EBF3,A0A2E7NAI8,B4DT76,4.668E-06,1
D9SBQ2,A0A1F5EBF3,A0A2M7UQ97,Q9H9T3,1.776E-02,2
D9SBQ2,A0A1F5EBF3,A0A354ZGE7,A0A024RCB5,4.192E-02,1
D9SBQ2,A0A1F5EBF3,A0A354ZGE7,B4DN31,4.192E-02,1
D9SBQ2,A0A1F5EBF3,A0A354ZGE7,B7Z705,4.192E-02,1
D9SBQ2,A0A1F5EBF3,A0A354ZGE7,Q9BWS9,4.192E-02,1
D9SBQ2,A0A1F5EBF3,A0A381SPJ7,A0A1W2PQE9,9.048E-03,1
D9SBQ2,A0A1F5EBF3,A0A381SPJ7,A0A1X7SBR7,9.048E-03,1
D9SBQ2,A0A1F5EBF3,A0A381SPJ7,D6RCP8,9.048E-03,1
D9SBQ2,A0A1F5EBF3,A0A3B3Z833,A0A087WY76,7.263E-01,1
D9SBQ2,A0A1F5EBF3,A0A3B3Z833,A0A0G2JN38,7.263E-01,1
D9SBQ2,A0A1F5EBF3,A0A3B3Z833,A0A0G2JNS6,7.263E-01,1
D9SBQ2,A0A1F5EBF3,A0A3B3Z833,A0A0G2JRB5,7.263E-01,1
D9SBQ2,A0A1F5EBF3,A0A3B3Z833,I3L1V5,7.263E-01,1
D9SBQ2,A0A1F5EBF3,A0A3B3Z833,I3L2E4,7.263E-01,1
D9SBQ2,A0A1F5EBF3,A0A3M7T9Y6,A0A7P0T9F7,8.466E-01,1
D9SBQ2,A0A1F5EBF3,A0A3M7T9Y6,A0A7P0TAN7,8.466E-01,1
D9SBQ2,A0A1F5EBF3,A0A3M7T9Y6,A0A7P0TBF8,8.466E-01,1
D9SBQ2,A0A1F5EBF3,A0A3M7T9Y6,A0A7P0Z4A0,8.466E-01,1
D9SBQ2,A0A1F5EBF3,A0A3M7T9Y6,A0A7P0Z4P5,8.466E-01,1
D9SBQ2,A0A1F5EBF3,A0A3M7T9Y6,B4E2Z3,8.466E-01,2
D9SBQ2,A0A1F5EBF3,A0A3M7T9Y6,F5GZS6,8.466E-01,1
D9SBQ2,A0A1F5EBF3,A0A3M7T9Y6,J3KPF3,8.466E-01,1
D9SBQ2,A0A1F5EBF3,A0A3M7T9Y6,P08195,8.466E-01,1
D9SBQ2,A0A1F5EBF3,A0A4Q4X9Q8,Q8IYR2,6.230E-01,1
D9SBQ2,A0A1F5EBF3,A0A4R4Y322,A0A024R0A8,7.043E-01,1
D9SBQ2,A0A1F5EBF3,A0A4R4Y322,A0A384MTQ3,7.043E-01,1
D9SBQ2,A0A1F5EBF3,A0A4R4Y322,O43865,7.043E-01,1
D9SBQ2,A0A1F5EBF3,A0A4R4Y322,P23526,7.043E-01,1
D9SBQ2,A0A1F5EBF3,A0A4R4Y322,Q6ZNS6,7.043E-01,1
D9SBQ2,A0A1F5EBF3,A0A4R4Y322,Q96HN2,7.043E-01,1
D9SBQ2,A0A1F5EBF3,A0A6J7IYI8,A0A024R9W0,1.785E-04,1
D9SBQ2,A0A1F5EBF3,A0A6J7IYI8,O43766,1.785E-04,1
D9SBQ2,A0A1F5EBF3,A0A7C4XGU2,A0A1W2PRE7,1.511E-03,1
D9SBQ2,A0A1F5EBF3,A0A840UYP1,A0A024RD17,5.210E-03,1
D9SBQ2,A0A1F5EBF3,B6BWL7,B4DID5,1.345E-01,1
D9SBQ2,A0A1F5EBF3,W4TNL4,A0A0S2Z4A8,4.056E-01,1
D9SBQ2,A0A1F5EBF3,W4TNL4,Q7KYX9,4.056E-01,1
E4PHK5,A0A1F5EBF3,A0A0F9SLM6,J3QKL0,2.640E-01,1
E4PHK5,A0A1F5EBF3,A0A0F9SLM6,Q8WVB3,2.640E-01,1
E4PHK5,A0A1F5EBF3,A0A0G1GDQ5,A0A068F4C8,6.304E-01,1
E4PHK5,A0A1F5EBF3,A0A0G1GDQ5,A0A068F579,6.304E-01,1
E4PHK5,A0A1F5EBF3,A0A0G1GDQ5,A0A068F753,6.304E-01,2
E4PHK5,A0A1F5EBF3,A0A149U7W4,B4DZX4,7.762E-02,1
E4PHK5,A0A1F5EBF3,A0A166DIW0,P56545,2.984E-01,1
E4PHK5,A0A1F5EBF3,A0A166DIW0,Q13363,2.984E-01,1
E4PHK5,A0A1F5EBF3,A0A166DIW0,Q4KMQ8,2.984E-01,1
E4PHK5,A0A1F5EBF3,A0A166DIW0,X5D8Y5,2.984E-01,1
E4PHK5,A0A1F5EBF3,A0A196S7R3,B3KQS3,1.967E-02,1
E4PHK5,A0A1F5EBF3,A0A1G2XDT8,Q86XE5,8.752E-02,1
E4PHK5,A0A1F5EBF3,A0A1G2XDT8,Q9BXD5,8.752E-02,1
E4PHK5,A0A1F5EBF3,A0A1Y2EUF5,B2RBF5,8.231E-02,1
E4PHK5,A0A1F5EBF3,A0A1Y2EUF5,B4DQ98,8.231E-02,1
E4PHK5,A0A1F5EBF3,A0A1Y2EUF5,Q01459,8.231E-02,1
E4PHK5,A0A1F5EBF3,A0A2C5YZ57,F8W9T8,6.230E-01,1
E4PHK5,A0A1F5EBF3,A0A2E7NAI8,A0A7P0TA11,4.668E-06,1
E4PHK5,A0A1F5EBF3,A0A2E7NAI8,B4DT76,4.668E-06,1
E4PHK5,A0A1F5EBF3,A0A2M7UQ97,Q9H9T3,1.776E-02,2
E4PHK5,A0A1F5EBF3,A0A354ZGE7,A0A024RCB5,4.192E-02,1
E4PHK5,A0A1F5EBF3,A0A354ZGE7,B4DN31,4.192E-02,1
E4PHK5,A0A1F5EBF3,A0A354ZGE7,B7Z705,4.192E-02,1
E4PHK5,A0A1F5EBF3,A0A354ZGE7,Q9BWS9,4.192E-02,1
E4PHK5,A0A1F5EBF3,A0A381SPJ7,A0A1W2PQE9,9.048E-03,1
E4PHK5,A0A1F5EBF3,A0A381SPJ7,A0A1X7SBR7,9.048E-03,1
E4PHK5,A0A1F5EBF3,A0A381SPJ7,D6RCP8,9.048E-03,1
E4PHK5,A0A1F5EBF3,A0A3B3Z833,A0A087WY76,7.263E-01,1
E4PHK5,A0A1F5EBF3,A0A3B3Z833,A0A0G2JN38,7.263E-01,1
E4PHK5,A0A1F5EBF3,A0A3B3Z833,A0A0G2JNS6,7.263E-01,1
E4PHK5,A0A1F5EBF3,A0A3B3Z833,A0A0G2JRB5,7.263E-01,1
E4PHK5,A0A1F5EBF3,A0A3B3Z833,I3L1V5,7.263E-01,1
E4PHK5,A0A1F5EBF3,A0A3B3Z833,I3L2E4,7.263E-01,1
E4PHK5,A0A1F5EBF3,A0A3M7T9Y6,A0A7P0T9F7,8.466E-01,1
E4PHK5,A0A1F5EBF3,A0A3M7T9Y6,A0A7P0TAN7,8.466E-01,1
E4PHK5,A0A1F5EBF3,A0A3M7T9Y6,A0A7P0TBF8,8.466E-01,1
E4PHK5,A0A1F5EBF3,A0A3M7T9Y6,A0A7P0Z4A0,8.466E-01,1
E4PHK5,A0A1F5EBF3,A0A3M7T9Y6,A0A7P0Z4P5,8.466E-01,1
E4PHK5,A0A1F5EBF3,A0A3M7T9Y6,B4E2Z3,8.466E-01,2
E4PHK5,A0A1F5EBF3,A0A3M7T9Y6,F5GZS6,8.466E-01,1
E4PHK5,A0A1F5EBF3,A0A3M7T9Y6,J3KPF3,8.466E-01,1
E4PHK5,A0A1F5EBF3,A0A3M7T9Y6,P08195,8.466E-01,1
E4PHK5,A0A1F5EBF3,A0A4Q4X9Q8,Q8IYR2,6.230E-01,1
E4PHK5,A0A1F5EBF3,A0A4R4Y322,A0A024R0A8,7.043E-01,1
E4PHK5,A0A1F5EBF3,A0A4R4Y322,A0A384MTQ3,7.043E-01,1
E4PHK5,A0A1F5EBF3,A0A4R4Y322,O43865,7.043E-01,1
E4PHK5,A0A1F5EBF3,A0A4R4Y322,P23526,7.043E-01,1
E4PHK5,A0A1F5EBF3,A0A4R4Y322,Q6ZNS6,7.043E-01,1
E4PHK5,A0A1F5EBF3,A0A4R4Y322,Q96HN2,7.043E-01,1
E4PHK5,A0A1F5EBF3,A0A6J7IYI8,A0A024R9W0,1.785E-04,1
E4PHK5,A0A1F5EBF3,A0A6J7IYI8,O43766,1.785E-04,1
E4PHK5,A0A1F5EBF3,A0A7C4XGU2,A0A1W2PRE7,1.511E-03,1
E4PHK5,A0A1F5EBF3,A0A840UYP1,A0A024RD17,5.210E-03,1
E4PHK5,A0A1F5EBF3,B6BWL7,B4DID5,1.345E-01,1
E4PHK5,A0A1F5EBF3,W4TNL4,A0A0S2Z4A8,4.056E-01,1
E4PHK5,A0A1F5EBF3,W4TNL4,Q7KYX9,4.056E-01,1
F6GFY9,A0A1G4VTY0,A0A061QSB4,P52788,9.556E-01,2
F6GFY9,A0A1G4VTY0,A0A072PK90,F2Z2C2,4.525E-01,1
F6GFY9,A0A1G4VTY0,A0A072PK90,Q9NRW6,4.525E-01,1
F6GFY9,A0A1G4VTY0,A0A075GQ24,Q9NV79,3.585E-01,1
F6GFY9,A0A1G4VTY0,A0A090MDI4,B8ZZC8,5.997E-01,1
F6GFY9,A0A1G4VTY0,A0A090MDI4,B8ZZE3,5.997E-01,1
F6GFY9,A0A1G4VTY0,A0A090MDI4,Q9NRN9,5.997E-01,2
F6GFY9,A0A1G4VTY0,A0A182G1N7,B4E195,6.409E-01,1
F6GFY9,A0A1G4VTY0,A0A183ATV0,Q12882,7.529E-02,1
F6GFY9,A0A1G4VTY0,A0A183B7J4,Q5JUV6,4.727E-01,1
F6GFY9,A0A1G4VTY0,A0A183IZN3,D6RBU4,5.707E-01,1
F6GFY9,A0A1G4VTY0,A0A196SKB2,B3KNI0,6.635E-01,1
F6GFY9,A0A1G4VTY0,A0A196SKB2,B3KNM8,6.635E-01,1
F6GFY9,A0A1G4VTY0,A0A196SKB2,B4E2X3,6.635E-01,1
F6GFY9,A0A1G4VTY0,A0A196SKB2,C4B4C6,6.635E-01,1
F6GFY9,A0A1G4VTY0,A0A196SKB2,Q8N6R0,6.635E-01,1
F6GFY9,A0A1G4VTY0,A0A1B6CKS2,Q14400,2.795E-02,3
F6GFY9,A0A1G4VTY0,A0A1B6CKS2,Q9BSD0,2.795E-02,1
F6GFY9,A0A1G4VTY0,A0A1B6KZL2,D3DTN6,6.817E-02,1
F6GFY9,A0A1G4VTY0,A0A1B6KZL2,I3L4B2,6.817E-02,1
F6GFY9,A0A1G4VTY0,A0A1B6KZL2,O95476,6.817E-02,1
F6GFY9,A0A1G4VTY0,A0A1B8DXL6,A0A0S2Z583,7.492E-01,1
F6GFY9,A0A1G4VTY0,A0A1B8DXL6,Q8TC12,7.492E-01,2
F6GFY9,A0A1G4VTY0,A0A1I1FHQ2,F5GXY2,5.954E-02,3
F6GFY9,A0A1G4VTY0,A0A1I1FHQ2,F5GYU2,5.954E-02,1
F6GFY9,A0A1G4VTY0,A0A1I1FHQ2,F5GZ11,5.954E-02,1
F6GFY9,A0A1G4VTY0,A0A1J1GWM6,A6NHJ8,3.088E-01,1
F6GFY9,A0A1G4VTY0,A0A1J1GWM6,A6NMA8,3.088E-01,1
F6GFY9,A0A1G4VTY0,A0A1J1GWM6,A6NND8,3.088E-01,1
F6GFY9,A0A1G4VTY0,A0A1J1GWM6,O95825,3.088E-01,1
F6GFY9,A0A1G4VTY0,A0A1Q3E8F0,Q8IYQ7,2.251E-03,1
F6GFY9,A0A1G4VTY0,A0A1Q3E8F0,Q8N9J5,2.251E-03,1
F6GFY9,A0A1G4VTY0,A0A1R0WF22,A0A384N605,3.530E-04,1
F6GFY9,A0A1G4VTY0,A0A1R0WF22,Q5M7Z5,3.530E-04,1
F6GFY9,A0A1G4VTY0,A0A1R0WF22,Q9UBQ7,3.530E-04,1
F6GFY9,A0A1G4VTY0,A0A1R0WF22,U3KQ56,3.530E-04,2
F6GFY9,A0A1G4VTY0,A0A1T3CQJ7,E5RFV2,5.295E-02,1
F6GFY9,A0A1G4VTY0,A0A1T3CQJ7,E5RJG7,5.295E-02,3
F6GFY9,A0A1G4VTY0,A0A1T3CQJ7,E9PQ63,5.295E-02,1
F6GFY9,A0A1G4VTY0,A0A1T3CQJ7,Q7LDK6,5.295E-02,1
F6GFY9,A0A1G4VTY0,A0A1U8G4G9,A0A087WYX1,1.790E-01,1
F6GFY9,A0A1G4VTY0,A0A1U8G4G9,Q9H3L6,1.790E-01,1
F6GFY9,A0A1G4VTY0,A0A1V4ANC4,A0A140VJR3,3.635E-02,1
F6GFY9,A0A1G4VTY0,A0A1V4ANC4,P00558,3.635E-02,1
F6GFY9,A0A1G4VTY0,A0A1V4ANC4,P07205,3.635E-02,1
F6GFY9,A0A1G4VTY0,A0A1V4ANC4,V9HW85,3.635E-02,1
F6GFY9,A0A1G4VTY0,A0A1V4ANC4,V9HWF4,3.635E-02,1
F6GFY9,A0A1G4VTY0,A0A1X0QGM1,A0A3B3IS90,1.503E-01,1
F6GFY9,A0A1G4VTY0,A0A1X0QGM1,Q2TAA5,1.503E-01,1
F6GFY9,A0A1G4VTY0,A0A1Y3BTN6,A0A0J9YY83,1.946E-01,3
F6GFY9,A0A1G4VTY0,A0A1Z9J173,A0A024RBV2,1.753E-01,1
F6GFY9,A0A1G4VTY0,A0A1Z9J173,H0UIA1,1.753E-01,1
F6GFY9,A0A1G4VTY0,A0A1Z9J173,Q4G0E8,1.753E-01,1
F6GFY9,A0A1G4VTY0,A0A1Z9J173,Q68CU9,1.753E-01,1
F6GFY9,A0A1G4VTY0,A0A1Z9J173,Q6DKJ3,1.753E-01,1
F6GFY9,A0A1G4VTY0,A0A1Z9J173,Q86V21,1.753E-01,2
F6GFY9,A0A1G4VTY0,A0A1Z9J173,Q9NR19,1.753E-01,1
F6GFY9,A0A1G4VTY0,A0A287KZ89,Q59FQ4,1.551E-01,3
F6GFY9,A0A1G4VTY0,A0A287PSR5,C9K0F7,1.458E-01,1
F6GFY9,A0A1G4VTY0,A0A287RBI6,A0A3Q8B022,5.190E-02,1
F6GFY9,A0A1G4VTY0,A0A287RBI6,A0A3S6H7E9,5.190E-02,1
F6GFY9,A0A1G4VTY0,A0A287RBI6,A0A3S6H7G3,5.190E-02,1
F6GFY9,A0A1G4VTY0,A0A287RBI6,A0A3S6H7X4,5.190E-02,1
F6GFY9,A0A1G4VTY0,A0A287RBI6,A0A3S6H812,5.190E-02,1
F6GFY9,A0A1G4VTY0,A0A287RBI6,A0A3S6H942,5.190E-02,1
F6GFY9,A0A1G4VTY0,A0A287RBI6,Q99873,5.190E-02,1
F6GFY9,A0A1G4VTY0,A0A2D7AQS8,Q9H008,4.694E-02,2
F6GFY9,A0A1G4VTY0,A0A2D7AQS8,Q9H0R4,4.694E-02,1
F6GFY9,A0A1G4VTY0,A0A2D7AQS8,V9HW73,4.694E-02,1
F6GFY9,A0A1G4VTY0,A0A2E6X7I2,Q14894,1.315E-02,1
F6GFY9,A0A1G4VTY0,A0A2G2VQT9,B4E1R1,6.491E-02,2
F6GFY9,A0A1G4VTY0,A0A2G2VQT9,B7ZAL1,6.491E-02,1
F6GFY9,A0A1G4VTY0,A0A2G2VQT9,B7ZB36,6.491E-02,1
F6GFY9,A0A1G4VTY0,A0A2H6L5N8,C9JW33,2.831E-01,3
F6GFY9,A0A1G4VTY0,A0A2J6L1E2,A6NHQ2,6.409E-01,1
F6GFY9,A0A1G4VTY0,A0A2J6L1E2,P22087,6.409E-01,1
F6GFY9,A0A1G4VTY0,A0A2K8U605,B1ANE3,5.942E-02,1
F6GFY9,A0A1G4VTY0,A0A2K8U605,Q6MZH4,5.942E-02,1
F6GFY9,A0A1G4VTY0,A0A2N7PJT0,B4DHZ6,2.534E-01,1
F6GFY9,A0A1G4VTY0,A0A2R2MIH0,B3KT84,1.942E-01,2
F6GFY9,A0A1G4VTY0,A0A2R2MIH0,D6RCD0,1.942E-01,1
F6GFY9,A0A1G4VTY0,A0A2V0PJ31,A0A024R1I3,4.336E-01,1
F6GFY9,A0A1G4VTY0,A0A2V0PJ31,A6NDG6,4.336E-01,1
F6GFY9,A0A1G4VTY0,A0A2V0PJ31,Q96GD0,4.336E-01,1
F6GFY9,A0A1G4VTY0,A0A2Z5QRJ8,F5H552,9.345E-01,3
F6GFY9,A0A1G4VTY0,A0A358SJI2,A0A3Q8B4N0,9.919E-01,2
F6GFY9,A0A1G4VTY0,A0A358SJI2,A0A3Q8B9M1,9.919E-01,1
F6GFY9,A0A1G4VTY0,A0A358SJI2,A0A3S6H758,9.919E-01,1
F6GFY9,A0A1G4VTY0,A0A369XB15,H3BNB2,8.582E-01,1
F6GFY9,A0A1G4VTY0,A0A369XB15,H3BQ55,8.582E-01,1
F6GFY9,A0A1G4VTY0,A0A378GX66,C9JF79,5.076E-02,1
F6GFY9,A0A1G4VTY0,A0A395NL10,G8JLA1,3.485E-02,1
F6GFY9,A0A1G4VTY0,A0A399ZF79,O60701,7.802E-03,1
F6GFY9,A0A1G4VTY0,A0A3N5ZEY9,D6RA00,6.561E-02,1
F6GFY9,A0A1G4VTY0,A0A3Q2LRH6,A0A804HJD7,9.839E-03,2
F6GFY9,A0A1G4VTY0,A0A3Q2LRH6,E9KL48,9.839E-03,1
F6GFY9,A0A1G4VTY0,A0A3Q2LRH6,P00367,9.839E-03,1
F6GFY9,A0A1G4VTY0,A0A3Q2LRH6,Q53GW3,9.839E-03,1
F6GFY9,A0A1G4VTY0,A0A3Q2Q219,A0A6Q8PHB5,8.621E-02,1
F6GFY9,A0A1G4VTY0,A0A3Q2Q219,Q86YG4,8.621E-02,1
F6GFY9,A0A1G4VTY0,A0A401FTZ3,Q7Z508,2.177E-03,1
F6GFY9,A0A1G4VTY0,A0A401FTZ3,Q9UHY7,2.177E-03,1
F6GFY9,A0A1G4VTY0,A0A401P5Y1,J3KTQ8,4.407E-01,1
F6GFY9,A0A1G4VTY0,A0A401P5Y1,K7EM19,4.407E-01,1
F6GFY9,A0A1G4VTY0,A0A401P5Y1,K7ENX2,4.407E-01,1
F6GFY9,A0A1G4VTY0,A0A433PM45,A0A384NY14,3.015E-01,1
F6GFY9,A0A1G4VTY0,A0A433PM45,J3KS22,3.015E-01,1
F6GFY9,A0A1G4VTY0,A0A433PM45,J3QL34,3.015E-01,1
F6GFY9,A0A1G4VTY0,A0A453D4D1,Q6ZMM9,3.866E-04,1
F6GFY9,A0A1G4VTY0,A0A482STH2,A0A384MDK7,5.904E-02,1
F6GFY9,A0A1G4VTY0,A0A482STH2,F8W9F3,5.904E-02,1
F6GFY9,A0A1G4VTY0,A0A482STH2,P22061,5.904E-02,1
F6GFY9,A0A1G4VTY0,A0A482STH2,Q6PIM4,5.904E-02,1
F6GFY9,A0A1G4VTY0,A0A484X3B9,C9JH92,5.199E-01,1
F6GFY9,A0A1G4VTY0,A0A498MXD7,A0A087WVM4,4.297E-04,1
F6GFY9,A0A1G4VTY0,A0A498MXD7,B7ZM99,4.297E-04,1
F6GFY9,A0A1G4VTY0,A0A498MXD7,Q6UB35,4.297E-04,1
F6GFY9,A0A1G4VTY0,A0A4R4Y322,A0A024R0A8,6.981E-06,1
F6GFY9,A0A1G4VTY0,A0A4R4Y322,A0A384MTQ3,6.981E-06,1
F6GFY9,A0A1G4VTY0,A0A4R4Y322,O43865,6.981E-06,1
F6GFY9,A0A1G4VTY0,A0A4R4Y322,P23526,6.981E-06,1
F6GFY9,A0A1G4VTY0,A0A4R4Y322,Q6ZNS6,6.981E-06,1
F6GFY9,A0A1G4VTY0,A0A4R4Y322,Q96HN2,6.981E-06,1
F6GFY9,A0A1G4VTY0,A0A4R8PSC1,D6RH17,6.344E-02,1
F6GFY9,A0A1G4VTY0,A0A4W3JLQ3,B4DWB1,3.802E-01,1
F6GFY9,A0A1G4VTY0,A0A4W3JLQ3,O60678,3.802E-01,1
F6GFY9,A0A1G4VTY0,A0A4Y2QRV1,Q9H5Q4,9.337E-01,2
F6GFY9,A0A1G4VTY0,A0A510Y3N0,B7Z8J7,5.432E-01,1
F6GFY9,A0A1G4VTY0,A0A534B2J3,I3L325,5.899E-03,1
F6GFY9,A0A1G4VTY0,A0A553MV03,B7Z809,2.277E-03,1
F6GFY9,A0A1G4VTY0,A0A553MV03,F5H2F4,2.277E-03,1
F6GFY9,A0A1G4VTY0,A0A553MV03,P11586,2.277E-03,1
F6GFY9,A0A1G4VTY0,A0A553MV03,V9GYY3,2.277E-03,1
F6GFY9,A0A1G4VTY0,A0A553MV03,V9GZ78,2.277E-03,1
F6GFY9,A0A1G4VTY0,A0A5B0RXH8,B4DSF0,7.998E-01,2
F6GFY9,A0A1G4VTY0,A0A5B8U054,A0A0S2Z434,7.841E-01,1
F6GFY9,A0A1G4VTY0,A0A5B8U054,A0A804HHW5,7.841E-01,2
F6GFY9,A0A1G4VTY0,A0A5D6Y962,A0A2R8Y6V7,8.268E-03,1
F6GFY9,A0A1G4VTY0,A0A5D6Y962,B4DF30,8.268E-03,1
F6GFY9,A0A1G4VTY0,A0A5D6Y962,B7Z3I0,8.268E-03,2
F6GFY9,A0A1G4VTY0,A0A5D6Y962,B7ZM24,8.268E-03,1
F6GFY9,A0A1G4VTY0,A0A5D6Y962,G3XAL9,8.268E-03,1
F6GFY9,A0A1G4VTY0,A0A5D6Y962,H0YKQ8,8.268E-03,1
F6GFY9,A0A1G4VTY0,A0A5D6Y962,J3QSS1,8.268E-03,1
F6GFY9,A0A1G4VTY0,A0A5D6Y962,P55011,8.268E-03,1
F6GFY9,A0A1G4VTY0,A0A5D6Y962,P55017,8.268E-03,1
F6GFY9,A0A1G4VTY0,A0A5D6Y962,Q13621,8.268E-03,1
F6GFY9,A0A1G4VTY0,A0A5D6Y962,Q3ZCQ6,8.268E-03,1
F6GFY9,A0A1G4VTY0,A0A5D6Y962,Q53ZR1,8.268E-03,1
F6GFY9,A0A1G4VTY0,A0A660XX08,A8K8B1,1.237E-01,1
F6GFY9,A0A1G4VTY0,A0A660XX08,H7BXH9,1.237E-01,1
F6GFY9,A0A1G4VTY0,A0A660XX08,Q96AZ1,1.237E-01,1
F6GFY9,A0A1G4VTY0,A0A660XX08,Q9H867,1.237E-01,1
F6GFY9,A0A1G4VTY0,A0A661A5H2,B4DPM0,2.009E-01,2
F6GFY9,A0A1G4VTY0,A0A6A1VZZ0,A0A286YFB2,3.632E-01,1
F6GFY9,A0A1G4VTY0,A0A6G3V199,B4DHZ4,7.259E-01,2
F6GFY9,A0A1G4VTY0,A0A6G3V199,G3V3Y9,7.259E-01,3
F6GFY9,A0A1G4VTY0,A0A6G3V199,G3V508,7.259E-01,1
F6GFY9,A0A1G4VTY0,A0A6J0BNC2,A8K0B9,1.580E-01,1
F6GFY9,A0A1G4VTY0,A0A6J0BNC2,E5KTM5,1.580E-01,1
F6GFY9,A0A1G4VTY0,A0A6J0BNC2,Q8WVM0,1.580E-01,1
F6GFY9,A0A1G4VTY0,A0A6J1P7F7,E9PD69,7.013E-02,1
F6GFY9,A0A1G4VTY0,A0A6J1P7F7,Q9NZQ5,7.013E-02,1
F6GFY9,A0A1G4VTY0,A0A6J1RBJ5,A0A0S2Z3V7,9.256E-02,1
F6GFY9,A0A1G4VTY0,A0A6J1RBJ5,A0A0S2Z413,9.256E-02,1
F6GFY9,A0A1G4VTY0,A0A6L7ECE3,B7Z415,4.067E-02,1
F6GFY9,A0A1G4VTY0,A0A6L7ECE3,Q5H928,4.067E-02,2
F6GFY9,A0A1G4VTY0,A0A6V7NQ42,A0A219K684,2.682E-01,1
F6GFY9,A0A1G4VTY0,A0A6V7NQ42,J3QSE6,2.682E-01,1
F6GFY9,A0A1G4VTY0,A0A7C2TQ72,G3V2R9,1.499E-02,1
F6GFY9,A0A1G4VTY0,A0A7C8B6P1,A0A024RA81,8.083E-01,1
F6GFY9,A0A1G4VTY0,A0A7C8B6P1,A0A090N7U2,8.083E-01,2
F6GFY9,A0A1G4VTY0,A0A7C8B6P1,X6RM59,8.083E-01,1
F6GFY9,A0A1G4VTY0,A0A7D9I583,H7BXL3,5.607E-02,2
F6GFY9,A0A1G4VTY0,A0A7I8VN12,A0A411HBD8,7.632E-01,2
F6GFY9,A0A1G4VTY0,A0A7J7UFE0,F8W1I9,1.688E-01,1
F6GFY9,A0A1G4VTY0,A0A7R8RZK5,B4DP64,5.323E-01,1
F6GFY9,A0A1G4VTY0,A0A7R8RZK5,E5RGR0,5.323E-01,1
F6GFY9,A0A1G4VTY0,A0A7R9LK69,D3DNS0,4.304E-01,1
F6GFY9,A0A1G4VTY0,A0A7S1ERC1,Q1RMG2,1.546E-03,1
F6GFY9,A0A1G4VTY0,A0A7S2ZF55,A0A024R1Z6,1.394E-02,1
F6GFY9,A0A1G4VTY0,A0A7S2ZF55,A0A024RDE3,1.394E-02,1
F6GFY9,A0A1G4VTY0,A0A7S2ZF55,P00325,1.394E-02,1
F6GFY9,A0A1G4VTY0,A0A7S2ZF55,P07327,1.394E-02,1
F6GFY9,A0A1G4VTY0,A0A7S2ZF55,Q99536,1.394E-02,2
F6GFY9,A0A1G4VTY0,A0A7T5UQF5,A0A140VK14,8.297E-19,1
F6GFY9,A0A1G4VTY0,A0A7T5UQF5,A0A804HKE0,8.297E-19,1
F6GFY9,A0A1G4VTY0,A0A7T5UQF5,B3KT18,8.297E-19,1
F6GFY9,A0A1G4VTY0,A0A7T5UQF5,B4DMF5,8.297E-19,1
F6GFY9,A0A1G4VTY0,A0A7T5UQF5,B4DMG8,8.297E-19,1
F6GFY9,A0A1G4VTY0,A0A7T5UQF5,B4E0N9,8.297E-19,1
F6GFY9,A0A1G4VTY0,A0A7T5UQF5,P49448,8.297E-19,1
F6GFY9,A0A1G4VTY0,A0A7V1Z5L4,A0A087WVD4,2.345E-01,1
F6GFY9,A0A1G4VTY0,A0A7V1Z5L4,Q9HBK9,2.345E-01,2
F6GFY9,A0A1G4VTY0,A0A7V4D0H4,A0A7I2YQD4,2.577E-01,3
F6GFY9,A0A1G4VTY0,A0A7Y0RNQ1,K7EMA4,6.730E-01,1
F6GFY9,A0A1G4VTY0,A0A7Y9L075,J3KMW5,5.471E-01,1
F6GFY9,A0A1G4VTY0,A0A7Z8Z9X2,Q8N7L2,5.166E-01,1
F6GFY9,A0A1G4VTY0,A0A7Z8Z9X2,Q96NX2,5.166E-01,3
F6GFY9,A0A1G4VTY0,A0A804HKS7,A0A804HKS7,4.030E-01,2
F6GFY9,A0A1G4VTY0,A0A810NQM1,Q8IXQ9,3.387E-02,1
F6GFY9,A0A1G4VTY0,A0A811QFM8,A0A0J9YXZ6,4.492E-01,1
F6GFY9,A0A1G4VTY0,A0A811QFM8,G3V0I9,4.492E-01,1
F6GFY9,A0A1G4VTY0,A0A811V8I9,A0A2R8YDT8,4.454E-01,1
F6GFY9,A0A1G4VTY0,A0A811V8I9,A0A2R8YF45,4.454E-01,1
F6GFY9,A0A1G4VTY0,A0A811V8I9,J3KRZ4,4.454E-01,1
F6GFY9,A0A1G4VTY0,A0A820DDN5,J3QKT1,1.513E-01,1
F6GFY9,A0A1G4VTY0,A0A834T8L7,A0AVT1,7.363E-01,1
F6GFY9,A0A1G4VTY0,A0A834T8L7,A1LT96,7.363E-01,1
F6GFY9,A0A1G4VTY0,A0A834T8L7,P41226,7.363E-01,2
F6GFY9,A0A1G4VTY0,A0A835L5T6,A6NP24,1.149E-01,1
F6GFY9,A0A1G4VTY0,A0A835M6Q3,A0A0C4DGY0,1.892E-01,2
F6GFY9,A0A1G4VTY0,A0A835M6Q3,D6W5A4,1.892E-01,1
F6GFY9,A0A1G4VTY0,A0A850AKG2,B2RAR3,4.951E-01,1
F6GFY9,A0A1G4VTY0,A0A850AKG2,Q9BXR0,4.951E-01,1
F6GFY9,A0A1G4VTY0,A6FPG2,X5D7T7,4.195E-02,1
F6GFY9,A0A1G4VTY0,B5Y3N3,B2R7W0,1.066E-04,1
F6GFY9,A0A1G4VTY0,B5Y3N3,P13995,1.066E-04,1
F6GFY9,A0A1G4VTY0,B5Y3N3,Q9H903,1.066E-04,1
F6GFY9,A0A1G4VTY0,D7G035,M0QX65,1.789E-01,1
F6GFY9,A0A1G4VTY0,F0Y1T0,Q96LA8,1.863E-01,2
F6GFY9,A0A1G4VTY0,F4XBX1,O75828,2.249E-01,1
F6GFY9,A0A1G4VTY0,F4XBX1,Q53F60,2.249E-01,1
F6GFY9,A0A1G4VTY0,F4XBX1,V9HW40,2.249E-01,1
F6GFY9,A0A1G4VTY0,G0EDQ2,A0A024R6Q2,8.083E-01,1
F6GFY9,A0A1G4VTY0,G0EDQ2,B4DLD4,8.083E-01,1
F6GFY9,A0A1G4VTY0,G0EDQ2,M0R2Q4,8.083E-01,1
F6GFY9,A0A1G4VTY0,G0EDQ2,Q96BS4,8.083E-01,3
F6GFY9,A0A1G4VTY0,G0EDQ2,Q96FX7,8.083E-01,1
F6GFY9,A0A1G4VTY0,G0SBC3,A0A286YFL2,1.307E-02,1
F6GFY9,A0A1G4VTY0,G4U377,A0A3Q8AM27,7.403E-02,2
F6GFY9,A0A1G4VTY0,G4U377,E9PKG1,7.403E-02,1
F6GFY9,A0A1G4VTY0,G4U377,Q5U8W9,7.403E-02,2
F6GFY9,A0A1G4VTY0,G4U377,Q9NR22,7.403E-02,1
F6GFY9,A0A1G4VTY0,I0Z4G2,B2RD09,4.817E-01,1
F6GFY9,A0A1G4VTY0,I0Z4G2,Q96P11,4.817E-01,2
F6GFY9,A0A1G4VTY0,I7M7A8,A0A024R7X6,7.649E-01,1
F6GFY9,A0A1G4VTY0,I7M7A8,A0A0S2Z3U6,7.649E-01,1
F6GFY9,A0A1G4VTY0,I7M7A8,A0A1S5UZ00,7.649E-01,1
F6GFY9,A0A1G4VTY0,I7M7A8,A0A3B3ITT4,7.649E-01,1
F6GFY9,A0A1G4VTY0,I7M7A8,B3KQJ0,7.649E-01,1
F6GFY9,A0A1G4VTY0,I7M7A8,B4DWS6,7.649E-01,1
F6GFY9,A0A1G4VTY0,I7M7A8,D3DR22,7.649E-01,1
F6GFY9,A0A1G4VTY0,I7M7A8,P37058,7.649E-01,2
F6GFY9,A0A1G4VTY0,I7M7A8,P37059,7.649E-01,1
F6GFY9,A0A1G4VTY0,I7M7A8,Q53GD0,7.649E-01,1
F6GFY9,A0A1G4VTY0,I7M7A8,Q6FH62,7.649E-01,1
F6GFY9,A0A1G4VTY0,I7M7A8,Q8IZV5,7.649E-01,1
F6GFY9,A0A1G4VTY0,I7M7A8,Q8N5I4,7.649E-01,2
F6GFY9,A0A1G4VTY0,K0ERX8,A0A087WXI8,2.690E-01,1
F6GFY9,A0A1G4VTY0,K0ERX8,D5KJA1,2.690E-01,1
F6GFY9,A0A1G4VTY0,K0ERX8,P0CG22,2.690E-01,1
F6GFY9,A0A1G4VTY0,K0ERX8,Q6PKH6,2.690E-01,1
F6GFY9,A0A1G4VTY0,K0ERX8,Q9BTZ2,2.690E-01,1
F6GFY9,A0A1G4VTY0,K2FYE6,A0A024RDE0,2.230E-03,1
F6GFY9,A0A1G4VTY0,K2FYE6,A0A7I2V2U6,2.230E-03,1
F6GFY9,A0A1G4VTY0,K7F2N1,E7EMN2,2.683E-01,1
F6GFY9,A0A1G4VTY0,K7HC77,A0A494C005,9.109E-02,1
F6GFY9,A0A1G4VTY0,K7HC77,A0A494C0A5,9.109E-02,1
F6GFY9,A0A1G4VTY0,K7HC77,A0A494C1I9,9.109E-02,1
F6GFY9,A0A1G4VTY0,L9P9P5,A8K337,6.709E-01,1
F6GFY9,A0A1G4VTY0,L9P9P5,B4DY64,6.709E-01,1
F6GFY9,A0A1G4VTY0,L9P9P5,Q86VU5,6.709E-01,1
F6GFY9,A0A1G4VTY0,M0QIV7,Q53GQ0,3.802E-01,1
F6GFY9,A0A1G4VTY0,P07259,P27708,1.510E-04,1
F6GFY9,A0A1G4VTY0,S9V9A5,B4DQY3,9.998E-01,1
F6GFY9,A0A1G4VTY0,T1JUW1,A0A6Q8JGF9,5.707E-01,1
F6GFY9,A0A1G4VTY0,T1JUW1,I3L1H5,5.707E-01,1
F6GFY9,A0A1G4VTY0,T1JUW1,Q9BZG8,5.707E-01,1
F6GFY9,A0A1G4VTY0,V4UF40,A0A3B3ITK4,1.145E-01,3
F6GFY9,A0A1G4VTY0,V5ETK0,A0A024RDF8,1.975E-02,1
F6GFY9,A0A1G4VTY0,V5ETK0,A0A0C4DG85,1.975E-02,1
F6GFY9,A0A1G4VTY0,V5ETK0,A0A0D9SFB5,1.975E-02,1
F6GFY9,A0A1G4VTY0,V5ETK0,D6RHZ6,1.975E-02,2
F6GFY9,A0A1G4VTY0,V5ETK0,F5HB16,1.975E-02,1
F6GFY9,A0A1G4VTY0,V5ETK0,P00326,1.975E-02,1
F6GFY9,A0A1G4VTY0,V5ETK0,P08319,1.975E-02,2
F6GFY9,A0A1G4VTY0,V5ETK0,P11766,1.975E-02,1
F6GFY9,A0A1G4VTY0,V5ETK0,P28332,1.975E-02,1
F6GFY9,A0A1G4VTY0,V5ETK0,P40394,1.975E-02,1
F6GFY9,A0A1G4VTY0,V5ETK0,Q2VIM7,1.975E-02,1
F6GFY9,A0A1G4VTY0,V5ETK0,Q5U043,1.975E-02,1
F6GFY9,A0A1G4VTY0,V5ETK0,Q6FI45,1.975E-02,1
F6GFY9,A0A1G4VTY0,V5ETK0,Q6IRT1,1.975E-02,1
F6GFY9,A0A1G4VTY0,V5ETK0,Q8IUN7,1.975E-02,1
F6GFY9,A0A1G4VTY0,V5ETK0,V9HVX7,1.975E-02,1
F6GFY9,A0A1G4VTY0,V5ETK0,V9HW50,1.975E-02,1
F6GFY9,A0A1G4VTY0,W5P0T0,A0A6Q8PGK3,1.192E-01,1
F6GFY9,A0A1G4VTY0,W5P0T0,A0A7P0TAJ0,1.192E-01,1
F6GFY9,A0A1G4VTY0,W5P0T0,B7ZLW8,1.192E-01,1
F6GFY9,A0A1G4VTY0,W5P0T0,Q99707,1.192E-01,1
F6GFY9,A0A1G4VTY0,W9J3E3,A0A0S2Z575,2.996E-01,1
F6GFY9,A0A1G4VTY0,W9J3E3,A8K6B4,2.996E-01,2
F6GFY9,A0A1G4VTY0,W9J3E3,B3KVA3,2.996E-01,1
F6GFY9,A0A1G4VTY0,W9J3E3,B4DF79,2.996E-01,1
F6GFY9,A0A1G4VTY0,W9J3E3,Q5MGS6,2.996E-01,1
F6GFY9,A0A1G4VTY0,W9J3E3,Q9NRW5,2.996E-01,1
F6GFY9,A0A1G4VTY0,X8F0M0,A8MTM1,8.314E-01,1
I7LJ27,A0A2E7NAI8,A0A0C2ICF2,B4DW16,2.914E-06,2
I7LJ27,A0A2E7NAI8,A0A0F9SLM6,J3QKL0,5.141E-02,1
I7LJ27,A0A2E7NAI8,A0A0F9SLM6,Q8WVB3,5.141E-02,1
I7LJ27,A0A2E7NAI8,A0A0L1L0F1,A0A087WUV9,1.706E-05,1
I7LJ27,A0A2E7NAI8,A0A0L1L0F1,Q6NUM6,1.706E-05,1
I7LJ27,A0A2E7NAI8,A0A0L1L0F1,Q9NV66,1.706E-05,1
I7LJ27,A0A2E7NAI8,A0A0S7FLG1,B7Z282,3.192E-01,1
I7LJ27,A0A2E7NAI8,A0A183C974,O60502,1.993E-01,2
I7LJ27,A0A2E7NAI8,A0A1I7RVN4,A8K6I4,4.040E-01,1
I7LJ27,A0A2E7NAI8,A0A1I7RVN4,B4E3M6,4.040E-01,1
I7LJ27,A0A2E7NAI8,A0A1I7RVN4,P42285,4.040E-01,1
I7LJ27,A0A2E7NAI8,A0A2E7NAI8,A0A7P0TA11,7.102E-63,1
I7LJ27,A0A2E7NAI8,A0A2E7NAI8,B4DT76,7.102E-63,1
I7LJ27,A0A2E7NAI8,A0A2L0SXM4,B1AK13,1.399E-01,1
I7LJ27,A0A2E7NAI8,A0A2L0SXM4,Q8TB92,1.399E-01,1
I7LJ27,A0A2E7NAI8,A0A2M7UQ97,Q9H9T3,7.321E-02,2
I7LJ27,A0A2E7NAI8,A0A2S4VGH7,H7C3X0,2.536E-02,1
I7LJ27,A0A2E7NAI8,A0A2T0VWC6,B5LY64,1.106E-01,1
I7LJ27,A0A2E7NAI8,A0A2T0VWC6,B5LY70,1.106E-01,2
I7LJ27,A0A2E7NAI8,A0A2V8H346,B2RBQ0,7.724E-01,1
I7LJ27,A0A2E7NAI8,A0A2V8H346,B3KSN9,7.724E-01,1
I7LJ27,A0A2E7NAI8,A0A3C1LRD4,A0A024RAJ6,6.790E-02,1
I7LJ27,A0A2E7NAI8,A0A3C1LRD4,P07686,6.790E-02,1
I7LJ27,A0A2E7NAI8,A0A3C1LRD4,Q5URX0,6.790E-02,1
I7LJ27,A0A2E7NAI8,A0A446N3T8,P60174,2.378E-01,1
I7LJ27,A0A2E7NAI8,A0A446N3T8,V9HWK1,2.378E-01,1
I7LJ27,A0A2E7NAI8,A0A478FQ18,B4DUI5,5.114E-01,1
I7LJ27,A0A2E7NAI8,A0A4R1HK89,A0A024QZ64,2.242E-01,1
I7LJ27,A0A2E7NAI8,A0A4R1HK89,A0A024R145,2.242E-01,1
I7LJ27,A0A2E7NAI8,A0A4R1HK89,A0A087WXX2,2.242E-01,1
I7LJ27,A0A2E7NAI8,A0A4R1HK89,A0A3B3IS80,2.242E-01,1
I7LJ27,A0A2E7NAI8,A0A4R1HK89,A8K430,2.242E-01,1
I7LJ27,A0A2E7NAI8,A0A4R1HK89,A8MVZ9,2.242E-01,1
I7LJ27,A0A2E7NAI8,A0A4R1HK89,B7Z1N6,2.242E-01,1
I7LJ27,A0A2E7NAI8,A0A4R1HK89,B7Z1Y2,2.242E-01,1
I7LJ27,A0A2E7NAI8,A0A4R1HK89,B7Z3K9,2.242E-01,1
I7LJ27,A0A2E7NAI8,A0A4R1HK89,H3BQN4,2.242E-01,1
I7LJ27,A0A2E7NAI8,A0A4R1HK89,J3KPS3,2.242E-01,1
I7LJ27,A0A2E7NAI8,A0A4R1HK89,P04075,2.242E-01,1
I7LJ27,A0A2E7NAI8,A0A4R1HK89,P05062,2.242E-01,1
I7LJ27,A0A2E7NAI8,A0A4R1HK89,P09972,2.242E-01,1
I7LJ27,A0A2E7NAI8,A0A4R1HK89,Q8NHT3,2.242E-01,1
I7LJ27,A0A2E7NAI8,A0A4R1HK89,V9HWN7,2.242E-01,1
I7LJ27,A0A2E7NAI8,A0A4Y8X1W0,A0A182DWF3,5.114E-01,1
I7LJ27,A0A2E7NAI8,A0A4Y8X1W0,A0A182DWI3,5.114E-01,1
I7LJ27,A0A2E7NAI8,A0A4Y8X1W0,A0A6Q8PFE1,5.114E-01,1
I7LJ27,A0A2E7NAI8,A0A4Y8X1W0,B2R5P6,5.114E-01,1
I7LJ27,A0A2E7NAI8,A0A4Y8X1W0,E2QRB9,5.114E-01,1
I7LJ27,A0A2E7NAI8,A0A4Y8X1W0,E9PIR7,5.114E-01,1
I7LJ27,A0A2E7NAI8,A0A4Y8X1W0,F8W809,5.114E-01,1
I7LJ27,A0A2E7NAI8,A0A6J7IYI8,A0A024R9W0,3.209E-02,1
I7LJ27,A0A2E7NAI8,A0A6J7IYI8,O43766,3.209E-02,1
I7LJ27,A0A2E7NAI8,A0A7C4XGU2,A0A1W2PRE7,1.688E-03,1
I7LJ27,A0A2E7NAI8,A0A7J2YIT3,Q9NTM9,7.765E-02,1
I7LJ27,A0A2E7NAI8,A0A7S1XQM9,A0A087WWV6,1.129E-05,1
I7LJ27,A0A2E7NAI8,A0A811SNG6,P35914,2.378E-01,1
I7LJ27,A0A2E7NAI8,A0A813B473,B3KNL8,4.040E-01,1
I7LJ27,A0A2E7NAI8,A0A840UYP1,A0A024RD17,3.348E-10,1
I7LJ27,A0A2E7NAI8,A0A850AKG2,B2RAR3,9.776E-01,1
I7LJ27,A0A2E7NAI8,A0A850AKG2,Q9BXR0,9.776E-01,1
L0L185,A0A2E7NAI8,A0A0C2ICF2,B4DW16,2.914E-06,2
L0L185,A0A2E7NAI8,A0A0F9SLM6,J3QKL0,5.141E-02,1
L0L185,A0A2E7NAI8,A0A0F9SLM6,Q8WVB3,5.141E-02,1
L0L185,A0A2E7NAI8,A0A0L1L0F1,A0A087WUV9,1.706E-05,1
L0L185,A0A2E7NAI8,A0A0L1L0F1,Q6NUM6,1.706E-05,1
L0L185,A0A2E7NAI8,A0A0L1L0F1,Q9NV66,1.706E-05,1
L0L185,A0A2E7NAI8,A0A0S7FLG1,B7Z282,3.192E-01,1
L0L185,A0A2E7NAI8,A0A183C974,O60502,1.993E-01,2
L0L185,A0A2E7NAI8,A0A1I7RVN4,A8K6I4,4.040E-01,1
L0L185,A0A2E7NAI8,A0A1I7RVN4,B4E3M6,4.040E-01,1
L0L185,A0A2E7NAI8,A0A1I7RVN4,P42285,4.040E-01,1
L0L185,A0A2E7NAI8,A0A2E7NAI8,A0A7P0TA11,7.102E-63,1
L0L185,A0A2E7NAI8,A0A2E7NAI8,B4DT76,7.102E-63,1
L0L185,A0A2E7NAI8,A0A2L0SXM4,B1AK13,1.399E-01,1
L0L185,A0A2E7NAI8,A0A2L0SXM4,Q8TB92,1.399E-01,1
L0L185,A0A2E7NAI8,A0A2M7UQ97,Q9H9T3,7.321E-02,2
L0L185,A0A2E7NAI8,A0A2S4VGH7,H7C3X0,2.536E-02,1
L0L185,A0A2E7NAI8,A0A2T0VWC6,B5LY64,1.106E-01,1
L0L185,A0A2E7NAI8,A0A2T0VWC6,B5LY70,1.106E-01,2
L0L185,A0A2E7NAI8,A0A2V8H346,B2RBQ0,7.724E-01,1
L0L185,A0A2E7NAI8,A0A2V8H346,B3KSN9,7.724E-01,1
L0L185,A0A2E7NAI8,A0A3C1LRD4,A0A024RAJ6,6.790E-02,1
L0L185,A0A2E7NAI8,A0A3C1LRD4,P07686,6.790E-02,1
L0L185,A0A2E7NAI8,A0A3C1LRD4,Q5URX0,6.790E-02,1
L0L185,A0A2E7NAI8,A0A446N3T8,P60174,2.378E-01,1
L0L185,A0A2E7NAI8,A0A446N3T8,V9HWK1,2.378E-01,1
L0L185,A0A2E7NAI8,A0A478FQ18,B4DUI5,5.114E-01,1
L0L185,A0A2E7NAI8,A0A4R1HK89,A0A024QZ64,2.242E-01,1
L0L185,A0A2E7NAI8,A0A4R1HK89,A0A024R145,2.242E-01,1
L0L185,A0A2E7NAI8,A0A4R1HK89,A0A087WXX2,2.242E-01,1
L0L185,A0A2E7NAI8,A0A4R1HK89,A0A3B3IS80,2.242E-01,1
L0L185,A0A2E7NAI8,A0A4R1HK89,A8K430,2.242E-01,1
L0L185,A0A2E7NAI8,A0A4R1HK89,A8MVZ9,2.242E-01,1
L0L185,A0A2E7NAI8,A0A4R1HK89,B7Z1N6,2.242E-01,1
L0L185,A0A2E7NAI8,A0A4R1HK89,B7Z1Y2,2.242E-01,1
L0L185,A0A2E7NAI8,A0A4R1HK89,B7Z3K9,2.242E-01,1
L0L185,A0A2E7NAI8,A0A4R1HK89,H3BQN4,2.242E-01,1
L0L185,A0A2E7NAI8,A0A4R1HK89,J3KPS3,2.242E-01,1
L0L185,A0A2E7NAI8,A0A4R1HK89,P04075,2.242E-01,1
L0L185,A0A2E7NAI8,A0A4R1HK89,P05062,2.242E-01,1
L0L185,A0A2E7NAI8,A0A4R1HK89,P09972,2.242E-01,1
L0L185,A0A2E7NAI8,A0A4R1HK89,Q8NHT3,2.242E-01,1
L0L185,A0A2E7NAI8,A0A4R1HK89,V9HWN7,2.242E-01,1
L0L185,A0A2E7NAI8,A0A4Y8X1W0,A0A182DWF3,5.114E-01,1
L0L185,A0A2E7NAI8,A0A4Y8X1W0,A0A182DWI3,5.114E-01,1
L0L185,A0A2E7NAI8,A0A4Y8X1W0,A0A6Q8PFE1,5.114E-01,1
L0L185,A0A2E7NAI8,A0A4Y8X1W0,B2R5P6,5.114E-01,1
L0L185,A0A2E7NAI8,A0A4Y8X1W0,E2QRB9,5.114E-01,1
L0L185,A0A2E7NAI8,A0A4Y8X1W0,E9PIR7,5.114E-01,1
L0L185,A0A2E7NAI8,A0A4Y8X1W0,F8W809,5.114E-01,1
L0L185,A0A2E7NAI8,A0A6J7IYI8,A0A024R9W0,3.209E-02,1
L0L185,A0A2E7NAI8,A0A6J7IYI8,O43766,3.209E-02,1
L0L185,A0A2E7NAI8,A0A7C4XGU2,A0A1W2PRE7,1.688E-03,1
L0L185,A0A2E7NAI8,A0A7J2YIT3,Q9NTM9,7.765E-02,1
L0L185,A0A2E7NAI8,A0A7S1XQM9,A0A087WWV6,1.129E-05,1
L0L185,A0A2E7NAI8,A0A811SNG6,P35914,2.378E-01,1
L0L185,A0A2E7NAI8,A0A813B473,B3KNL8,4.040E-01,1
L0L185,A0A2E7NAI8,A0A840UYP1,A0A024RD17,3.348E-10,1
L0L185,A0A2E7NAI8,A0A850AKG2,B2RAR3,9.776E-01,1
L0L185,A0A2E7NAI8,A0A850AKG2,Q9BXR0,9.776E-01,1
M9SLJ0,A0A2E7NAI8,A0A0C2ICF2,B4DW16,2.914E-06,2
M9SLJ0,A0A2E7NAI8,A0A0F9SLM6,J3QKL0,5.141E-02,1
M9SLJ0,A0A2E7NAI8,A0A0F9SLM6,Q8WVB3,5.141E-02,1
M9SLJ0,A0A2E7NAI8,A0A0L1L0F1,A0A087WUV9,1.706E-05,1
M9SLJ0,A0A2E7NAI8,A0A0L1L0F1,Q6NUM6,1.706E-05,1
M9SLJ0,A0A2E7NAI8,A0A0L1L0F1,Q9NV66,1.706E-05,1
M9SLJ0,A0A2E7NAI8,A0A0S7FLG1,B7Z282,3.192E-01,1
M9SLJ0,A0A2E7NAI8,A0A183C974,O60502,1.993E-01,2
M9SLJ0,A0A2E7NAI8,A0A1I7RVN4,A8K6I4,4.040E-01,1
M9SLJ0,A0A2E7NAI8,A0A1I7RVN4,B4E3M6,4.040E-01,1
M9SLJ0,A0A2E7NAI8,A0A1I7RVN4,P42285,4.040E-01,1
M9SLJ0,A0A2E7NAI8,A0A2E7NAI8,A0A7P0TA11,7.102E-63,1
M9SLJ0,A0A2E7NAI8,A0A2E7NAI8,B4DT76,7.102E-63,1
M9SLJ0,A0A2E7NAI8,A0A2L0SXM4,B1AK13,1.399E-01,1
M9SLJ0,A0A2E7NAI8,A0A2L0SXM4,Q8TB92,1.399E-01,1
M9SLJ0,A0A2E7NAI8,A0A2M7UQ97,Q9H9T3,7.321E-02,2
M9SLJ0,A0A2E7NAI8,A0A2S4VGH7,H7C3X0,2.536E-02,1
M9SLJ0,A0A2E7NAI8,A0A2T0VWC6,B5LY64,1.106E-01,1
M9SLJ0,A0A2E7NAI8,A0A2T0VWC6,B5LY70,1.106E-01,2
M9SLJ0,A0A2E7NAI8,A0A2V8H346,B2RBQ0,7.724E-01,1
M9SLJ0,A0A2E7NAI8,A0A2V8H346,B3KSN9,7.724E-01,1
M9SLJ0,A0A2E7NAI8,A0A3C1LRD4,A0A024RAJ6,6.790E-02,1
M9SLJ0,A0A2E7NAI8,A0A3C1LRD4,P07686,6.790E-02,1
M9SLJ0,A0A2E7NAI8,A0A3C1LRD4,Q5URX0,6.790E-02,1
M9SLJ0,A0A2E7NAI8,A0A446N3T8,P60174,2.378E-01,1
M9SLJ0,A0A2E7NAI8,A0A446N3T8,V9HWK1,2.378E-01,1
M9SLJ0,A0A2E7NAI8,A0A478FQ18,B4DUI5,5.114E-01,1
M9SLJ0,A0A2E7NAI8,A0A4R1HK89,A0A024QZ64,2.242E-01,1
M9SLJ0,A0A2E7NAI8,A0A4R1HK89,A0A024R145,2.242E-01,1
M9SLJ0,A0A2E7NAI8,A0A4R1HK89,A0A087WXX2,2.242E-01,1
M9SLJ0,A0A2E7NAI8,A0A4R1HK89,A0A3B3IS80,2.242E-01,1
M9SLJ0,A0A2E7NAI8,A0A4R1HK89,A8K430,2.242E-01,1
M9SLJ0,A0A2E7NAI8,A0A4R1HK89,A8MVZ9,2.242E-01,1
M9SLJ0,A0A2E7NAI8,A0A4R1HK89,B7Z1N6,2.242E-01,1
M9SLJ0,A0A2E7NAI8,A0A4R1HK89,B7Z1Y2,2.242E-01,1
M9SLJ0,A0A2E7NAI8,A0A4R1HK89,B7Z3K9,2.242E-01,1
M9SLJ0,A0A2E7NAI8,A0A4R1HK89,H3BQN4,2.242E-01,1
M9SLJ0,A0A2E7NAI8,A0A4R1HK89,J3KPS3,2.242E-01,1
M9SLJ0,A0A2E7NAI8,A0A4R1HK89,P04075,2.242E-01,1
M9SLJ0,A0A2E7NAI8,A0A4R1HK89,P05062,2.242E-01,1
M9SLJ0,A0A2E7NAI8,A0A4R1HK89,P09972,2.242E-01,1
M9SLJ0,A0A2E7NAI8,A0A4R1HK89,Q8NHT3,2.242E-01,1
M9SLJ0,A0A2E7NAI8,A0A4R1HK89,V9HWN7,2.242E-01,1
M9SLJ0,A0A2E7NAI8,A0A4Y8X1W0,A0A182DWF3,5.114E-01,1
M9SLJ0,A0A2E7NAI8,A0A4Y8X1W0,A0A182DWI3,5.114E-01,1
M9SLJ0,A0A2E7NAI8,A0A4Y8X1W0,A0A6Q8PFE1,5.114E-01,1
M9SLJ0,A0A2E7NAI8,A0A4Y8X1W0,B2R5P6,5.114E-01,1
M9SLJ0,A0A2E7NAI8,A0A4Y8X1W0,E2QRB9,5.114E-01,1
M9SLJ0,A0A2E7NAI8,A0A4Y8X1W0,E9PIR7,5.114E-01,1
M9SLJ0,A0A2E7NAI8,A0A4Y8X1W0,F8W809,5.114E-01,1
M9SLJ0,A0A2E7NAI8,A0A6J7IYI8,A0A024R9W0,3.209E-02,1
M9SLJ0,A0A2E7NAI8,A0A6J7IYI8,O43766,3.209E-02,1
M9SLJ0,A0A2E7NAI8,A0A7C4XGU2,A0A1W2PRE7,1.688E-03,1
M9SLJ0,A0A2E7NAI8,A0A7J2YIT3,Q9NTM9,7.765E-02,1
M9SLJ0,A0A2E7NAI8,A0A7S1XQM9,A0A087WWV6,1.129E-05,1
M9SLJ0,A0A2E7NAI8,A0A811SNG6,P35914,2.378E-01,1
M9SLJ0,A0A2E7NAI8,A0A813B473,B3KNL8,4.040E-01,1
M9SLJ0,A0A2E7NAI8,A0A840UYP1,A0A024RD17,3.348E-10,1
M9SLJ0,A0A2E7NAI8,A0A850AKG2,B2RAR3,9.776E-01,1
M9SLJ0,A0A2E7NAI8,A0A850AKG2,Q9BXR0,9.776E-01,1
Q3A0F3,A0A2E7NAI8,A0A0C2ICF2,B4DW16,2.914E-06,2
Q3A0F3,A0A2E7NAI8,A0A0F9SLM6,J3QKL0,5.141E-02,1
Q3A0F3,A0A2E7NAI8,A0A0F9SLM6,Q8WVB3,5.141E-02,1
Q3A0F3,A0A2E7NAI8,A0A0L1L0F1,A0A087WUV9,1.706E-05,1
Q3A0F3,A0A2E7NAI8,A0A0L1L0F1,Q6NUM6,1.706E-05,1
Q3A0F3,A0A2E7NAI8,A0A0L1L0F1,Q9NV66,1.706E-05,1
Q3A0F3,A0A2E7NAI8,A0A0S7FLG1,B7Z282,3.192E-01,1
Q3A0F3,A0A2E7NAI8,A0A183C974,O60502,1.993E-01,2
Q3A0F3,A0A2E7NAI8,A0A1I7RVN4,A8K6I4,4.040E-01,1
Q3A0F3,A0A2E7NAI8,A0A1I7RVN4,B4E3M6,4.040E-01,1
Q3A0F3,A0A2E7NAI8,A0A1I7RVN4,P42285,4.040E-01,1
Q3A0F3,A0A2E7NAI8,A0A2E7NAI8,A0A7P0TA11,7.102E-63,1
Q3A0F3,A0A2E7NAI8,A0A2E7NAI8,B4DT76,7.102E-63,1
Q3A0F3,A0A2E7NAI8,A0A2L0SXM4,B1AK13,1.399E-01,1
Q3A0F3,A0A2E7NAI8,A0A2L0SXM4,Q8TB92,1.399E-01,1
Q3A0F3,A0A2E7NAI8,A0A2M7UQ97,Q9H9T3,7.321E-02,2
Q3A0F3,A0A2E7NAI8,A0A2S4VGH7,H7C3X0,2.536E-02,1
Q3A0F3,A0A2E7NAI8,A0A2T0VWC6,B5LY64,1.106E-01,1
Q3A0F3,A0A2E7NAI8,A0A2T0VWC6,B5LY70,1.106E-01,2
Q3A0F3,A0A2E7NAI8,A0A2V8H346,B2RBQ0,7.724E-01,1
Q3A0F3,A0A2E7NAI8,A0A2V8H346,B3KSN9,7.724E-01,1
Q3A0F3,A0A2E7NAI8,A0A3C1LRD4,A0A024RAJ6,6.790E-02,1
Q3A0F3,A0A2E7NAI8,A0A3C1LRD4,P07686,6.790E-02,1
Q3A0F3,A0A2E7NAI8,A0A3C1LRD4,Q5URX0,6.790E-02,1
Q3A0F3,A0A2E7NAI8,A0A446N3T8,P60174,2.378E-01,1
Q3A0F3,A0A2E7NAI8,A0A446N3T8,V9HWK1,2.378E-01,1
Q3A0F3,A0A2E7NAI8,A0A478FQ18,B4DUI5,5.114E-01,1
Q3A0F3,A0A2E7NAI8,A0A4R1HK89,A0A024QZ64,2.242E-01,1
Q3A0F3,A0A2E7NAI8,A0A4R1HK89,A0A024R145,2.242E-01,1
Q3A0F3,A0A2E7NAI8,A0A4R1HK89,A0A087WXX2,2.242E-01,1
Q3A0F3,A0A2E7NAI8,A0A4R1HK89,A0A3B3IS80,2.242E-01,1
Q3A0F3,A0A2E7NAI8,A0A4R1HK89,A8K430,2.242E-01,1
Q3A0F3,A0A2E7NAI8,A0A4R1HK89,A8MVZ9,2.242E-01,1
Q3A0F3,A0A2E7NAI8,A0A4R1HK89,B7Z1N6,2.242E-01,1
Q3A0F3,A0A2E7NAI8,A0A4R1HK89,B7Z1Y2,2.242E-01,1
Q3A0F3,A0A2E7NAI8,A0A4R1HK89,B7Z3K9,2.242E-01,1
Q3A0F3,A0A2E7NAI8,A0A4R1HK89,H3BQN4,2.242E-01,1
Q3A0F3,A0A2E7NAI8,A0A4R1HK89,J3KPS3,2.242E-01,1
Q3A0F3,A0A2E7NAI8,A0A4R1HK89,P04075,2.242E-01,1
Q3A0F3,A0A2E7NAI8,A0A4R1HK89,P05062,2.242E-01,1
Q3A0F3,A0A2E7NAI8,A0A4R1HK89,P09972,2.242E-01,1
Q3A0F3,A0A2E7NAI8,A0A4R1HK89,Q8NHT3,2.242E-01,1
Q3A0F3,A0A2E7NAI8,A0A4R1HK89,V9HWN7,2.242E-01,1
Q3A0F3,A0A2E7NAI8,A0A4Y8X1W0,A0A182DWF3,5.114E-01,1
Q3A0F3,A0A2E7NAI8,A0A4Y8X1W0,A0A182DWI3,5.114E-01,1
Q3A0F3,A0A2E7NAI8,A0A4Y8X1W0,A0A6Q8PFE1,5.114E-01,1
Q3A0F3,A0A2E7NAI8,A0A4Y8X1W0,B2R5P6,5.114E-01,1
Q3A0F3,A0A2E7NAI8,A0A4Y8X1W0,E2QRB9,5.114E-01,1
Q3A0F3,A0A2E7NAI8,A0A4Y8X1W0,E9PIR7,5.114E-01,1
Q3A0F3,A0A2E7NAI8,A0A4Y8X1W0,F8W809,5.114E-01,1
Q3A0F3,A0A2E7NAI8,A0A6J7IYI8,A0A024R9W0,3.209E-02,1
Q3A0F3,A0A2E7NAI8,A0A6J7IYI8,O43766,3.209E-02,1
Q3A0F3,A0A2E7NAI8,A0A7C4XGU2,A0A1W2PRE7,1.688E-03,1
Q3A0F3,A0A2E7NAI8,A0A7J2YIT3,Q9NTM9,7.765E-02,1
Q3A0F3,A0A2E7NAI8,A0A7S1XQM9,A0A087WWV6,1.129E-05,1
Q3A0F3,A0A2E7NAI8,A0A811SNG6,P35914,2.378E-01,1
Q3A0F3,A0A2E7NAI8,A0A813B473,B3KNL8,4.040E-01,1
Q3A0F3,A0A2E7NAI8,A0A840UYP1,A0A024RD17,3.348E-10,1
Q3A0F3,A0A2E7NAI8,A0A850AKG2,B2RAR3,9.776E-01,1
Q3A0F3,A0A2E7NAI8,A0A850AKG2,Q9BXR0,9.776E-01,1
Q6LRQ5,A0A1F5EBF3,A0A0F9SLM6,J3QKL0,2.640E-01,1
Q6LRQ5,A0A1F5EBF3,A0A0F9SLM6,Q8WVB3,2.640E-01,1
Q6LRQ5,A0A1F5EBF3,A0A0G1GDQ5,A0A068F4C8,6.304E-01,1
Q6LRQ5,A0A1F5EBF3,A0A0G1GDQ5,A0A068F579,6.304E-01,1
Q6LRQ5,A0A1F5EBF3,A0A0G1GDQ5,A0A068F753,6.304E-01,2
Q6LRQ5,A0A1F5EBF3,A0A149U7W4,B4DZX4,7.762E-02,1
Q6LRQ5,A0A1F5EBF3,A0A166DIW0,P56545,2.984E-01,1
Q6LRQ5,A0A1F5EBF3,A0A166DIW0,Q13363,2.984E-01,1
Q6LRQ5,A0A1F5EBF3,A0A166DIW0,Q4KMQ8,2.984E-01,1
Q6LRQ5,A0A1F5EBF3,A0A166DIW0,X5D8Y5,2.984E-01,1
Q6LRQ5,A0A1F5EBF3,A0A196S7R3,B3KQS3,1.967E-02,1
Q6LRQ5,A0A1F5EBF3,A0A1G2XDT8,Q86XE5,8.752E-02,1
Q6LRQ5,A0A1F5EBF3,A0A1G2XDT8,Q9BXD5,8.752E-02,1
Q6LRQ5,A0A1F5EBF3,A0A1Y2EUF5,B2RBF5,8.231E-02,1
Q6LRQ5,A0A1F5EBF3,A0A1Y2EUF5,B4DQ98,8.231E-02,1
Q6LRQ5,A0A1F5EBF3,A0A1Y2EUF5,Q01459,8.231E-02,1
Q6LRQ5,A0A1F5EBF3,A0A2C5YZ57,F8W9T8,6.230E-01,1
Q6LRQ5,A0A1F5EBF3,A0A2E7NAI8,A0A7P0TA11,4.668E-06,1
Q6LRQ5,A0A1F5EBF3,A0A2E7NAI8,B4DT76,4.668E-06,1
Q6LRQ5,A0A1F5EBF3,A0A2M7UQ97,Q9H9T3,1.776E-02,2
Q6LRQ5,A0A1F5EBF3,A0A354ZGE7,A0A024RCB5,4.192E-02,1
Q6LRQ5,A0A1F5EBF3,A0A354ZGE7,B4DN31,4.192E-02,1
Q6LRQ5,A0A1F5EBF3,A0A354ZGE7,B7Z705,4.192E-02,1
Q6LRQ5,A0A1F5EBF3,A0A354ZGE7,Q9BWS9,4.192E-02,1
Q6LRQ5,A0A1F5EBF3,A0A381SPJ7,A0A1W2PQE9,9.048E-03,1
Q6LRQ5,A0A1F5EBF3,A0A381SPJ7,A0A1X7SBR7,9.048E-03,1
Q6LRQ5,A0A1F5EBF3,A0A381SPJ7,D6RCP8,9.048E-03,1
Q6LRQ5,A0A1F5EBF3,A0A3B3Z833,A0A087WY76,7.263E-01,1
Q6LRQ5,A0A1F5EBF3,A0A3B3Z833,A0A0G2JN38,7.263E-01,1
Q6LRQ5,A0A1F5EBF3,A0A3B3Z833,A0A0G2JNS6,7.263E-01,1
Q6LRQ5,A0A1F5EBF3,A0A3B3Z833,A0A0G2JRB5,7.263E-01,1
Q6LRQ5,A0A1F5EBF3,A0A3B3Z833,I3L1V5,7.263E-01,1
Q6LRQ5,A0A1F5EBF3,A0A3B3Z833,I3L2E4,7.263E-01,1
Q6LRQ5,A0A1F5EBF3,A0A3M7T9Y6,A0A7P0T9F7,8.466E-01,1
Q6LRQ5,A0A1F5EBF3,A0A3M7T9Y6,A0A7P0TAN7,8.466E-01,1
Q6LRQ5,A0A1F5EBF3,A0A3M7T9Y6,A0A7P0TBF8,8.466E-01,1
Q6LRQ5,A0A1F5EBF3,A0A3M7T9Y6,A0A7P0Z4A0,8.466E-01,1
Q6LRQ5,A0A1F5EBF3,A0A3M7T9Y6,A0A7P0Z4P5,8.466E-01,1
Q6LRQ5,A0A1F5EBF3,A0A3M7T9Y6,B4E2Z3,8.466E-01,2
Q6LRQ5,A0A1F5EBF3,A0A3M7T9Y6,F5GZS6,8.466E-01,1
Q6LRQ5,A0A1F5EBF3,A0A3M7T9Y6,J3KPF3,8.466E-01,1
Q6LRQ5,A0A1F5EBF3,A0A3M7T9Y6,P08195,8.466E-01,1
Q6LRQ5,A0A1F5EBF3,A0A4Q4X9Q8,Q8IYR2,6.230E-01,1
Q6LRQ5,A0A1F5EBF3,A0A4R4Y322,A0A024R0A8,7.043E-01,1
Q6LRQ5,A0A1F5EBF3,A0A4R4Y322,A0A384MTQ3,7.043E-01,1
Q6LRQ5,A0A1F5EBF3,A0A4R4Y322,O43865,7.043E-01,1
Q6LRQ5,A0A1F5EBF3,A0A4R4Y322,P23526,7.043E-01,1
Q6LRQ5,A0A1F5EBF3,A0A4R4Y322,Q6ZNS6,7.043E-01,1
Q6LRQ5,A0A1F5EBF3,A0A4R4Y322,Q96HN2,7.043E-01,1
Q6LRQ5,A0A1F5EBF3,A0A6J7IYI8,A0A024R9W0,1.785E-04,1
Q6LRQ5,A0A1F5EBF3,A0A6J7IYI8,O43766,1.785E-04,1
Q6LRQ5,A0A1F5EBF3,A0A7C4XGU2,A0A1W2PRE7,1.511E-03,1
Q6LRQ5,A0A1F5EBF3,A0A840UYP1,A0A024RD17,5.210E-03,1
Q6LRQ5,A0A1F5EBF3,B6BWL7,B4DID5,1.345E-01,1
Q6LRQ5,A0A1F5EBF3,W4TNL4,A0A0S2Z4A8,4.056E-01,1
Q6LRQ5,A0A1F5EBF3,W4TNL4,Q7KYX9,4.056E-01,1
Q73LQ7,A0A2E7NAI8,A0A0C2ICF2,B4DW16,2.914E-06,2
Q73LQ7,A0A2E7NAI8,A0A0F9SLM6,J3QKL0,5.141E-02,1
Q73LQ7,A0A2E7NAI8,A0A0F9SLM6,Q8WVB3,5.141E-02,1
Q73LQ7,A0A2E7NAI8,A0A0L1L0F1,A0A087WUV9,1.706E-05,1
Q73LQ7,A0A2E7NAI8,A0A0L1L0F1,Q6NUM6,1.706E-05,1
Q73LQ7,A0A2E7NAI8,A0A0L1L0F1,Q9NV66,1.706E-05,1
Q73LQ7,A0A2E7NAI8,A0A0S7FLG1,B7Z282,3.192E-01,1
Q73LQ7,A0A2E7NAI8,A0A183C974,O60502,1.993E-01,2
Q73LQ7,A0A2E7NAI8,A0A1I7RVN4,A8K6I4,4.040E-01,1
Q73LQ7,A0A2E7NAI8,A0A1I7RVN4,B4E3M6,4.040E-01,1
Q73LQ7,A0A2E7NAI8,A0A1I7RVN4,P42285,4.040E-01,1
Q73LQ7,A0A2E7NAI8,A0A2E7NAI8,A0A7P0TA11,7.102E-63,1
Q73LQ7,A0A2E7NAI8,A0A2E7NAI8,B4DT76,7.102E-63,1
Q73LQ7,A0A2E7NAI8,A0A2L0SXM4,B1AK13,1.399E-01,1
Q73LQ7,A0A2E7NAI8,A0A2L0SXM4,Q8TB92,1.399E-01,1
Q73LQ7,A0A2E7NAI8,A0A2M7UQ97,Q9H9T3,7.321E-02,2
Q73LQ7,A0A2E7NAI8,A0A2S4VGH7,H7C3X0,2.536E-02,1
Q73LQ7,A0A2E7NAI8,A0A2T0VWC6,B5LY64,1.106E-01,1
Q73LQ7,A0A2E7NAI8,A0A2T0VWC6,B5LY70,1.106E-01,2
Q73LQ7,A0A2E7NAI8,A0A2V8H346,B2RBQ0,7.724E-01,1
Q73LQ7,A0A2E7NAI8,A0A2V8H346,B3KSN9,7.724E-01,1
Q73LQ7,A0A2E7NAI8,A0A3C1LRD4,A0A024RAJ6,6.790E-02,1
Q73LQ7,A0A2E7NAI8,A0A3C1LRD4,P07686,6.790E-02,1
Q73LQ7,A0A2E7NAI8,A0A3C1LRD4,Q5URX0,6.790E-02,1
Q73LQ7,A0A2E7NAI8,A0A446N3T8,P60174,2.378E-01,1
Q73LQ7,A0A2E7NAI8,A0A446N3T8,V9HWK1,2.378E-01,1
Q73LQ7,A0A2E7NAI8,A0A478FQ18,B4DUI5,5.114E-01,1
Q73LQ7,A0A2E7NAI8,A0A4R1HK89,A0A024QZ64,2.242E-01,1
Q73LQ7,A0A2E7NAI8,A0A4R1HK89,A0A024R145,2.242E-01,1
Q73LQ7,A0A2E7NAI8,A0A4R1HK89,A0A087WXX2,2.242E-01,1
Q73LQ7,A0A2E7NAI8,A0A4R1HK89,A0A3B3IS80,2.242E-01,1
Q73LQ7,A0A2E7NAI8,A0A4R1HK89,A8K430,2.242E-01,1
Q73LQ7,A0A2E7NAI8,A0A4R1HK89,A8MVZ9,2.242E-01,1
Q73LQ7,A0A2E7NAI8,A0A4R1HK89,B7Z1N6,2.242E-01,1
Q73LQ7,A0A2E7NAI8,A0A4R1HK89,B7Z1Y2,2.242E-01,1
Q73LQ7,A0A2E7NAI8,A0A4R1HK89,B7Z3K9,2.242E-01,1
Q73LQ7,A0A2E7NAI8,A0A4R1HK89,H3BQN4,2.242E-01,1
Q73LQ7,A0A2E7NAI8,A0A4R1HK89,J3KPS3,2.242E-01,1
Q73LQ7,A0A2E7NAI8,A0A4R1HK89,P04075,2.242E-01,1
Q73LQ7,A0A2E7NAI8,A0A4R1HK89,P05062,2.242E-01,1
Q73LQ7,A0A2E7NAI8,A0A4R1HK89,P09972,2.242E-01,1
Q73LQ7,A0A2E7NAI8,A0A4R1HK89,Q8NHT3,2.242E-01,1
Q73LQ7,A0A2E7NAI8,A0A4R1HK89,V9HWN7,2.242E-01,1
Q73LQ7,A0A2E7NAI8,A0A4Y8X1W0,A0A182DWF3,5.114E-01,1
Q73LQ7,A0A2E7NAI8,A0A4Y8X1W0,A0A182DWI3,5.114E-01,1
Q73LQ7,A0A2E7NAI8,A0A4Y8X1W0,A0A6Q8PFE1,5.114E-01,1
Q73LQ7,A0A2E7NAI8,A0A4Y8X1W0,B2R5P6,5.114E-01,1
Q73LQ7,A0A2E7NAI8,A0A4Y8X1W0,E2QRB9,5.114E-01,1
Q73LQ7,A0A2E7NAI8,A0A4Y8X1W0,E9PIR7,5.114E-01,1
Q73LQ7,A0A2E7NAI8,A0A4Y8X1W0,F8W809,5.114E-01,1
Q73LQ7,A0A2E7NAI8,A0A6J7IYI8,A0A024R9W0,3.209E-02,1
Q73LQ7,A0A2E7NAI8,A0A6J7IYI8,O43766,3.209E-02,1
Q73LQ7,A0A2E7NAI8,A0A7C4XGU2,A0A1W2PRE7,1.688E-03,1
Q73LQ7,A0A2E7NAI8,A0A7J2YIT3,Q9NTM9,7.765E-02,1
Q73LQ7,A0A2E7NAI8,A0A7S1XQM9,A0A087WWV6,1.129E-05,1
Q73LQ7,A0A2E7NAI8,A0A811SNG6,P35914,2.378E-01,1
Q73LQ7,A0A2E7NAI8,A0A813B473,B3KNL8,4.040E-01,1
Q73LQ7,A0A2E7NAI8,A0A840UYP1,A0A024RD17,3.348E-10,1
Q73LQ7,A0A2E7NAI8,A0A850AKG2,B2RAR3,9.776E-01,1
Q73LQ7,A0A2E7NAI8,A0A850AKG2,Q9BXR0,9.776E-01,1
U5Q1R3,A0A2E7NAI8,A0A0C2ICF2,B4DW16,2.914E-06,2
U5Q1R3,A0A2E7NAI8,A0A0F9SLM6,J3QKL0,5.141E-02,1
U5Q1R3,A0A2E7NAI8,A0A0F9SLM6,Q8WVB3,5.141E-02,1
U5Q1R3,A0A2E7NAI8,A0A0L1L0F1,A0A087WUV9,1.706E-05,1
U5Q1R3,A0A2E7NAI8,A0A0L1L0F1,Q6NUM6,1.706E-05,1
U5Q1R3,A0A2E7NAI8,A0A0L1L0F1,Q9NV66,1.706E-05,1
U5Q1R3,A0A2E7NAI8,A0A0S7FLG1,B7Z282,3.192E-01,1
U5Q1R3,A0A2E7NAI8,A0A183C974,O60502,1.993E-01,2
U5Q1R3,A0A2E7NAI8,A0A1I7RVN4,A8K6I4,4.040E-01,1
U5Q1R3,A0A2E7NAI8,A0A1I7RVN4,B4E3M6,4.040E-01,1
U5Q1R3,A0A2E7NAI8,A0A1I7RVN4,P42285,4.040E-01,1
U5Q1R3,A0A2E7NAI8,A0A2E7NAI8,A0A7P0TA11,7.102E-63,1
U5Q1R3,A0A2E7NAI8,A0A2E7NAI8,B4DT76,7.102E-63,1
U5Q1R3,A0A2E7NAI8,A0A2L0SXM4,B1AK13,1.399E-01,1
U5Q1R3,A0A2E7NAI8,A0A2L0SXM4,Q8TB92,1.399E-01,1
U5Q1R3,A0A2E7NAI8,A0A2M7UQ97,Q9H9T3,7.321E-02,2
U5Q1R3,A0A2E7NAI8,A0A2S4VGH7,H7C3X0,2.536E-02,1
U5Q1R3,A0A2E7NAI8,A0A2T0VWC6,B5LY64,1.106E-01,1
U5Q1R3,A0A2E7NAI8,A0A2T0VWC6,B5LY70,1.106E-01,2
U5Q1R3,A0A2E7NAI8,A0A2V8H346,B2RBQ0,7.724E-01,1
U5Q1R3,A0A2E7NAI8,A0A2V8H346,B3KSN9,7.724E-01,1
U5Q1R3,A0A2E7NAI8,A0A3C1LRD4,A0A024RAJ6,6.790E-02,1
U5Q1R3,A0A2E7NAI8,A0A3C1LRD4,P07686,6.790E-02,1
U5Q1R3,A0A2E7NAI8,A0A3C1LRD4,Q5URX0,6.790E-02,1
U5Q1R3,A0A2E7NAI8,A0A446N3T8,P60174,2.378E-01,1
U5Q1R3,A0A2E7NAI8,A0A446N3T8,V9HWK1,2.378E-01,1
U5Q1R3,A0A2E7NAI8,A0A478FQ18,B4DUI5,5.114E-01,1
U5Q1R3,A0A2E7NAI8,A0A4R1HK89,A0A024QZ64,2.242E-01,1
U5Q1R3,A0A2E7NAI8,A0A4R1HK89,A0A024R145,2.242E-01,1
U5Q1R3,A0A2E7NAI8,A0A4R1HK89,A0A087WXX2,2.242E-01,1
U5Q1R3,A0A2E7NAI8,A0A4R1HK89,A0A3B3IS80,2.242E-01,1
U5Q1R3,A0A2E7NAI8,A0A4R1HK89,A8K430,2.242E-01,1
U5Q1R3,A0A2E7NAI8,A0A4R1HK89,A8MVZ9,2.242E-01,1
U5Q1R3,A0A2E7NAI8,A0A4R1HK89,B7Z1N6,2.242E-01,1
U5Q1R3,A0A2E7NAI8,A0A4R1HK89,B7Z1Y2,2.242E-01,1
U5Q1R3,A0A2E7NAI8,A0A4R1HK89,B7Z3K9,2.242E-01,1
U5Q1R3,A0A2E7NAI8,A0A4R1HK89,H3BQN4,2.242E-01,1
U5Q1R3,A0A2E7NAI8,A0A4R1HK89,J3KPS3,2.242E-01,1
U5Q1R3,A0A2E7NAI8,A0A4R1HK89,P04075,2.242E-01,1
U5Q1R3,A0A2E7NAI8,A0A4R1HK89,P05062,2.242E-01,1
U5Q1R3,A0A2E7NAI8,A0A4R1HK89,P09972,2.242E-01,1
U5Q1R3,A0A2E7NAI8,A0A4R1HK89,Q8NHT3,2.242E-01,1
U5Q1R3,A0A2E7NAI8,A0A4R1HK89,V9HWN7,2.242E-01,1
U5Q1R3,A0A2E7NAI8,A0A4Y8X1W0,A0A182DWF3,5.114E-01,1
U5Q1R3,A0A2E7NAI8,A0A4Y8X1W0,A0A182DWI3,5.114E-01,1
U5Q1R3,A0A2E7NAI8,A0A4Y8X1W0,A0A6Q8PFE1,5.114E-01,1
U5Q1R3,A0A2E7NAI8,A0A4Y8X1W0,B2R5P6,5.114E-01,1
U5Q1R3,A0A2E7NAI8,A0A4Y8X1W0,E2QRB9,5.114E-01,1
U5Q1R3,A0A2E7NAI8,A0A4Y8X1W0,E9PIR7,5.114E-01,1
U5Q1R3,A0A2E7NAI8,A0A4Y8X1W0,F8W809,5.114E-01,1
U5Q1R3,A0A2E7NAI8,A0A6J7IYI8,A0A024R9W0,3.209E-02,1
U5Q1R3,A0A2E7NAI8,A0A6J7IYI8,O43766,3.209E-02,1
U5Q1R3,A0A2E7NAI8,A0A7C4XGU2,A0A1W2PRE7,1.688E-03,1
U5Q1R3,A0A2E7NAI8,A0A7J2YIT3,Q9NTM9,7.765E-02,1
U5Q1R3,A0A2E7NAI8,A0A7S1XQM9,A0A087WWV6,1.129E-05,1
U5Q1R3,A0A2E7NAI8,A0A811SNG6,P35914,2.378E-01,1
U5Q1R3,A0A2E7NAI8,A0A813B473,B3KNL8,4.040E-01,1
U5Q1R3,A0A2E7NAI8,A0A840UYP1,A0A024RD17,3.348E-10,1
U5Q1R3,A0A2E7NAI8,A0A850AKG2,B2RAR3,9.776E-01,1
U5Q1R3,A0A2E7NAI8,A0A850AKG2,Q9BXR0,9.776E-01,1
