defense_uniprot_ac	human_uniprot_ac	composite_score	foldseek_evalue	pymol_rmsd	tm_score_human	tm_score_bacteria	plddt_human	plddt_bacteria	human_gene_name
Q47ZY9	Q8IZH9	0.9962	0.0	0.28	0.991	0.964	95.53	97.12	
A0A5B9E1W6	Q5QP19	0.9863	0.0	0.54	0.9237	0.9496	94.52	95.11	NFS1
Q47ZY9	Q8IZH8	0.9825	0.0	0.38	0.9645	0.8401	89.02	97.12	
Q47ZY9	P30793	0.9766	0.0	0.33	0.7219	0.9894	86.5	97.12	GCH1
W5Y3L4	H0YG54	0.9729	0.0	0.62	0.8879	0.8012	91.31	94.35	REXO2
I7LJ27	B4DT76	0.9698	0.0	0.67	0.8465	0.7792	91.96	94.79	
W5Y3L4	Q9Y3B8	0.9666	0.0	0.59	0.7518	0.8498	88.17	94.35	REXO2
A0A518G7R2	Q9Y697	0.9626	7.515e-15	0.53	0.8458	0.9738	88.72	93.7	NFS1
A0A518G7R2	Q53FP3	0.9626	7.515e-15	0.52	0.8465	0.9748	88.37	93.7	
A0A518G7R2	B2R5S3	0.9626	7.515e-15	0.51	0.8439	0.9715	88.53	93.7	
A0A3G9J6D0	B4DDP9	0.9617	7.515e-15	0.87	0.8697	0.9357	93.81	95.59	SCLY
Q16C13	B4DNL7	0.9615	2.251e-23	0.65	0.8907	0.5928	92.48	95.3	
A0A345HPF0	Q17R31	0.9593	0.0	1.55	0.8061	0.8939	96.16	95.27	TATDN3
A0A3G9J6D0	Q96I15	0.9578	7.515e-15	0.83	0.8168	0.9471	90.4	95.59	SCLY
A0A1D7QWY7	F2Z2E7	0.9573	5.587e-16	0.47	0.9813	0.5268	94.71	95.52	NFS1
L0L0B2	O95396	0.9571	2.706e-23	0.85	0.5096	0.9526	91.55	96.22	MOCS3
A0A127M5U3	Q2VPJ6	0.9565	2.114e-29	0.92	0.8637	0.7984	84.68	88.36	HSP90AA1
Z9JIC9	Q6P1N9	0.9563	0.0	1.61	0.7456	0.8774	97.98	96.65	TATDN1
A0A3G9J6D0	A0A0A0MQU4	0.9552	7.515e-15	0.88	0.8022	0.9463	89.18	95.59	SCLY
A0A7G1Q9R2	P08238	0.9547	8.482e-27	1.13	0.8337	0.9249	84.34	85.77	HSP90AB1
A0A127M5U3	P07900	0.9543	8.482e-27	1.3	0.8233	0.9468	85.22	88.36	HSP90AA1
A0A127M5U3	B4DGL0	0.9541	8.482e-27	1.26	0.8295	0.9311	84.49	88.36	
A0A127M5U3	K9JA46	0.9539	8.482e-27	1.28	0.8238	0.9474	84.08	88.36	EL52
A0A562WL79	Q9Y530	0.9539	0.0	1.19	0.8334	0.7473	93.45	87.79	OARD1
W5Y3L4	F5GYG5	0.9508	0.0	0.65	0.6865	0.7274	80.76	94.35	REXO2
A0A143HJQ2	Q6ICS7	0.9498	0.0	0.86	0.6624	0.74	86.21	93.01	DNMT2
L0L0B2	Q8TBC4	0.9494	4.579e-20	1.04	0.4919	0.9153	92.9	96.22	UBA3
A0A075TXM8	O14717	0.9493	0.0	1.12	0.66	0.8311	87.06	92.03	TRDMT1
I7LJ27	A0A7P0TA11	0.949	0.0	0.67	0.7286	0.634	81.81	94.79	RSAD2
A0A127M5U3	B4DMA2	0.9489	8.482e-27	1.27	0.8282	0.8942	80.31	88.36	
L0L0B2	B2RBP3	0.9487	4.579e-20	1.02	0.4908	0.9137	91.69	96.22	
A0A3E3EC96	P60842	0.9486	7.607e-31	1.05	0.8785	0.6714	87.05	85.92	EIF4A1
L0L0B2	J3JZZ9	0.9486	4.579e-20	1.03	0.4913	0.9146	91.67	96.22	UBE1C
A0A243G9P1	H7C3V9	0.9485	2.251e-23	0.82	0.8046	0.5288	88.62	95.52	SCLY
A0A127M5U3	A0A7P0TAE1	0.9478	2.654e-23	1.23	0.7596	0.939	81.07	88.36	HSP90B1
L0L0B2	M0QZS6	0.9477	0.0	1.28	0.6553	0.7132	93.41	96.22	SAE1
A0A3E3EC96	Q14240	0.9472	7.607e-31	1.08	0.8746	0.67	86.36	85.92	EIF4A2
A0A127M5U3	H0YIV0	0.9469	2.654e-23	1.28	0.7527	0.9384	81.73	88.36	HSP90B1
A0A127M5U3	Q5CAQ5	0.9466	2.654e-23	1.26	0.7479	0.9393	81.02	88.36	TRA1
A0A127M5U3	P14625	0.9463	2.654e-23	1.3	0.7452	0.9368	82.22	88.36	HSP90B1
A0A127M5U3	A0A7P0T917	0.9463	2.654e-23	1.45	0.8068	0.911	84.36	88.36	HSP90B1
A0A3E3EC96	A8K7F6	0.9462	7.607e-31	1.12	0.8753	0.6691	86.06	85.92	
A0A127M5U3	V9HWP2	0.9461	2.654e-23	1.27	0.7465	0.9387	80.8	88.36	HEL-S-125m
A0A127M5U3	A0A087WT78	0.9457	2.654e-23	1.14	0.7459	0.8792	80.69	88.36	HSP90B1
A0A127M5U3	A0A7P0TAY2	0.9457	2.654e-23	1.09	0.7893	0.8218	80.18	88.36	HSP90B1
A0A7G1Q9R2	Q96HX7	0.9456	1.52e-34	0.87	0.8602	0.5633	86.85	85.77	HSP90AA1
A0A3E3EC96	A8K088	0.9454	7.607e-31	1.14	0.8752	0.6691	85.54	85.92	
A0A2T3FW44	E7EQG2	0.9453	2.532e-23	0.87	0.8743	0.6055	85.18	86.09	EIF4A2
A0A127M5U3	A0A7P0T823	0.9451	2.654e-23	1.27	0.7379	0.9393	79.97	88.36	HSP90B1
A0A127M5U3	A0A7P0TAT8	0.9449	2.654e-23	1.27	0.737	0.9391	79.84	88.36	HSP90B1
A0A3E3EC96	Q68DY7	0.9447	4.056e-28	1.05	0.8914	0.5568	89.09	85.92	DKFZp686C21137
L0L0B2	F8W8D4	0.9447	4.579e-20	0.91	0.4772	0.8082	91.63	96.22	UBA3
A0A243G9P1	B4DVB4	0.9446	8.392e-22	0.91	0.6945	0.6551	85.76	95.52	
A0A3E3EC96	A0A7P0TB94	0.9445	6.585e-34	1.11	0.8364	0.6659	86.06	85.92	DDX20
A0A127M5U3	Q8TBA7	0.9445	0.0	1.45	0.8147	0.8197	84.42	88.36	HSP90AA1
A0A3E3EC96	Q9H4E3	0.9439	4.649e-36	1.03	0.7948	0.6794	84.88	85.92	E4-DBP
A0A3E3EC96	A0A384NYS3	0.9439	4.181e-32	1.27	0.8951	0.6263	88.57	85.92	
A0A2A4FVR0	E5RG17	0.9434	0.0	1.6	0.6672	0.843	88.32	96.25	TATDN1
A0A3G9JPH8	Q9H0S4	0.9429	2.532e-23	1.1	0.7962	0.6971	85.63	87.29	DDX47
A0A3E3EC96	P38919	0.9426	7.607e-31	1.31	0.8522	0.6612	88.62	85.92	EIF4A3
A0A127M5U3	K0A7K7	0.9423	8.482e-27	1.71	0.8274	0.8791	86.97	88.36	TRAP1
A0A6A9GWD9	B3KQK2	0.9419	9.191e-33	1.6	0.8238	0.7829	86.56	89.93	
A0A3E3EC96	Q53GJ1	0.9418	2.532e-23	1.07	0.8061	0.6789	85.27	85.92	
A0A562WL79	C9JNE2	0.9418	0.0	1.14	0.818	0.6392	84.12	87.79	OARD1
A0A075TXM8	A0A0U1U562	0.9416	0.0	1.01	0.628	0.7485	81.56	92.03	Dnmt2
B0N6M2	B4DL69	0.9411	4.056e-28	1.2	0.8892	0.5559	88.6	85.91	
A0A3E3EC96	B4DVE4	0.941	5.239e-24	1.19	0.8589	0.6664	84.42	85.92	
A0A3E3EC96	Q8TEC9	0.941	5.239e-24	1.12	0.8714	0.5828	87.2	85.92	
L0L0B2	E7EQ61	0.9405	1.203e-15	1.08	0.5908	0.898	87.81	96.22	UBA5
A0A544BPX2	O43598	0.9402	0.0	0.65	0.5921	0.6185	85.38	89.22	DNPH1
A0A3E3EC96	I3L3H2	0.94	7.607e-31	1.11	0.8424	0.6205	82.97	85.92	EIF4A3
A0A127M5U3	Q53G55	0.9396	8.482e-27	1.69	0.7953	0.878	84.83	88.36	
A0A250I871	Q6PK50	0.9396	6.98e-27	0.54	0.8005	0.4444	82.75	87.8	HSP90AB1
B0N6M2	Q69YM2	0.9394	7.099e-20	1.23	0.8958	0.6113	88.68	85.91	DKFZp762C1313
A0A250I871	Q14568	0.9394	6.98e-27	0.5	0.7928	0.4292	83.25	87.8	HSP90AA2P
A0A127M5U3	A0A140VJY2	0.9394	8.482e-27	1.7	0.7944	0.877	85.08	88.36	
A0A3E3EC96	A0A024RCM3	0.9393	4.181e-32	1.27	0.8215	0.6621	84.93	85.92	
A0A3E3EC96	B2R858	0.9387	7.607e-31	1.04	0.7561	0.6691	81.9	85.92	
A0A127M5U3	Q59EK6	0.9383	8.482e-27	1.74	0.7956	0.8771	84.97	88.36	
A0A2T3FW44	A0A7I2V5F5	0.9376	3.113e-28	1.0	0.8474	0.569	80.31	86.09	DDX5
A0A127M5U3	Q9BV61	0.9374	8.482e-27	1.78	0.7991	0.8762	85.13	88.36	TRAP1
L0L0B2	J3KRK3	0.9372	1.004e-14	1.3	0.8769	0.6029	94.2	96.22	NAE1
A0A127M5U3	Q12931	0.9371	8.482e-27	1.81	0.7949	0.8774	86.02	88.36	TRAP1
L0L0B2	Q9GZZ9	0.937	1.203e-15	1.12	0.5531	0.8977	86.74	96.22	UBA5
A0A3E3EC96	Q13838	0.9369	4.181e-32	1.36	0.8181	0.6598	84.81	85.92	DDX39B
A0A127M5U3	Q53FS6	0.9366	8.482e-27	1.8	0.7938	0.8762	85.11	88.36	
A0A3E3EC96	P26196	0.9366	7.607e-31	1.17	0.7364	0.6667	84.09	85.92	DDX6
L0L0B2	Q13564	0.9362	7.198e-18	1.33	0.4082	0.8691	96.23	96.22	NAE1
B0N6M2	Q59FQ9	0.9359	4.056e-28	0.96	0.8506	0.5112	80.92	85.91	
A0A3E3EC96	J3KT12	0.9347	4.094e-21	1.15	0.8564	0.5539	84.94	85.92	EIF4A1
A0A250I871	Q86U12	0.9342	5.694e-22	1.19	0.8291	0.5396	85.37	87.8	
A0A250I871	A8K3W9	0.9338	8.221e-29	1.27	0.8461	0.4834	86.5	87.8	
A0A6A9GWD9	J3KTQ2	0.9338	9.191e-33	1.88	0.7675	0.8005	88.65	89.93	RECQL5
A0A127M5U3	Q58FF6	0.9338	2.114e-29	1.49	0.8488	0.6821	79.17	88.36	HSP90AB4P
A0A411PGA5	F6QUN3	0.9335	0.0	1.09	0.6656	0.5878	82.75	90.32	ERI3
W0L967	Q99540	0.9329	4.85e-38	1.14	0.7365	0.5059	89.86	84.55	
A0A3E3EC96	O00148	0.9329	4.181e-32	1.53	0.8154	0.6567	85.27	85.92	DDX39A
B0N6M2	A0A7I2V507	0.9328	6.585e-34	1.13	0.7114	0.5452	87.38	85.91	DDX5
A0A1X9SXD5	B7Z1Y7	0.9327	0.0	0.58	0.5818	0.5258	78.68	91.27	
A0A454C9T2	B4DQZ2	0.9327	0.0	0.49	0.5442	0.5217	75.33	95.65	
B0N6M2	Q7Z2V5	0.932	6.585e-34	1.16	0.7118	0.5455	87.07	85.91	DKFZp686J01190
A0A127M5U3	Q8N9Z3	0.9317	9.981e-31	1.57	0.7657	0.7032	82.87	88.36	
A0A127PUL6	A0A140CZL6	0.9317	2.459e-29	1.19	0.698	0.4117	93.44	90.31	MTAP-ANRIL fusion
A0A2T3FW44	B4DZQ7	0.9314	4.094e-21	1.11	0.7365	0.5917	84.75	86.09	
B0N6M2	A0A7I2V2S0	0.9313	6.585e-34	1.2	0.7133	0.5599	86.25	85.91	DDX5
A0A250I871	Q9H6X9	0.9311	8.221e-29	1.38	0.8401	0.4813	86.67	87.8	
A0A2N3Y6Y3	V9HW24	0.931	3.091e-30	1.58	0.6065	0.757	88.12	89.73	HEL-S-73
A0A3E3EC96	B4DS24	0.9307	7.607e-31	1.1	0.741	0.6241	76.78	85.92	
A0A7G1Q9R2	O75322	0.9305	5.794e-19	0.99	0.768	0.6399	78.75	85.77	
B0N6M2	I3L0H8	0.9305	7.607e-31	1.11	0.7408	0.6239	76.78	85.91	DDX19A
A0A1W6MZ85	B0ZBF1	0.9302	2.215e-21	1.04	0.8331	0.4117	84.77	87.99	NPR1
Z9JIC9	H7BZJ2	0.9291	2.995e-12	1.21	0.8413	0.6284	97.07	96.65	TATDN2
A0A3E3EC96	Q8NHQ9	0.9288	1.741e-30	1.23	0.5985	0.669	84.4	85.92	DDX55
A0A3E3EC96	B4DX78	0.9287	4.181e-32	1.38	0.7492	0.6611	79.0	85.92	
L0L0B2	A0A804HJ86	0.9286	1.203e-15	1.11	0.4875	0.898	79.53	96.22	UBA5
A0A2T3FW44	Q92499	0.9284	1.547e-28	1.07	0.4865	0.6771	86.63	86.09	DDX1
A0A3G9JPH8	Q4ZG72	0.9281	9.569e-31	1.28	0.6627	0.6921	77.69	87.29	DDX18
A0A3E3EC96	Q9Y6V7	0.9279	1.361e-16	1.21	0.7438	0.6741	86.21	85.92	DDX49
A0A2N3Y6Y3	P62333	0.9279	3.091e-30	1.68	0.6096	0.7613	86.88	89.73	PSMC6
A0A3E3EC96	Q9NZE6	0.9277	5.353e-27	1.49	0.8962	0.5347	80.72	85.92	EIF4A2
A0A2T3FW44	B4DNH2	0.9269	1.03e-16	1.01	0.9097	0.4083	85.54	86.09	
A0A3G9JPH8	Q9NVY6	0.9269	3.313e-23	1.45	0.8392	0.4345	89.21	87.29	
A0A1B1YDD2	Q8N2A8	0.9266	8.963e-18	1.33	0.4935	0.7887	83.48	96.05	PLD6
A0A3E3EC96	A0A2R8YDT5	0.9265	4.649e-36	1.41	0.7171	0.6396	80.34	85.92	DDX3X
A0A3G9JPH8	A4UCU0	0.9259	1.562e-14	0.74	0.8938	0.3196	92.52	87.29	
A0A0X3BIU8	P46063	0.9259	1.259e-44	1.12	0.6535	0.575	86.14	79.36	RECQL
A0A3G9JPH8	Q9NXZ2	0.9259	2.698e-31	1.13	0.5449	0.6722	79.7	87.29	DDX43
A0A0E3QWB4	A0A0S2Z5Q3	0.9258	2.245e-16	0.42	0.6616	0.4001	95.07	80.53	SUMF2
A0A3E3EC96	B4DED6	0.9257	1.214e-18	1.18	0.6554	0.7805	75.99	85.92	
A0A1D9PCU6	Q53EY2	0.9255	1.058e-24	1.0	0.4671	0.4788	91.73	91.14	
A0A127M5U3	Q5CAQ4	0.9247	5.794e-19	1.98	0.8579	0.682	91.86	88.36	TRAP1
A0A7X6BDL8	A0A0D9SGD3	0.9246	2.995e-12	1.35	0.7508	0.7287	94.45	96.7	TATDN1
A0A3E3EC96	A0A384N652	0.9243	1.741e-30	1.3	0.5977	0.668	80.6	85.92	
A0A2T3FW44	B2R988	0.924	2.698e-31	1.07	0.5439	0.6647	77.29	86.09	
A0A2T3FW44	B3KM65	0.924	0.0	1.66	0.7575	0.6015	84.78	86.09	
A0A2T3FW44	Q9NUL7	0.9237	6.263e-28	1.45	0.6346	0.6496	83.39	86.09	DDX28
L0L0B2	Q9UBE0	0.9234	9.099e-14	1.64	0.6201	0.8671	91.45	96.22	SAE1
A0A127M5U3	I3L0K7	0.9234	5.794e-19	2.01	0.8553	0.6803	91.66	88.36	TRAP1
A0A250I871	B4DHT9	0.9233	1.493e-20	1.69	0.8002	0.5893	86.92	87.8	
E4U6D7	I3L381	0.9229	1.636e-19	0.66	0.4516	0.5345	80.96	92.99	PLD2
A0A2T3FW44	P17844	0.9229	4.649e-36	1.15	0.5709	0.6617	76.08	86.09	DDX5
A0A3G9JPH8	A0A7P0Z4I9	0.9229	2.579e-23	0.9	0.7131	0.3875	80.21	87.29	DDX20
A0A3G9JPH8	F8WDT8	0.9222	1.187e-13	0.63	0.8837	0.321	90.75	87.29	DDX56
A0A378V089	Q4ZG77	0.9221	0.0	1.53	0.6798	0.5973	83.71	85.61	PSMD14
C4L4E2	Q16719	0.9221	0.0	2.37	0.6612	0.8117	95.43	95.2	KYNU
A0A7G1Q9R2	B4DU71	0.9218	5.794e-19	1.26	0.723	0.6171	78.85	85.77	
A0A2T4MZ46	Q5T2N8	0.9215	5.953e-21	1.55	0.5456	0.7323	83.68	90.76	ATAD3C
A0A858SQA6	Q8NBP7	0.9215	2.38e-24	1.12	0.4677	0.5909	85.16	88.19	PCSK9
A0A3M8ANJ8	A8K7T0	0.9214	0.0	2.38	0.6632	0.8079	95.38	94.99	KYNU
B0N6M2	B4DW97	0.9214	6.908e-39	1.43	0.5991	0.784	72.34	85.91	
A0A3G9JPH8	Q9NVP1	0.9211	1.198e-35	1.17	0.5446	0.6938	72.66	87.29	DDX18
A0A0E3QWB4	Q8NBK3	0.921	2.286e-22	0.6	0.5625	0.4629	83.54	80.53	SUMF1
A0A3E3EC96	A8K7A1	0.9207	1.361e-16	1.44	0.7447	0.6752	83.32	85.92	
A0A3G9JPH8	Q8N254	0.9204	9.191e-33	1.44	0.6835	0.5397	80.82	87.29	
A0A3E3EC96	Q9BQ39	0.9202	6.908e-39	1.45	0.5774	0.7819	72.88	85.92	DDX50
A0A250I871	Q58FF3	0.9201	1.493e-20	1.53	0.8073	0.5123	81.81	87.8	HSP90B2P
A0A0E3QWB4	Q8NBJ7	0.9201	2.245e-16	0.44	0.6102	0.4071	90.81	80.53	SUMF2
A0A3G9JPH8	A0A2R8Y7T2	0.9201	4.649e-36	1.66	0.6999	0.6411	79.76	87.29	DDX3X
L0L0B2	A0A590UK93	0.92	3.147e-15	1.61	0.717	0.6292	87.65	96.22	SAE1
A0A0E3QWB4	A0A384ME15	0.9199	2.245e-16	0.41	0.6108	0.4077	89.99	80.53	SUMF2
A0A3E3EC96	F6WLT2	0.9199	8.02e-16	0.77	0.745	0.4147	84.31	85.92	DDX39B
A0A2T3FW44	B4DN41	0.9199	4.649e-36	1.24	0.578	0.658	74.33	86.09	
A0A6B8MU63	B2RCY4	0.9196	8.37e-23	2.52	0.7566	0.7896	98.28	95.13	
A0A109W5Q4	I6L9E3	0.9193	8.389e-19	1.07	0.476	0.7435	81.96	82.46	METTL4
A0A3G9JPH8	A0A7P0TBA6	0.9192	2.579e-23	0.89	0.6776	0.3874	77.4	87.29	DDX20
A0A858SQA6	A0A669KBG0	0.9191	2.38e-24	1.17	0.4891	0.5143	86.98	88.19	PCSK9
A0A0E3QWB4	B4DLK7	0.919	2.245e-16	0.4	0.6382	0.4061	86.8	80.53	
A0A2T3FW44	Q59E92	0.919	4.134e-20	1.11	0.633	0.5516	79.17	86.09	
A0A3E3EC96	Q53HI2	0.9188	2.698e-31	1.29	0.5641	0.6524	76.04	85.92	
L0L0B2	B3KSS1	0.9188	1.674e-13	1.01	0.2773	0.8626	91.26	96.22	
A0A2C9CA92	V9H0E4	0.9184	2.052e-18	1.8	0.5836	0.7659	86.74	91.75	NAG13
A0A2T3FW44	Q5T1V6	0.9181	2.698e-31	1.37	0.5632	0.6572	77.16	86.09	DDX59
A0A060HNJ0	B4DY67	0.9181	1.425e-18	1.83	0.758	0.4995	93.99	91.06	
Q6AKU3	Q9H777	0.9181	1.058e-24	1.46	0.5333	0.5506	91.74	85.14	ELAC1
A0A3E3EC96	O00571	0.918	1.888e-23	1.05	0.5368	0.6602	72.2	85.92	DDX3X
A0A7M2Y6J8	H7C3Q6	0.9179	2.466e-18	0.65	0.6487	0.2212	91.18	85.92	MITD1
A0A2T3FW44	B5BUE6	0.9179	4.649e-36	1.34	0.566	0.6555	75.5	86.09	DDX5
A0A2T3FW44	J3KTA4	0.9178	4.649e-36	1.35	0.5659	0.6553	75.76	86.09	DDX5
A0A3E3EC96	B3KRK2	0.9173	2.698e-31	1.8	0.6928	0.6445	83.08	85.92	DDX41
A0A3G9JW78	Q9NXV9	0.9173	1.425e-18	1.42	0.7227	0.3906	90.71	88.64	
A0A2T3FW44	A0A087WZ71	0.9167	1.547e-28	1.23	0.4531	0.5532	85.87	86.09	DDX1
A0A2T3FW44	A0A7I2V430	0.9167	1.547e-28	1.22	0.4501	0.5893	83.38	86.09	DDX1
A0A3E3EC96	A0A3B3ISR7	0.9165	2.27e-33	1.34	0.5331	0.6719	75.09	85.92	DDX10
A0A822VZF9	B7Z302	0.9165	1.539e-21	1.45	0.7848	0.3219	94.64	80.58	
A0A2T3FW44	A0A0G2JLI4	0.9161	6.984e-20	1.39	0.6553	0.6338	76.67	86.09	DDX5
A0A7D5LBC8	J3KPQ8	0.916	2.006e-19	1.41	0.4127	0.6838	83.38	93.51	GUCY1A1
D7AX54	E5RFR2	0.916	0.0	1.71	0.6579	0.5499	80.52	91.57	ADCY8
A0A250I871	Q58FF2	0.916	6.229e-38	1.38	0.7163	0.5126	71.99	87.8	GRP94c
A0A3A6U268	P21549	0.916	8.37e-23	2.61	0.7563	0.7893	98.28	95.22	AGXT
A0A2T3FW44	A0A7I2V4F0	0.9158	1.547e-28	1.49	0.4766	0.6555	84.17	86.09	DDX1
B0N6M2	Q96GQ7	0.9158	1.198e-35	1.15	0.4779	0.676	72.02	85.91	DDX27
A0A3G9JPH8	J3QKZ9	0.9156	1.035e-12	0.84	0.9309	0.2485	94.65	87.29	EIF4A1
A0A0E3QWB4	J3KQJ1	0.9155	2.245e-16	0.41	0.576	0.4075	86.48	80.53	SUMF2
A0A123SU34	B7ZA00	0.9155	7.12e-18	1.3	0.7254	0.3574	96.1	80.85	
A0A2T3FW44	A0A087X2G1	0.9154	1.547e-28	1.2	0.4604	0.5518	82.81	86.09	DDX1
A0A7I7TXH2	A0A087X2I1	0.9153	3.091e-30	1.82	0.5736	0.7205	81.77	88.38	PSMC6
A0A7M2Y6J8	Q8WV92	0.9153	2.466e-18	0.69	0.6	0.2198	91.91	85.92	MITD1
A0A822VZF9	B1APF9	0.9149	2.836e-16	1.15	0.7805	0.3026	95.87	80.58	PRKACB
A0A0E3QWB4	C9JL30	0.9149	2.245e-16	0.4	0.5902	0.3608	87.63	80.53	SUMF2
I7KYR4	Q6ZMF9	0.9149	1.493e-19	1.34	0.7418	0.2699	89.28	89.42	
A0A7I7QV77	Q75L23	0.9147	3.091e-30	1.83	0.5724	0.7302	81.59	87.59	PSMC2
A0A1V0RVH9	B4DJF7	0.9147	2.489e-48	0.96	0.4242	0.5613	83.06	79.53	
A0A0E3QWB4	H7C3B2	0.9146	2.245e-16	0.42	0.5826	0.3933	85.92	80.53	SUMF2
A0A3E3EC96	Q69YT6	0.9144	2.276e-15	0.85	0.8491	0.3032	81.22	85.92	DKFZp547B159
A0A7I7TXH2	P43686	0.9143	8.203e-24	1.72	0.5537	0.7214	80.11	88.38	PSMC4
A0A3G9JPH8	H7C452	0.9143	1.68e-26	1.66	0.8636	0.3775	80.06	87.29	DDX18
A0A2T3FW44	A0A2R8YF78	0.9142	1.888e-23	1.26	0.5471	0.6614	71.88	86.09	DDX3X
A0A239XXN8	E5RGF2	0.9141	5.571e-13	1.68	0.7135	0.6254	94.54	97.25	TATDN1
A0A3E3EC96	Q6ZND7	0.9141	1.888e-23	1.53	0.6461	0.638	75.23	85.92	
A0A3G6U2V9	A0A140VJS3	0.9136	3.091e-30	1.94	0.5623	0.7553	81.08	89.92	
Q0BEA0	Q9UF30	0.9136	8.491e-18	1.77	0.6552	0.5905	88.91	90.44	DKFZp434E0418
A0A2T3FW44	Q9Y2R4	0.9136	2.698e-31	1.53	0.5704	0.6448	76.58	86.09	DDX52
A0A2T7WAL3	O95352	0.9135	2.889e-18	1.08	0.3644	0.5747	87.62	89.23	ATG7
A0A7I7TXH2	A8K2M0	0.9135	8.203e-24	1.71	0.5517	0.7179	79.01	88.38	PSMC4
A0A3E3EC96	Q9NR30	0.9135	6.908e-39	1.58	0.5412	0.7769	71.05	85.92	DDX21
A0A7Z2ZN36	H7C1A6	0.9134	3.023e-18	1.57	0.5786	0.688	74.62	94.92	ADCY3
A0A2T3FW44	A0A2R8Y5G6	0.9133	1.888e-23	1.35	0.5622	0.6598	72.55	86.09	DDX3X
A0A075UL76	A2V838	0.9131	8.37e-23	2.66	0.7614	0.7776	98.29	94.57	AGXT
A0A3E3EC96	J3QS69	0.9131	1.658e-12	1.03	0.8544	0.4862	88.22	85.92	EIF4A1
A0A3E3EC96	K0J110	0.9129	1.214e-18	1.35	0.577	0.7767	69.31	85.92	mcdrh
A0A7U9HC83	A0A7P0T9U2	0.9127	7.094e-27	1.78	0.6332	0.6186	77.85	90.89	ATAD1
A0A3E3EC96	Q92841	0.9127	2.541e-29	1.28	0.4964	0.6674	71.5	85.92	DDX17
A0A0N9EI48	O14657	0.9127	0.0	1.8	0.5912	0.5512	85.12	90.35	TOR1B
A0A1Q2CWK5	Q59F68	0.9127	0.0	2.24	0.7068	0.829	78.31	89.43	
A0A2T7WAL3	B2RB57	0.9126	2.889e-18	1.04	0.3541	0.5604	86.93	89.23	
A0A3M8ANJ8	Q9BXA1	0.9124	2.696e-20	2.7	0.8094	0.7817	98.28	94.99	
A0A858SQA6	Q59H85	0.9123	4.191e-22	1.24	0.419	0.5535	83.53	88.19	
A0A2T7WAL3	B3KQM6	0.9123	2.889e-18	1.02	0.3544	0.5606	86.03	89.23	
A0A2T3FW44	Q86VR6	0.9123	2.27e-33	1.33	0.4856	0.6788	71.72	86.09	DDX10
A0A3G9JPH8	F1T0B3	0.9123	1.547e-28	1.43	0.4413	0.5518	85.58	87.29	DDX1
A0A1W6MZ85	C9J1J0	0.9123	1.058e-18	1.14	0.6823	0.4379	75.87	87.99	ADCY1
A0A116MDM6	P22694	0.9122	7.12e-18	1.26	0.6549	0.3577	95.2	80.78	PRKACB
A0A4U8Z3X5	P62195	0.9122	3.091e-30	1.99	0.5831	0.7548	82.15	87.67	PSMC5
A0A123SU34	P17612	0.9118	7.12e-18	1.29	0.6539	0.3574	95.53	80.85	PRKACA
L0L0B2	P41226	0.9118	9.796e-13	0.94	0.2212	0.8651	89.14	96.22	UBA7
A0A123SU34	B2RB89	0.9117	7.12e-18	1.27	0.6545	0.3576	94.78	80.85	PRKACB
L0L0B2	A0AVT1	0.9116	9.796e-13	1.02	0.2131	0.8632	91.42	96.22	UBA6
A0A2T3FW44	A0A2R8YFR4	0.9115	1.888e-23	1.29	0.5314	0.6608	70.29	86.09	DDX3X
A0A3G6K670	X6RI15	0.9115	4.231e-20	0.9	0.8702	0.1149	86.28	76.92	TTF2
A0A116MDM6	P22612	0.9114	7.12e-18	1.28	0.6554	0.3579	94.65	80.78	PRKACG
A0A3G9JPH8	H3BMQ5	0.9114	2.098e-22	1.07	0.5986	0.2757	84.86	87.29	DDX19B
A0A367MH91	B3KV92	0.9114	8.445e-18	1.64	0.7041	0.5722	86.23	83.5	FLJ31952
A0A2T3FW44	A0A0D9SFB3	0.9113	1.888e-23	1.38	0.5468	0.6598	71.72	86.09	DDX3X
A0A858SQA6	Q16549	0.9113	4.191e-22	1.2	0.3963	0.565	81.79	88.19	PCSK7
A0A250IWT1	P61964	0.9111	7.09e-22	1.02	0.8521	0.3885	93.34	53.22	WDR5
A0A448L463	C9JF76	0.9111	1.225e-17	1.41	0.7056	0.279	95.05	86.52	PMS1
A0A0K1P5Q4	Q5I6N7	0.911	3.788e-14	1.53	0.6282	0.6865	85.53	91.06	CFTR
A0A3G6K670	Q8N6J1	0.911	8.311e-24	1.02	0.693	0.4071	77.31	76.92	BTAF1
A0A2T3FW44	A3RJH1	0.911	1.547e-28	1.7	0.4807	0.6671	83.87	86.09	DDX1
A0A116MDM6	A0A087WVC4	0.9109	7.12e-18	1.28	0.678	0.3576	92.57	80.78	PRKACB
A0A4D7JUH4	B7ZB23	0.9109	1.38e-23	1.75	0.5949	0.5457	85.49	88.62	
A0A2T3FW44	A0A0D9SG12	0.9109	1.888e-23	1.38	0.541	0.6597	71.58	86.09	DDX3X
Q2SG57	A0A590UJ12	0.9108	6.433e-38	1.17	0.643	0.4548	79.52	76.0	ERCC6L2
A0A0J8XNY7	R4GNH3	0.9107	0.0	1.69	0.5746	0.6283	81.13	83.54	PSMC3
A0A250IWT1	Q86VZ2	0.9106	7.09e-22	1.03	0.8534	0.3844	93.08	53.22	WDR5B
A0A2H4ZHC4	Q9UN37	0.9106	4.345e-17	1.85	0.5372	0.7642	85.69	90.93	VPS4A
A0A2T4MZ46	Q5T9A4	0.9106	7.008e-22	1.43	0.3568	0.733	76.81	90.76	ATAD3B
A0A2T4MZ46	Q9H834	0.9106	5.953e-21	1.6	0.4706	0.7279	76.16	90.76	
A0A7G9WGN0	B3KQ43	0.9105	8.769e-24	1.13	0.678	0.2815	81.56	84.32	
A0A3E3EC96	A0A1X7SBZ2	0.9105	2.541e-29	1.25	0.4891	0.6589	68.7	85.92	DDX17
A0A448L463	Q5FBZ5	0.9104	1.225e-17	1.39	0.7001	0.2791	93.77	86.52	PMS1
A0A3G9JPH8	H3BN59	0.9104	2.098e-22	1.08	0.5911	0.303	82.47	87.29	
A0A448L463	Q5FBZ1	0.9103	1.225e-17	1.44	0.7037	0.2792	94.97	86.52	PMS1
F0SEA5	G5EA19	0.9103	1.52e-14	2.06	0.7144	0.6225	95.05	97.13	TATDN1
A0A6B8MU63	Q96EN8	0.9103	3.423e-15	1.48	0.3768	0.8444	80.0	95.13	MOCOS
A0A3E3EC96	A0A7I2V2M5	0.9103	1.547e-28	1.65	0.4863	0.6545	81.89	85.92	DDX1
A0A858SQA6	Q6UW60	0.9103	4.191e-22	1.32	0.4028	0.5529	84.31	88.19	PCSK4
A0A4P7PX36	A0A7P0TAM5	0.9102	5.697e-23	1.83	0.6316	0.6162	80.1	89.35	ATAD1
Q2SG57	A0A5F9UKL4	0.9101	6.433e-38	1.18	0.6418	0.4548	78.84	76.0	ERCC6L2
A0A2T3FW44	B5BTY4	0.9101	1.888e-23	1.35	0.5296	0.6604	70.3	86.09	DDX3X
A0A1D7QWY7	A8K4D5	0.9101	0.0	2.68	0.6699	0.7993	95.65	95.52	KYNU
A0A2T4MZ46	Q96T67	0.9101	7.008e-22	1.61	0.3961	0.7298	79.65	90.76	
A0A4D7JUH4	B7Z801	0.9098	1.38e-23	1.78	0.6015	0.5514	84.39	88.62	
U4KRS2	Q59GS3	0.9098	2.512e-27	0.45	0.4069	0.322	77.79	85.68	
A0A1D7QWY7	Q53F63	0.9097	0.0	2.69	0.6701	0.7996	95.62	95.52	
A0A4P8XGJ0	A0A804HL79	0.9096	6.433e-38	1.11	0.6429	0.4696	77.49	73.83	ERCC6L2
A0A3G9JPH8	Q13206	0.9095	2.27e-33	1.33	0.4173	0.6893	70.68	87.29	DDX10
A0A2T3FW44	A0A2R8YCW1	0.9095	1.888e-23	1.42	0.5401	0.6584	71.08	86.09	DDX3X
Q82S43	Q7Z6Z6	0.9095	0.0	1.72	0.4598	0.6063	81.0	92.3	PNPLA5
A0A2T3FW44	A0A2R8YFS5	0.9094	1.888e-23	1.38	0.5293	0.6588	70.47	86.09	DDX3X
A0A2T7WAL3	B4DQK1	0.9093	2.889e-18	1.03	0.3682	0.5638	81.13	89.23	
A0A3G9JPH8	Q53FI9	0.9092	3.137e-22	0.84	0.5599	0.3936	71.09	87.29	
A0A3E3EC96	A0A7P0T9T8	0.9092	3.125e-32	1.12	0.4841	0.6758	62.15	85.92	DDX20
A0A2H4ZHC4	O75351	0.9092	4.345e-17	1.89	0.5289	0.7637	85.92	90.93	VPS4B
A0A7I7QV77	C9JX88	0.9091	5.692e-19	1.78	0.5467	0.7303	81.49	87.59	PSMC2
A0A822VZF9	A0A499FJS1	0.909	1.187e-24	1.29	0.7269	0.3785	77.52	80.58	MKNK1
A0A3E3EC96	F6S8Q4	0.909	1.888e-23	1.18	0.5241	0.6126	67.68	85.92	DDX3X
A0A6G7J7G5	A8K4G7	0.9089	4.345e-17	1.8	0.5277	0.7729	82.43	89.94	
A0A3G9JPH8	A0A2R8Y4A4	0.9089	1.888e-23	1.44	0.5266	0.6616	70.47	87.29	DDX3X
A0A3E3EC96	J3QL43	0.9088	1.427e-18	0.96	0.6527	0.3413	77.27	85.92	EIF4A1
A0A822VZF9	P24941	0.9088	4.889e-15	1.17	0.7856	0.3684	88.46	80.58	CDK2
A0A2T3FW44	B4DNG2	0.9088	8.919e-32	1.35	0.5601	0.5774	69.58	86.09	
A0A3E3EC96	A0A5H1ZRQ2	0.9087	2.541e-29	1.33	0.4828	0.652	69.58	85.92	DDX17
A0A0J8XNY7	A0A140VK42	0.9087	0.0	1.72	0.5593	0.6329	80.23	83.54	
G4T261	B4DPN5	0.9086	8.311e-24	1.3	0.8424	0.3767	76.12	74.69	
A0A3G9JPH8	A0A2U3TZJ9	0.9085	1.888e-23	1.45	0.5272	0.6615	70.2	87.29	DDX3X
A0A858SQA6	A1L3V6	0.9085	4.191e-22	1.31	0.4046	0.5543	81.39	88.19	PCSK1
A0A0Z8M843	B7ZA25	0.9084	1.495e-18	1.46	0.6629	0.3556	94.22	80.86	
D1PF82	P11908	0.9084	2.645e-14	0.43	0.3674	0.4829	95.31	80.31	PRPS2
A0A4D7JUH4	O75343	0.9084	4.6e-22	1.34	0.4156	0.5365	82.2	88.62	GUCY1B2
A0A4D7JUH4	B7Z685	0.9083	4.6e-22	1.42	0.4511	0.5236	82.99	88.62	GUCY1B1
R9RJ65	Q86SG6	0.9082	5.654e-24	1.03	0.4339	0.4509	84.92	80.14	NEK8
A0A0Z8M843	B4DLF9	0.9081	1.495e-18	1.48	0.6643	0.3562	94.39	80.86	
D1PF82	B2R860	0.908	2.645e-14	0.43	0.3666	0.4813	94.93	80.31	
A0A2T4MZ46	Q9NVI7	0.9079	7.008e-22	1.75	0.3929	0.7319	81.82	90.76	ATAD3A
A0A3E3EC96	Q59F66	0.9079	2.541e-29	1.34	0.4801	0.6534	68.82	85.92	
A0A220UM70	Q8N3Z3	0.9079	1.775e-18	1.45	0.5332	0.5315	84.93	86.29	GTPBP8
A0A0J8XNY7	A8K781	0.9078	0.0	1.85	0.5731	0.6264	83.39	83.54	
D1PF82	A0A140VK41	0.9078	2.645e-14	0.43	0.3643	0.483	94.7	80.31	
A0A0K2E484	A0A7I2V5J4	0.9077	6.915e-15	1.24	0.7183	0.3311	97.42	79.77	PRKACA
A0A3G9JPH8	A0A0A0MT12	0.9077	1.259e-12	0.72	0.7798	0.357	84.92	87.29	DDX39B
D1PF82	P21108	0.9077	2.645e-14	0.43	0.3661	0.481	94.6	80.31	PRPS1L1
A0A3E3EC96	E9PIF2	0.9077	2.27e-33	1.33	0.4365	0.6728	69.43	85.92	DDX10
A0A3G9JPH8	F6TRA5	0.9076	1.259e-12	0.72	0.7793	0.3618	84.52	87.29	DDX39B
A0A3G6K670	Q59HB6	0.9075	8.311e-24	1.09	0.6764	0.4079	75.56	76.92	
A0A1P8U854	A0A2R8Y726	0.9075	2.241e-20	1.21	0.4144	0.6404	79.82	81.14	SPG7
D1PF82	A0A0B4J207	0.9075	2.645e-14	0.42	0.3665	0.4816	94.11	80.31	PRPS1L1
A0A3G9JPH8	F6S4E6	0.9075	1.259e-12	0.73	0.7804	0.3506	85.34	87.29	DDX39B
A0A3G9JI25	E9PM69	0.9074	2.512e-27	1.84	0.6162	0.7212	77.61	80.46	PSMC3
Q2SG57	A0A590UJA1	0.9073	6.433e-38	1.17	0.6085	0.454	77.1	76.0	ERCC6L2
A0A0U4NK17	J3QLN6	0.9072	6.007e-14	1.45	0.8673	0.2179	94.81	90.56	EIF4A1
A0A3E3EC96	Q59EC7	0.9072	2.27e-33	1.32	0.4311	0.6725	68.82	85.92	
A0A553IIE0	Q71UM8	0.9071	1.195e-15	1.5	0.4556	0.7127	80.62	92.52	
A0A6G7J7G5	A8K5D8	0.9071	4.345e-17	1.86	0.5264	0.7703	82.65	89.94	
A0A8B3KKU7	P17980	0.907	0.0	1.78	0.5558	0.6288	80.62	83.63	PSMC3
K0VVY8	B4DJN9	0.907	0.0	1.75	0.633	0.5537	77.66	85.28	
A0A2T3FW44	Q59GX6	0.9069	1.888e-23	1.43	0.5189	0.658	69.44	86.09	
A0A7I7QV77	A0A140VK70	0.9069	5.692e-19	1.82	0.5438	0.7314	80.29	87.59	
R9RJ65	Q5SQQ7	0.9069	2.842e-22	1.24	0.686	0.3841	77.68	80.14	CAMK1D
A0A0K2E484	Q8IU85	0.9068	2.842e-22	1.14	0.6632	0.3983	75.7	79.77	CAMK1D
A0A250IWT1	O76071	0.9064	7.632e-18	1.07	0.8301	0.3814	96.66	53.22	CIAO1
A0A250IWT1	B2RDJ6	0.9064	7.632e-18	1.07	0.8296	0.3813	96.76	53.22	CIAO1
A0A3G9JPH8	Q59G92	0.9062	8.02e-16	0.8	0.6454	0.389	73.82	87.29	
A0A075TXM8	B7Z8H2	0.9061	7.887e-13	0.6	0.5767	0.4858	78.94	92.03	TRDMT1
R9RJ65	A8K0N1	0.9061	1.778e-18	1.18	0.6331	0.3596	85.5	80.14	
A0A518GBU2	B4DEY5	0.9061	3.17e-20	1.67	0.7561	0.3202	90.12	82.25	
A0A3G9JPH8	Q59FR7	0.906	1.68e-26	1.59	0.7543	0.3768	73.79	87.29	
A0A3E3EC96	Q9UHI6	0.9059	3.125e-32	1.12	0.4389	0.6687	61.34	85.92	DDX20
R9RJ65	Q9HBY8	0.9059	1.778e-18	1.25	0.6345	0.3602	86.99	80.14	SGK2
A0A1P8U854	J3KRF6	0.9059	6.299e-16	1.07	0.5905	0.5141	81.0	81.14	SPG7
L0L0B2	P22314	0.9058	1.717e-11	0.93	0.2124	0.8645	92.35	96.22	UBA1
A0A3E3EC96	Q9UJV9	0.9056	2.698e-31	1.83	0.5562	0.6424	77.93	85.92	DDX41
A0A7I7QV77	P35998	0.9056	5.692e-19	1.87	0.5435	0.7308	80.53	87.59	PSMC2
A0A3G9JPH8	A0A2R8Y645	0.9056	1.888e-23	1.34	0.4897	0.6643	65.27	87.29	DDX3X
A0A3E3EC96	Q8IYV2	0.9056	3.125e-32	1.13	0.4553	0.6916	58.59	85.92	DDX20
A0A3E3EC96	B7Z5N6	0.9055	2.698e-31	1.67	0.582	0.6153	71.98	85.92	
A0A858SQA6	A0A140VJQ9	0.9055	4.191e-22	1.46	0.4024	0.553	82.31	88.19	
L0L0B2	A0A024R1A3	0.9055	1.717e-11	0.93	0.2123	0.8641	92.01	96.22	
A0A5P2DAM4	Q9Y2C4	0.9055	3.245e-14	1.17	0.4975	0.6188	88.01	83.2	EXOG
G8X4N1	Q9HAP1	0.9054	1.198e-23	1.74	0.5278	0.4792	91.93	83.32	VCP
A0A822VZF9	F2Z3C8	0.9053	3.579e-15	1.24	0.7727	0.3476	87.38	80.58	SGK2
A0A5P2DAM4	B3KN09	0.9052	3.245e-14	1.17	0.4976	0.619	87.62	83.2	
A0A123SU34	A8K8B9	0.9052	6.915e-15	1.29	0.6684	0.3575	96.12	80.85	
A0A4D7JUH4	Q9NNW8	0.9052	4.979e-18	1.35	0.4559	0.5401	81.51	88.62	
A0A2H4ZHC4	A0A2R8Y4I8	0.9049	4.698e-23	1.76	0.4093	0.7618	73.95	90.93	SPAST
A0A822VZF9	I6L9I5	0.9048	4.889e-15	1.2	0.8477	0.3084	83.82	80.58	CDC2
F9P855	A0A7I2V2Y2	0.9047	1.371e-23	1.9	0.4818	0.5798	91.7	85.22	VCP
A0A2H4ZHC4	Q9UBP0	0.9046	5.953e-21	1.74	0.3888	0.7648	75.99	90.93	SPAST
K9VKA7	A0A140VJE6	0.9046	2.437e-22	0.86	0.2418	0.4515	81.93	88.1	
A0A5J5HTY5	Q9BVQ7	0.9046	5.437e-27	1.69	0.3148	0.7403	77.1	90.64	AFG2B
A0A3G9JPH8	A0A0D9SF53	0.9045	1.888e-23	1.41	0.4815	0.6675	66.2	87.29	DDX3X
A0A6B8RKD6	Q75ME3	0.9044	1.677e-13	0.34	0.5357	0.307	85.62	88.26	WBSCR22
A0A3T2HMK4	H0YNB5	0.9044	4.133e-17	1.74	0.7381	0.2274	97.38	89.15	FURIN
A0A250IWT1	A0A6Q8PG88	0.9044	2.574e-22	1.53	0.9014	0.3748	96.49	53.22	GNB4
A0A822VZF9	A0A7I2V4L1	0.9044	7.052e-19	1.3	0.6297	0.3634	85.34	80.58	MARK3
A0A3E3EC96	B4DYZ1	0.9043	2.698e-31	1.67	0.5109	0.6822	70.61	85.92	
I0AFM5	B7ZKN7	0.9043	6.874e-26	1.23	0.3855	0.5923	68.05	90.08	BLM
A0A2I5KM74	X6R8H3	0.9042	1.778e-18	1.23	0.6554	0.3661	81.57	80.99	SGK2
A0A2T3FW44	Q59H21	0.9042	5.357e-17	1.44	0.6216	0.6046	72.77	86.09	
A0A2H4ZHC4	E5KRP6	0.9042	4.698e-23	1.79	0.4085	0.7614	74.13	90.93	SPAST
A0A3G9JPH8	F1T0L5	0.9041	2.698e-31	1.75	0.5349	0.674	70.83	87.29	DDX51
A0A3E3EC96	Q8TDR3	0.9041	3.125e-32	1.12	0.4453	0.6769	57.91	85.92	DDX20
A0A250IWT1	B9EK65	0.904	7.632e-18	0.98	0.8822	0.3765	87.98	53.22	WDR38
G4T261	A0A590UJK0	0.904	6.433e-38	1.17	0.6396	0.4359	73.16	74.69	ERCC6L2
A0A3G9JPH8	B4DLU5	0.9039	1.888e-23	0.75	0.4315	0.4393	66.63	87.29	
A0A7M2Y6J8	B8ZZL5	0.9039	2.466e-18	0.69	0.5158	0.1508	86.92	85.92	MITD1
A0A2T4MZ46	K7EM02	0.9039	1.772e-12	1.04	0.8151	0.3805	81.22	90.76	KATNAL2
A0A1Q2CWK5	A0A7P0T8G7	0.9038	2.359e-21	2.32	0.6867	0.7462	81.87	89.43	DDX20
R9RJ65	Q8N7M6	0.9037	7.851e-32	1.54	0.6391	0.3687	83.39	80.14	
Z9JIC9	Q93075	0.9037	4.655e-20	1.45	0.3023	0.8697	59.02	96.65	TATDN2
A0A448L463	Q5XG96	0.9037	1.225e-17	1.3	0.6942	0.2373	85.28	86.52	PMS1
B0N6M2	Q5STU3	0.9036	2.532e-23	2.0	0.7325	0.5897	76.37	85.91	DDX39B
A0A181C511	Q8IYT4	0.9036	5.692e-19	1.65	0.4605	0.7693	71.9	88.32	KATNAL2
F9P855	O75449	0.9036	1.816e-20	1.46	0.4807	0.6168	75.03	85.22	KATNA1
L0L0B2	B3KNJ4	0.9035	9.099e-14	1.62	0.5588	0.6796	80.75	96.22	SAE1
Q9I3X2	B3KWY1	0.9035	8.445e-18	1.94	0.6868	0.5598	85.56	86.92	
A0A7Z2ZN36	C9JLX3	0.9035	8.748e-20	1.66	0.3639	0.6753	76.77	94.92	ADCY3
R9RJ65	B4DM54	0.9035	7.851e-32	1.44	0.6273	0.3773	80.06	80.14	
A0A250IWT1	B7ZW23	0.9034	7.632e-18	0.93	0.8724	0.3716	86.98	53.22	WDR38
R9RJ65	A8K341	0.9034	1.187e-24	1.39	0.6979	0.3766	75.63	80.14	
F9P855	Q9BW62	0.9033	1.816e-20	1.51	0.4794	0.6144	76.53	85.22	KATNAL1
A0A116MDM6	B4E2L0	0.9033	7.12e-18	1.26	0.5817	0.3577	88.28	80.78	
A0A1P8U854	Q9Y4W6	0.9032	2.241e-20	1.25	0.3649	0.6673	76.73	81.14	AFG3L2
A0A1X1TAW3	A0A6Q8PGT6	0.9031	5.114e-44	1.54	0.5741	0.4514	77.74	83.44	IGHMBP2
A0A0Z8M843	A0A024R7Q5	0.9031	2.836e-16	1.77	0.8208	0.3587	93.36	80.86	
G2LKY9	I6L957	0.9031	1.284e-15	0.2	0.2854	0.3431	80.17	93.14	HNRNPA2B1
A0A2Z2PM56	B3KTH1	0.9031	3.285e-21	0.94	0.4281	0.373	76.64	87.17	
A0A250IWT1	P63244	0.903	7.632e-18	1.2	0.8804	0.3784	92.44	53.22	RACK1
A0A3E3EC96	Q7L014	0.9029	1.194e-31	1.3	0.3478	0.6585	69.2	85.92	DDX46
A0A250IWT1	Q5JTN6	0.9029	7.632e-18	0.98	0.8742	0.3716	87.47	53.22	WDR38
A0A0E3QWB4	F5GXA0	0.9029	2.286e-22	0.66	0.4752	0.4427	67.86	80.53	SUMF1
A0A1P8U854	A0A2R8Y4Y7	0.9028	2.241e-20	1.2	0.3734	0.6526	75.21	81.14	SPG7
A0A822VZF9	A0A3B3IT40	0.9028	3.579e-15	1.31	0.7727	0.3429	86.47	80.58	SGK2
A0A2Z2PZ63	Q53HW5	0.9027	3.285e-21	0.87	0.4049	0.3814	74.51	88.14	
A0A3G9JPH8	K7EQN7	0.9026	1.259e-12	0.81	0.7509	0.3736	80.94	87.29	DDX39A
A0A822VZF9	E9PBE1	0.9026	1.495e-18	1.37	0.6758	0.3652	82.46	80.58	PRKCZ
A0A3W0CUD2	Q9UHY7	0.9025	2.682e-15	1.28	0.4792	0.316	95.36	91.18	ENOPH1
A0A250IWT1	Q9BRX9	0.9025	2.574e-22	1.47	0.8767	0.3784	93.33	53.22	WDR83
Z9JIC9	A8K179	0.9025	4.655e-20	1.36	0.303	0.8711	54.5	96.65	
A0A2H4ZHC4	E5KRP5	0.9025	4.698e-23	1.77	0.3883	0.7631	72.42	90.93	SPAST
B0SQF3	B3KXH5	0.9024	9.47e-19	1.58	0.3971	0.717	79.19	85.15	
K9VHX1	A0A804HKY6	0.9023	8.441e-45	2.21	0.7676	0.4896	86.26	84.8	SACS
A0A0E3QWB4	A0A494C1B1	0.9022	2.245e-16	1.14	0.6004	0.4061	83.45	80.53	SUMF2
A0A0E3QWB4	A8MXB9	0.9021	2.245e-16	1.34	0.6379	0.4059	86.63	80.53	SUMF2
A0A6A9GWD9	B7ZBU3	0.9021	1.027e-13	1.62	0.8007	0.4127	87.21	89.93	DDX59
A0A3E3EC96	Q9H8H2	0.902	2.698e-31	1.51	0.4365	0.684	66.97	85.92	DDX31
A0A0Z8M843	Q9BXA6	0.902	2.836e-16	1.82	0.8231	0.3602	93.46	80.86	TSSK6
A0A0K2E484	B4DK59	0.9019	7.851e-32	1.48	0.637	0.3398	81.43	79.77	
A0A7G1G9R9	E9PIP6	0.9019	0.0	0.34	0.6101	0.0417	61.68	93.13	PIWIL3
A0A2H4ZHC4	A0A2U3TZR0	0.9019	4.698e-23	1.79	0.3884	0.7616	72.5	90.93	SPAST
K9VHX1	A0A804HLL1	0.9019	8.441e-45	2.23	0.7619	0.5077	85.81	84.8	SACS
A0A0Z8M843	Q9HC98	0.9018	4.889e-15	1.34	0.7814	0.3803	83.22	80.86	NEK6
A0A127M5U3	Q59FC6	0.9018	1.721e-11	1.14	0.7275	0.6629	79.33	88.36	
A0A0C9N5F7	A0A059V6Y7	0.9018	1.126e-33	2.29	0.8066	0.3554	91.54	89.17	PIWIL2
A0A1B7ZBY1	B7Z9H9	0.9018	6.346e-21	1.42	0.474	0.4032	84.54	86.18	
G0J3Y0	B4E1P5	0.9017	2.662e-85	2.29	0.5203	0.6748	93.41	84.67	
Q2JGS4	Q96IF9	0.9016	3.313e-25	1.9	0.3652	0.7285	81.45	88.25	VCP
A0A7G5XK49	A0A7P0TAQ1	0.9016	5.315e-34	1.65	0.3417	0.6347	81.85	84.55	VCP
A0A0E3QWB4	C9J660	0.9015	2.245e-16	0.38	0.5004	0.3887	73.55	80.53	SUMF2
A0A250IWT1	A0A7I2V2J8	0.9015	7.632e-18	1.18	0.8758	0.342	92.67	53.22	PEX7
A0A3G9JPH8	Q8N8A6	0.9014	2.698e-31	1.9	0.5319	0.6695	73.54	87.29	DDX51
L0L0B2	Q9UBT2	0.9014	8.898e-11	0.93	0.3431	0.8681	85.26	96.22	UBA2
A0A0K1P5Q4	Q9BV39	0.9014	1.992e-13	2.03	0.5862	0.7705	93.11	91.06	
A0A2I5KM74	E7EUK8	0.9014	7.851e-32	1.6	0.6593	0.3529	81.27	80.99	CDK14
A0A181C511	Q9HAP0	0.9013	4.107e-17	1.9	0.6155	0.6137	82.6	88.32	VCP
R9RJ65	B7Z7K5	0.9012	1.495e-18	1.41	0.6741	0.3645	82.47	80.14	
A0A250IWT1	E9KL35	0.9012	7.632e-18	1.17	0.8805	0.3785	89.19	53.22	
A0A2T4MZ46	Q6PIW4	0.9011	2.233e-27	1.65	0.3528	0.7502	67.49	90.76	FIGNL1
F0SEA5	U3KQS5	0.901	1.52e-14	2.29	0.7076	0.624	93.39	97.13	TATDN1
A0A7U3SQ39	Q02846	0.901	1.295e-17	1.37	0.1682	0.6801	82.01	93.91	GUCY2D
A0A3E3EC96	A8K6X3	0.9008	1.194e-31	1.28	0.3478	0.6583	65.78	85.92	
K9VHX1	A0A804HL98	0.9008	8.441e-45	2.17	0.7493	0.4953	83.32	84.8	SACS
A0A2S4HYC0	C9J9E4	0.9006	2.822e-15	0.93	0.7839	0.1148	88.96	78.86	SMC4
A0A7U9HC83	B4DQJ4	0.9005	8.203e-24	1.78	0.4084	0.7523	69.01	90.89	
A0A1B7ZBY1	E9PCN2	0.9003	6.346e-21	1.15	0.4067	0.3995	79.4	86.18	GUCY1B1
A0A4Y6RC84	Q86WJ1	0.9001	6.492e-20	1.04	0.5525	0.4037	73.19	80.52	CHD1L
A0A1P8U854	Q9UQ90	0.9001	2.241e-20	1.24	0.3538	0.6528	73.99	81.14	SPG7
A0A3E3EC96	A0A0C4DG89	0.9	1.194e-31	1.31	0.347	0.6572	65.71	85.92	DDX46
F9P855	B3KUK7	0.9	1.816e-20	1.56	0.4824	0.6183	73.33	85.22	KATNA1
A0A2I5KM74	D6R938	0.9	3.921e-26	1.5	0.5315	0.4084	82.06	80.99	CAMK2D
S0GIC5	P41247	0.8999	2.691e-13	1.99	0.7545	0.5851	94.42	88.14	PNPLA4
A0A1P8U854	Q8TA92	0.8999	2.241e-20	1.3	0.3548	0.6623	74.73	81.14	
K9VKA7	P16066	0.8997	2.437e-22	1.24	0.2453	0.4567	84.61	88.1	NPR1
K9VHX1	A0A804HIG5	0.8997	8.441e-45	2.26	0.7602	0.491	85.55	84.8	SACS
F9P855	B2RDY3	0.8997	1.816e-20	1.58	0.4843	0.6205	73.25	85.22	KATNAL1
B9JPH6	A8K359	0.8995	3.285e-21	0.93	0.3887	0.3657	74.15	87.75	
A0A250IWT1	E7EP32	0.8994	1.592e-17	1.5	0.9142	0.3695	95.89	53.22	GNB2
R9RJ65	Q8IY84	0.8994	1.131e-17	1.13	0.5468	0.366	82.36	80.14	NIM1K
A0A3V4SMW8	A0A6Q8PGU6	0.8994	9.601e-26	1.54	0.2618	0.7535	70.13	88.57	AFG2A
A0A822VZF9	Q5SWX3	0.8994	3.921e-26	1.46	0.5232	0.4142	80.44	80.58	CAMK2G
A0A3E3EC96	B3KX23	0.8993	1.058e-27	1.58	0.5036	0.6291	65.44	85.92	
A0A220UM70	C9J0K3	0.8993	1.164e-12	1.48	0.7844	0.3966	91.79	86.29	GTPBP8
R9RJ65	P00540	0.8993	1.358e-16	1.21	0.6616	0.3577	80.36	80.14	MOS
A0A250IWT1	D6RFX4	0.8992	1.486e-16	0.83	0.906	0.2393	89.21	53.22	RACK1
A0A3E5G8Z5	Q9NSU2	0.8991	2.973e-13	1.71	0.4818	0.8028	80.23	94.31	TREX1
L0L0B2	B2RDF5	0.8991	8.898e-11	0.9	0.343	0.8677	81.56	96.22	
A0A2X1XYZ4	Q5TZT0	0.899	6.258e-12	1.42	0.5068	0.83	78.7	92.78	TREX1
E0TDM5	A0A0A1EMC4	0.8989	4.793e-38	2.37	0.4939	0.724	89.22	87.58	
A0A822VZF9	P06493	0.8988	6.976e-13	1.22	0.7843	0.3668	89.34	80.58	CDK1
A0A4U8Z5F9	A0A494C1P7	0.8988	4.115e-21	1.56	0.5495	0.5905	74.21	79.27	CHD1L
A0A250IWT1	H0Y811	0.8988	4.57e-24	1.19	0.8686	0.3065	84.13	53.22	SPAG16
A0A250IWT1	B7ZW24	0.8988	7.632e-18	0.91	0.864	0.3563	81.95	53.22	WDR38
K9VHX1	A0A804HHS6	0.8987	8.441e-45	2.29	0.7622	0.4921	85.43	84.8	SACS
A0A5J5HTY5	Q8NB90	0.8986	9.601e-26	1.71	0.2674	0.748	72.91	90.64	AFG2A
A0A6G7VQR1	A0A1W2PP74	0.8986	0.0	2.73	0.6319	0.6805	94.45	94.67	GLDC
K9VHX1	A0A804HK57	0.8985	8.441e-45	2.28	0.7607	0.4972	84.44	84.8	SACS
O28951	Q9HCK5	0.8985	1.766e-19	2.43	0.4308	0.8273	91.17	92.65	AGO4
A0A448L463	Q7KZT4	0.8985	1.225e-17	1.33	0.6913	0.2353	79.59	86.52	
A0A4D7JUH4	Q8NBM1	0.8985	1.28e-13	1.41	0.6591	0.5345	78.74	88.62	
G4T261	A0A494C0F0	0.8985	1.336e-16	1.46	0.8572	0.2666	85.21	74.69	CHD1L
K9VHX1	A0A804HIU0	0.8984	8.441e-45	2.31	0.7543	0.5082	85.34	84.8	SACS
G8X4N1	A8K7S5	0.8984	5.231e-23	1.8	0.5055	0.705	71.77	83.32	KATNA1
A0A0K1P5Q4	Q8TBA1	0.8984	1.992e-13	2.1	0.6507	0.7708	87.85	91.06	
A0A1P8U854	A0A2U3TZH1	0.8983	2.241e-20	1.17	0.3414	0.6249	72.31	81.14	SPG7
A0A822VZF9	B3KUN5	0.8983	5.65e-18	1.22	0.5647	0.3611	81.34	80.58	
A0A1P8U854	A0A2R8YFW4	0.8982	2.241e-20	1.27	0.3626	0.6557	71.54	81.14	SPG7
A0A5J5HTY5	O15381	0.8982	4.32e-18	1.53	0.283	0.7592	72.53	90.64	NVL
F6BIK3	F8WCT9	0.8982	1.644e-39	1.8	0.7896	0.3804	80.42	73.91	ZRANB3
K9VHX1	A0A804HLK7	0.8981	8.441e-45	2.32	0.7663	0.4957	85.46	84.8	SACS
A0A2T4MZ46	B3KNH6	0.8981	2.233e-27	1.65	0.3517	0.7478	63.8	90.76	
A0A0Z8HCP9	Q00526	0.898	4.889e-15	1.51	0.7633	0.3674	86.13	80.32	CDK3
A0A0E3P3N4	Q3MIP1	0.898	3.824e-20	2.26	0.5073	0.7935	79.19	91.79	ITPRIPL2
A0A3G9JPH8	B4DYP6	0.898	1.187e-13	0.77	0.765	0.2038	77.18	87.29	
L0L0B2	B3KMZ6	0.8978	8.898e-11	0.91	0.3397	0.8571	80.95	96.22	
A0A1Y0II42	F8VRX4	0.8977	6.007e-14	1.6	0.8215	0.2526	91.76	86.65	DDX54
A0A3G9JPH8	Q9BUQ8	0.8977	1.91e-35	1.94	0.4266	0.6572	77.65	87.29	DDX23
A0A7G9WGN0	B3KS29	0.8976	1.603e-31	1.51	0.5154	0.4031	76.14	84.32	
A0A4Y1WP74	Q9H9G7	0.8976	6.165e-36	2.28	0.4139	0.6849	91.49	87.22	AGO3
A0A517ZL33	O75716	0.8976	1.103e-13	1.45	0.7718	0.4196	93.08	74.1	STK16
A0A2T3FW44	F5H5U2	0.8975	1.741e-30	2.11	0.5691	0.6127	79.66	86.09	DDX55
G2LKY9	A0A087WUI2	0.8975	3.35e-14	0.23	0.2739	0.3425	80.56	93.14	HNRNPA2B1
A0A0U4NK17	J3KS25	0.8975	6.007e-14	1.44	0.7446	0.2105	90.29	90.56	EIF4A1
A0A7Z2ZN36	P25092	0.8974	1.295e-17	1.5	0.1723	0.6807	80.01	94.92	GUCY2C
A0A517ZL33	P0C264	0.8974	2.791e-17	1.49	0.6639	0.4231	85.82	74.1	SBK3
A0A518G7R2	Q6ZQY3	0.8974	2.028e-22	2.74	0.5982	0.7681	94.56	93.7	GADL1
A0A2K8K7Y7	Q9Y276	0.8974	2.446e-22	0.84	0.3182	0.2095	86.96	83.99	BCS1L
A0A2T3FW44	A0A2R8YDH3	0.8973	1.888e-23	1.8	0.5623	0.5378	74.51	86.09	DDX3X
A0A517ZL33	Q96PN8	0.8972	1.103e-13	1.59	0.8387	0.4057	93.56	74.1	TSSK3
L0L0B2	A0A590UKC5	0.8971	1.825e-11	1.62	0.6822	0.6641	83.16	96.22	SAE1
A0A517ZL33	Q86V86	0.8971	3.188e-17	1.47	0.6928	0.4006	84.47	74.1	PIM3
A0A810MZG8	Q8IV08	0.8971	7.014e-13	1.73	0.6131	0.5839	91.18	89.89	PLD3
A0A1P8U854	A0A2R8Y3M4	0.897	2.241e-20	1.24	0.348	0.6501	70.4	81.14	SPG7
L0GZM5	Q59FK2	0.8969	1.678e-11	0.61	0.6915	0.4489	70.05	95.15	
K9VHX1	B2REB0	0.8969	8.441e-45	2.33	0.758	0.4974	84.75	84.8	SACS
A0A109W5Q4	Q8N3J2	0.8968	2.896e-14	1.14	0.3616	0.7378	77.21	82.46	METTL4
A0A0Z8M843	O95747	0.8968	5.921e-24	1.42	0.5189	0.4183	76.55	80.86	OXSR1
R9RJ65	V9HW16	0.8968	5.082e-17	1.89	0.8024	0.3529	89.47	80.14	HEL-S-90
A0A127M5U3	A0A7P0TBC2	0.8968	1.721e-11	0.99	0.7225	0.5351	77.64	88.36	HSP90B1
A0A7W9D3C6	A0A024R445	0.8967	2.446e-22	0.78	0.3167	0.2075	85.32	83.61	BCS1L
A0A1X1TAW3	P38935	0.8967	5.114e-44	1.64	0.5063	0.4485	77.35	83.44	IGHMBP2
A0A4U8Z5F9	X5D2E5	0.8967	4.115e-21	1.46	0.5085	0.6151	69.22	79.27	CHD1L
K9VHX1	H0Y6M8	0.8966	8.441e-45	2.35	0.741	0.5379	83.87	84.8	SACS
A0A6G7J7G5	I3L4J1	0.8966	4.345e-17	2.0	0.5081	0.7178	78.96	89.94	
A0A250IWT1	Q6FGN1	0.8966	7.632e-18	1.48	0.8474	0.3754	94.81	53.22	PEX7
A0A1D7QX01	D7EZH4	0.8965	2.353e-18	1.13	0.6083	0.5203	68.28	74.39	
A0A1L6ZIH7	B2RAR3	0.8965	0.0	2.78	0.625	0.7609	92.51	91.78	QTRT1
A0A376FG80	D6RBJ9	0.8965	3.611e-10	0.43	0.7733	0.27	95.21	88.01	DCTD
A0A822VZF9	B8ZZI5	0.8965	2.836e-16	1.72	0.7678	0.333	88.24	80.58	STK16
A0A7W9D3C6	A8JZZ8	0.8965	2.446e-22	0.85	0.3166	0.2075	86.68	83.61	
A0A2I5KM74	A0JLT6	0.8965	7.12e-18	1.42	0.6207	0.352	81.63	80.99	PRKD2
A0A6S5KBZ7	C9JKD9	0.8964	5.875e-20	0.86	0.4803	0.2311	75.79	84.86	ABCG1
A0A2I5KM74	Q9BUD9	0.8964	4.617e-21	1.38	0.5555	0.4067	75.43	80.99	AAK1
A0A250IWT1	Q59G26	0.8964	1.592e-17	1.51	0.8505	0.3799	95.78	53.22	
A0A7W9D3C6	Q53EX1	0.8964	2.446e-22	0.77	0.3141	0.2063	84.93	83.61	
A0A3P1H1Q9	A0A384MTI6	0.8963	7.129e-32	1.86	0.3222	0.6862	84.15	81.04	
A0A3G9JPH8	B4E010	0.8963	6.751e-15	0.77	0.4986	0.3937	73.32	87.29	
A0A822VZF9	A8K6N9	0.8962	3.921e-26	1.56	0.5213	0.4152	79.56	80.58	
A0A3G6K670	B4DSC8	0.8962	3.11e-37	1.19	0.5561	0.3405	73.06	76.92	
A0A250IWT1	A0A087X0D8	0.8962	3.253e-15	0.92	0.8757	0.3739	85.38	53.22	WDR38
A0A517ZL33	P51817	0.8961	3.188e-17	1.71	0.6963	0.4389	88.6	74.1	PRKX
A0A858SQA6	B4DR21	0.8961	9.386e-16	1.32	0.3394	0.5496	82.9	88.19	
A0A1D7QX01	B4DLD8	0.8961	0.0	1.09	0.4728	0.5211	66.16	74.39	
A9WFD2	B4DEL6	0.8961	5.909e-11	0.95	0.3339	0.793	85.16	93.36	
A0A3P1H1Q9	P46459	0.896	7.129e-32	1.91	0.3224	0.6872	85.6	81.04	NSF
A0A5J5HTY5	B4DLM8	0.896	4.32e-18	1.56	0.2799	0.7509	71.39	90.64	
A0A822VZF9	P31751	0.896	5.65e-18	1.19	0.492	0.3611	82.27	80.58	AKT2
A0A0E3QWB4	E9PBT8	0.896	2.245e-16	0.69	0.5504	0.29	75.45	80.53	SUMF2
A0A3F2ZXH1	A0A0S2Z550	0.8959	5.114e-44	1.58	0.5615	0.4474	71.03	82.95	SETX
A0A376FG80	P32321	0.8959	3.611e-10	0.43	0.7623	0.2789	94.54	88.01	DCTD
G8X4N1	A0A7P0Z4C6	0.8958	1.72e-22	1.85	0.3543	0.6871	81.88	83.32	VCP
A0A250IWT1	O00628	0.8958	7.632e-18	1.52	0.847	0.3755	94.99	53.22	PEX7
A0A3P1H1Q9	B4DSK5	0.8957	7.129e-32	1.88	0.3389	0.6875	82.97	81.04	
A0A7D5LBC8	D6RC99	0.8956	8.018e-20	1.81	0.298	0.6587	78.63	93.51	GUCY1B1
A0A343TGU9	B7Z6G8	0.8956	9.539e-22	1.81	0.277	0.6577	79.31	91.96	
A0A1D3GZV9	Q86VD1	0.8956	5.404e-27	1.31	0.2258	0.7065	69.55	81.84	MORC1
A0A0K2E484	A0A024QZP7	0.8955	6.976e-13	1.29	0.7778	0.3652	88.34	79.77	CDK1
A0A2R3QW93	Q9NPP9	0.8955	1.71e-21	1.16	0.6664	0.2564	74.3	76.68	
A0A518DYC1	O43464	0.8954	7.192e-16	0.96	0.4116	0.4719	74.45	85.88	HTRA2
A0A0E3QWB4	B4DQ27	0.8954	2.245e-16	0.69	0.556	0.2943	74.01	80.53	
A0A116MDM6	P11801	0.8954	2.842e-22	1.36	0.5608	0.3693	74.63	80.78	PSKH1
L0L0M6	P51841	0.8954	1.295e-17	1.66	0.1665	0.6986	82.06	94.81	GUCY2F
A0A250IWT1	A0A140VJJ8	0.8953	1.592e-17	1.52	0.821	0.3806	96.6	53.22	
A0A6G7VQG1	A8K1T6	0.8953	2.896e-14	1.26	0.3616	0.7609	75.21	84.32	
A0A7T3E6V9	A8KA05	0.8952	6.165e-36	2.33	0.4146	0.6767	90.78	87.69	EIF2C3
A0A250IWT1	P62873	0.8952	1.592e-17	1.54	0.8218	0.3814	97.06	53.22	GNB1
A0A2M9H3T4	A0A0C4DG51	0.8952	6.078e-17	1.71	0.4182	0.7715	68.21	90.38	PNPLA8
A0A4U8Z5F9	Q92698	0.8952	7.444e-15	1.58	0.6074	0.6175	80.37	79.27	RAD54L
A0A822VZF9	Q9Y243	0.8951	5.65e-18	1.23	0.4938	0.361	82.07	80.58	AKT3
A0A0Y6UFV9	A0A669KBB4	0.8951	0.0	1.59	0.4687	0.4839	70.71	86.31	MLH1
A0A5P3ATL0	O60256	0.8949	2.645e-14	0.75	0.32	0.4889	87.36	79.42	PRPSAP2
A0A0K1P5Q4	Q6N017	0.8949	4.44e-18	2.22	0.4434	0.7793	83.01	91.06	ABCA5
A0A250IWT1	C9JXA5	0.8948	1.592e-17	1.25	0.7933	0.2761	96.43	53.22	GNB2
I0AFM5	B7Z2X2	0.8945	6.874e-26	1.44	0.3549	0.5482	66.24	90.08	
A0A250IWT1	P16520	0.8945	1.592e-17	1.57	0.8199	0.381	97.18	53.22	GNB3
A0A4D7JUH4	B3KU69	0.8944	3.457e-16	1.31	0.3823	0.5484	75.5	88.62	
A0A1D7QX01	B4DR07	0.8943	1.035e-31	1.14	0.4345	0.5211	68.14	74.39	
A0A250IWT1	F1T0G4	0.8943	1.592e-17	1.55	0.8207	0.3812	96.18	53.22	GNB3
A0A822VZF9	Q15831	0.8943	4.489e-30	1.58	0.5434	0.3631	78.79	80.58	STK11
A0A250IWT1	P62879	0.8943	1.592e-17	1.57	0.8199	0.3809	96.9	53.22	GNB2
A0A4P8XGJ0	Q9H4L7	0.8942	0.0	1.15	0.461	0.5131	67.09	73.83	SMARCAD1
A0A3G9JPH8	B4E047	0.8942	9.268e-12	0.96	0.7668	0.263	87.14	87.29	
A0A250IWT1	A0A2L0WW42	0.8942	1.592e-17	1.58	0.8198	0.381	97.11	53.22	GNB1
K9VHX1	A0A804HKB3	0.8942	8.441e-45	2.27	0.7217	0.5215	79.16	84.8	SACS
A0A5V8MYV7	Q9HCE1	0.8941	6.423e-16	1.77	0.46	0.6294	81.08	88.4	MOV10
A0A4U8Z5F9	Q86UA8	0.894	8.266e-19	1.61	0.4772	0.6169	76.08	79.27	SMARCA1
I0AFM5	P54132	0.8939	1.934e-26	1.19	0.2796	0.5827	60.54	90.08	BLM
A0A250IWT1	F1T0G5	0.8939	1.592e-17	1.56	0.8204	0.3811	96.09	53.22	GNB3
U3A0C6	Q02108	0.8939	3.839e-18	1.4	0.2477	0.5231	77.45	93.8	GUCY1A1
A0A3E3EC96	J3KRZ1	0.8939	1.185e-9	0.53	0.9021	0.2955	92.71	85.92	DDX5
A0A2C9CA92	Q7KZ41	0.8938	3.911e-18	2.04	0.2257	0.8015	85.75	91.75	
A0A250IWT1	B2R6K4	0.8938	1.592e-17	1.58	0.8198	0.381	96.67	53.22	
A0A822VZF9	B7Z3V9	0.8938	5.65e-18	1.25	0.4604	0.3591	83.26	80.58	
R9RJ65	O00141	0.8938	5.65e-18	1.31	0.5441	0.36	79.75	80.14	SGK1
A0A250IWT1	Q6FHM2	0.8937	1.592e-17	1.57	0.8201	0.381	96.2	53.22	GNB2
A0A3G6K670	B4DK35	0.8937	3.11e-37	1.23	0.4815	0.395	72.26	76.92	
A0A3G6K670	A0A0C4DGA6	0.8937	5.731e-35	0.82	0.4489	0.387	64.55	76.92	HLTF
A0A2T3FW44	Q7Z4W0	0.8937	4.042e-13	1.45	0.6506	0.5642	77.98	86.09	
A0A858SQA6	A2RQD9	0.8936	2.163e-11	1.08	0.6206	0.4196	91.32	88.19	PCSK6
A0A822VZF9	K7EL10	0.8936	4.11e-15	1.39	0.756	0.2417	84.72	80.58	PKN1
A0A1D9PCU6	K7EIJ1	0.8935	4.978e-13	0.97	0.4876	0.3304	86.24	91.14	ELAC1
A0A3T0KX20	B3KRG2	0.8935	3.285e-21	1.35	0.4115	0.346	77.61	87.55	
A0A2C9CA92	O00370	0.8934	3.911e-18	2.05	0.2114	0.8017	86.58	91.75	
A0A1I7JXK9	Q9UF71	0.8933	1.485e-20	1.62	0.6802	0.3746	76.81	77.73	DKFZp434J1672
A0A517ZL33	Q15759	0.8932	4.426e-16	1.62	0.6501	0.4169	89.67	74.1	MAPK11
A0A2Z5TNJ9	B3KSH7	0.8931	1.131e-17	1.32	0.5996	0.3645	75.97	80.1	
U3A0C6	B7Z2C7	0.8931	4.556e-21	1.58	0.1826	0.5374	80.9	93.8	
A0A1D7QX01	P28370	0.8931	2.353e-18	1.12	0.4498	0.5089	74.75	74.39	SMARCA1
R9RJ65	Q15208	0.8931	5.65e-18	1.45	0.5173	0.3699	84.26	80.14	STK38
B0N6M2	A0A140TA18	0.8931	5.986e-18	1.93	0.8041	0.397	74.87	85.91	DDX39B
L0L0B2	A0A3R5W301	0.893	8.898e-11	0.96	0.2777	0.8569	79.97	96.22	
A0A2N8KEQ4	Q15645	0.8929	7.331e-12	2.01	0.6258	0.8659	86.7	88.57	TRIP13
R9RJ65	B7Z1G1	0.8928	2.29e-13	1.12	0.6456	0.2899	89.98	80.14	
A0A5P3ATL0	B4DP31	0.8928	5.333e-23	1.68	0.3828	0.4629	88.05	79.42	PRPSAP1
A0A250IWT1	E9PCP0	0.8926	1.592e-17	1.61	0.8191	0.3797	96.19	53.22	GNB3
A0A2C9CA92	O00362	0.8925	3.911e-18	2.03	0.2113	0.8004	84.65	91.75	
C0Q9M2	F8VR31	0.8925	1.867e-27	0.89	0.3124	0.252	77.09	83.41	DNA2
A0A411PGA5	B4DN03	0.8924	1.577e-9	1.1	0.6391	0.813	84.24	90.32	PRNPIP
A0A016BYX3	O43402	0.8924	9.103e-15	2.31	0.5411	0.7009	91.29	93.67	EMC8
A0A517ZL33	P11309	0.8924	3.188e-17	1.86	0.7275	0.4053	89.43	74.1	PIM1
A0A822VZF9	A0A0U4CQG9	0.8924	5.65e-18	1.23	0.4922	0.3612	78.49	80.58	AKT2
A0A2T3FW44	Q7Z4X3	0.8923	4.042e-13	1.38	0.616	0.5702	75.85	86.09	
A0A822VZF9	A0A494C1M6	0.8923	3.808e-23	1.76	0.4322	0.3778	91.5	80.58	TBK1
T0R4B7	Q14149	0.8923	7.622e-15	0.86	0.3316	0.5966	71.19	83.93	MORC3
A0A517ZL33	Q86XZ8	0.8923	3.799e-23	1.84	0.5332	0.4523	89.3	74.1	CDC42BPB
A0A250IWT1	A0A6Q8PFE0	0.8922	1.592e-17	1.49	0.8044	0.3378	95.38	53.22	GNB4
A0A517ZL33	O14965	0.8922	2.669e-27	1.55	0.595	0.4152	75.03	74.1	AURKA
A0A517ZL33	A0A5F9ZHY2	0.8921	3.758e-25	1.99	0.683	0.4376	84.84	74.1	CAMK2A
A0A089LR48	A0A590UK51	0.8921	5.874e-12	1.07	0.3263	0.7801	78.67	88.78	PLA2G6
A0A2C9CA92	O00375	0.892	3.911e-18	2.04	0.2115	0.8018	84.32	91.75	
A0A1D7QX01	A8K9Y5	0.892	5.848e-28	1.11	0.4576	0.5207	63.3	74.39	
A0A0K2E484	A0A0S2Z4D1	0.892	4.489e-30	1.66	0.5566	0.3726	77.74	79.77	STK11
A0A517ZL33	C9JIG9	0.892	1.244e-21	1.39	0.5808	0.4703	70.23	74.1	OXSR1
A0A2T3FW44	A0A087WXU8	0.8919	4.042e-13	1.38	0.6107	0.564	76.02	86.09	DDX24
A0A1D7QX01	A0A087WSW7	0.8919	2.322e-20	1.36	0.6079	0.4702	68.53	74.39	HELLS
A0A2C9CA92	O00378	0.8918	3.911e-18	2.05	0.2114	0.8012	84.47	91.75	
A0A250IWT1	H7C5J5	0.8918	1.592e-17	1.25	0.7734	0.2624	94.61	53.22	GNB4
L0L0B2	C9J5W5	0.8918	1.629e-8	0.6	0.8594	0.4053	95.96	96.22	UBA5
A0A517ZL33	P0C263	0.8917	2.791e-17	1.71	0.6377	0.3917	89.58	74.1	SBK2
A0A1D7QX01	B4DZC0	0.8917	2.353e-18	1.19	0.4647	0.5034	74.18	74.39	
A0A4Y6RC84	A0A0A0MSH9	0.8917	6.492e-20	1.19	0.5421	0.3658	69.17	80.52	CHD1L
A0A2C9CA92	O00366	0.8917	3.911e-18	2.05	0.2114	0.801	84.34	91.75	
A0A250IWT1	A0A6Q8PFT2	0.8916	1.568e-16	1.38	0.8237	0.3848	89.68	53.22	PAFAH1B1
R9RJ65	D6RHX8	0.8916	5.436e-16	1.53	0.4919	0.3579	93.22	80.14	GRK6
A0A2C9CA92	V9GZR9	0.8915	3.911e-18	2.06	0.2114	0.8012	84.51	91.75	
A0A822VZF9	Q9HBS3	0.8914	4.489e-30	1.67	0.5427	0.3634	78.03	80.58	
A0A517ZL33	B2R6Z3	0.8914	2.669e-27	1.54	0.5928	0.4138	73.91	74.1	
A0A0Z8HCP9	Q5H9N4	0.8913	4.889e-15	1.71	0.7528	0.3605	85.26	80.32	DKFZp686L20222
A0A7D5LBC8	Q02153	0.8913	8.521e-16	1.84	0.2855	0.6545	85.39	93.51	GUCY1B1
A0A2X1XYZ4	Q6IAN5	0.8912	6.258e-12	1.72	0.5069	0.8303	78.54	92.78	TREX1
A0A5V8MYV7	Q5JR04	0.8912	6.423e-16	1.85	0.4901	0.6343	77.93	88.4	MOV10
A0A3P1H1Q9	B7Z5J7	0.8912	7.129e-32	2.04	0.3267	0.6927	83.97	81.04	
A0A562WD58	Q96BZ4	0.8912	7.014e-13	1.82	0.5879	0.5945	86.24	91.26	PLD4
A0A1H3JH09	O60733	0.8911	3.567e-11	1.2	0.3377	0.7802	86.14	90.48	PLA2G6
A0A7G9RIY6	A2RU29	0.891	4.358e-15	0.8	0.3177	0.6369	68.05	81.04	MORC3
A0A2C9CA92	O00368	0.891	3.911e-18	2.07	0.2114	0.8009	84.33	91.75	
A0A822VZF9	Q53H78	0.8909	3.921e-26	1.62	0.4874	0.4038	77.56	80.58	
A0A250IWT1	Q8NC90	0.8909	3.788e-15	1.19	0.8709	0.2884	91.73	53.22	
L0L0B2	E7EWE1	0.8909	2.016e-8	1.09	0.6394	0.8983	89.82	96.22	UBA5
A0A2Z5TNJ9	B5BU16	0.8908	8.892e-25	1.95	0.7091	0.3681	78.48	80.1	MAP2K6
A0A2C9CA92	Q8TE30	0.8908	3.911e-18	2.06	0.2114	0.8011	83.59	91.75	
A0A2C9CA92	O00363	0.8908	3.911e-18	2.09	0.2112	0.7996	84.94	91.75	
A0A562WD58	B4DI07	0.8907	7.014e-13	1.8	0.5878	0.5944	84.81	91.26	
B0SQF3	B3KXF3	0.8907	9.47e-19	2.17	0.4847	0.7481	78.84	85.15	
A0A172ZJL0	Q7Z7L1	0.8907	2.929e-53	2.01	0.4399	0.5851	86.64	75.6	SLFN11
Q82S41	O94761	0.8906	4.026e-19	1.61	0.3758	0.6327	67.39	88.53	RECQL4
A0A2M9H3T4	A8K460	0.8906	3.567e-11	1.24	0.3601	0.7772	85.41	90.38	
A0A250IWT1	Q69YK8	0.8906	3.253e-15	0.96	0.8094	0.3135	87.34	53.22	DKFZp762M0115
A0A250IWT1	Q8NBT0	0.8905	4.604e-22	1.31	0.6936	0.3803	84.71	53.22	POC1A
A0A1C7AF35	Q7Z3Z4	0.8905	2.303e-33	2.46	0.42	0.7283	85.23	89.75	PIWIL4
A0A822VZF9	A0A075B7B4	0.8905	3.808e-23	1.73	0.3935	0.3896	89.76	80.58	IKBKE
A0A4U8Z5F9	A0A0D9SEP7	0.8905	1.001e-44	1.47	0.4475	0.4305	72.7	79.27	CHD2
A0A7G9RIY6	Q4VBZ9	0.8904	4.358e-15	0.85	0.3186	0.6384	68.26	81.04	MORC3
A0A1D7QX01	A0A2R8YF58	0.8903	3.11e-37	1.19	0.4182	0.4842	67.33	74.39	SMARCA4
A0A822VZF9	O94921	0.8902	7.851e-32	1.46	0.513	0.3701	70.7	80.58	CDK14
A0A250IWT1	A0A6Q8PFW8	0.8902	1.592e-17	1.26	0.7658	0.2625	93.33	53.22	GNB4
A0A250IWT1	B2RDV4	0.8901	1.524e-20	1.0	0.6801	0.3329	81.42	53.22	
A0A7D5LBC8	B2RCP1	0.8901	8.521e-16	1.88	0.2858	0.655	85.29	93.51	
R9RJ65	A6YR18	0.8901	4.489e-30	1.71	0.5443	0.3644	77.97	80.14	
A0A1E3MBE1	O75367	0.89	3.058e-16	1.85	0.4422	0.5545	82.88	89.27	MACROH2A1
A0A822VZF9	Q8WTQ7	0.89	5.436e-16	1.38	0.4266	0.3585	90.22	80.58	GRK7
A0A1D3L155	Q92900	0.89	2.803e-24	1.63	0.4441	0.5875	72.76	76.06	UPF1
A0A517ZL33	F8WCQ3	0.89	2.711e-13	1.31	0.7651	0.2668	91.67	74.1	DAPK1
A0A2Z5TNJ9	P52564	0.89	8.892e-25	1.98	0.703	0.3657	79.2	80.1	MAP2K6
A0A6G7VQR1	A0A1W2PQV3	0.8899	0.0	2.79	0.6165	0.618	91.44	94.67	GLDC
A0A250IWT1	Q71UM6	0.8899	6.743e-13	1.04	0.9327	0.2644	96.82	53.22	
A0A2C9CA92	G8I2S9	0.8899	3.911e-18	2.06	0.2115	0.8021	82.27	91.75	
A0A075LL53	Q8TE76	0.8898	4.358e-15	0.81	0.3372	0.6085	67.78	80.65	MORC4
A0A1D3L155	A0A024R7L5	0.8898	2.803e-24	1.61	0.448	0.5874	71.54	76.06	UPF1
A0A3P1H1Q9	I3L0N3	0.8898	7.129e-32	2.07	0.3258	0.6898	83.63	81.04	NSF
G2LKY9	B4DEM8	0.8897	0.0	1.2	0.3692	0.3067	63.02	93.14	
A0A562WD58	B4DJQ6	0.8897	7.014e-13	1.81	0.5818	0.596	84.2	91.26	
A0A2J0PL81	B3KX98	0.8897	0.0	1.14	0.3443	0.2855	79.78	77.83	
A0A1D7QX01	O60264	0.8897	2.353e-18	1.22	0.4364	0.4982	74.57	74.39	SMARCA5
A0A1D7QX01	B7ZLQ5	0.8896	2.353e-18	1.08	0.4334	0.5029	70.54	74.39	SMARCA1
A0A0D0F9E8	B4DH19	0.8895	5.315e-34	2.2	0.3831	0.6498	83.07	85.6	NSF
A0A3P1H1Q9	A0A7I2V540	0.8895	1.968e-17	1.96	0.3429	0.7804	82.65	81.04	VCP
A0A5B8SRN6	B7Z4Y7	0.8894	1.917e-15	1.72	0.3327	0.637	76.62	94.64	
A0A089LR48	B3KU52	0.8894	5.874e-12	1.45	0.3975	0.7817	81.12	88.78	
B0N6M2	B4DIZ8	0.8894	5.986e-18	1.1	0.6438	0.2793	61.1	85.91	
A0A822VZF9	M0R0P9	0.8893	2.135e-17	1.25	0.5339	0.3682	73.18	80.58	AKT2
A0A2C9CA92	O00360	0.8893	3.911e-18	2.12	0.2112	0.7996	84.29	91.75	
A0A250IWT1	B3KVK2	0.8892	6.743e-13	1.15	0.9265	0.3021	96.67	53.22	GNB1
A0A822VZF9	C9J338	0.8892	8.798e-16	1.47	0.682	0.3752	74.67	80.58	TNIK
A0A517MUB1	P20594	0.8892	1.295e-17	1.46	0.1762	0.6092	83.58	83.7	NPR2
A0A0K2E484	B4DWB2	0.8892	5.436e-16	1.47	0.4827	0.3584	89.08	79.77	
A0A7Z2ZN36	B4DID1	0.8891	1.648e-14	1.52	0.2245	0.6858	77.28	94.92	
A0A0Z8HCP9	G3V5T9	0.8891	4.889e-15	1.57	0.6755	0.3657	82.26	80.32	CDK2
A0A1D7QX01	A0A0A0MRP6	0.889	2.353e-18	1.21	0.4455	0.5117	71.9	74.39	SMARCA1
A6TQR8	E9PKD5	0.889	2.478e-21	1.63	0.4476	0.3885	78.25	84.54	PSMC3
A0A822VZF9	E9PMM7	0.8889	4.356e-11	0.89	0.8961	0.1632	89.92	80.58	RPS6KA1
A0A517ZL33	L7RSM2	0.8889	4.426e-16	1.73	0.6434	0.4099	88.76	74.1	MAPK14
A0A7I7TXH2	A8K5H7	0.8889	4.32e-18	1.79	0.3276	0.7043	72.38	88.38	
A0A3G6K670	A0A2R8YDA1	0.8889	3.11e-37	1.3	0.4666	0.3916	69.01	76.92	SMARCA4
A0A2N3Y6Y3	P55072	0.8888	9.668e-15	1.77	0.2923	0.7235	82.59	89.73	VCP
A0A1H5YYX4	Q6PL18	0.8888	1.735e-20	1.54	0.1805	0.7857	61.54	90.3	ATAD2
A0A250IWT1	J3QT28	0.8887	4.871e-16	1.6	0.8607	0.3299	95.75	53.22	BUB3
A0A2C9CA92	V9H0D0	0.8886	3.911e-18	2.09	0.2113	0.8005	81.92	91.75	
A0A250IWT1	A0A6Q8PFV8	0.8886	1.592e-17	1.57	0.7838	0.3464	94.02	53.22	GNB4
A0A822VZF9	P51955	0.8886	4.314e-16	1.48	0.5822	0.3996	78.05	80.58	NEK2
A0A0M4NYB9	Q9ULW3	0.8886	9.534e-13	0.24	0.2915	0.3591	77.01	92.24	ABT1
A0A3G2V6N3	A0A140VKG8	0.8886	2.303e-33	2.37	0.4135	0.6985	82.86	87.51	PIWIL4
A0A0K2E484	Q15835	0.8885	5.436e-16	1.46	0.4244	0.3635	91.28	79.77	GRK1
A0A4D7JUH4	B4DU06	0.8885	6.068e-24	1.84	0.3018	0.505	81.01	88.62	
A0A822VZF9	Q09013	0.8885	7.401e-20	1.38	0.4108	0.3907	77.64	80.58	DMPK
A0A1L5JQK1	A0A7P0T8A3	0.8885	1.968e-17	1.93	0.3242	0.7164	82.36	84.36	VCP
A0A016BYX3	Q53Y03	0.8884	9.103e-15	2.37	0.5429	0.7038	88.53	93.67	COX4NB
A0A2M9H3T4	Q9NP80	0.8884	6.078e-17	1.89	0.3658	0.8105	66.86	90.38	PNPLA8
A0A250IWT1	J3KPE3	0.8884	3.788e-15	1.24	0.8712	0.3247	87.26	53.22	RACK1
A0A822VZF9	H0Y6G2	0.8883	3.921e-26	1.55	0.4538	0.4056	73.87	80.58	CAMK2G
A9WFD2	A0A386HW12	0.8883	8.601e-11	0.91	0.3545	0.8484	70.53	93.36	FAM83H
F0SEA5	B7Z2Z9	0.8882	4.547e-8	1.3	0.8137	0.7481	96.72	97.13	
A0A517ZL33	B5BTY5	0.8882	2.791e-17	1.87	0.6423	0.415	89.17	74.1	MAPK13
A0A116MDM6	O75271	0.8882	1.131e-17	1.27	0.5241	0.3712	71.82	80.78	
U3A0C6	B3KVJ0	0.8881	4.22e-20	1.57	0.1613	0.5373	76.49	93.8	
E3I077	O00549	0.8881	4.058e-13	1.86	0.381	0.7154	89.4	89.56	
A0A822VZF9	Q9NWZ3	0.8881	1.525e-22	1.71	0.4776	0.3407	83.93	80.58	IRAK4
R9RJ65	P43250	0.888	5.436e-16	1.41	0.4111	0.359	89.88	80.14	GRK6
A0A2Z5TNJ9	B4E125	0.888	1.131e-17	1.37	0.4813	0.3658	78.47	80.1	
A0A517ZL33	P36507	0.888	3.715e-18	1.69	0.6088	0.4228	81.64	74.1	MAP2K2
A0A1L5JQK1	A0A7P0T8Q5	0.888	1.968e-17	1.93	0.3243	0.7121	81.92	84.36	VCP
A0A4P8XGJ0	B4E0F1	0.888	3.11e-37	1.44	0.4715	0.4307	72.22	73.83	
A0A518G7R2	Q5JAM2	0.888	1.407e-14	2.09	0.4793	0.7488	77.19	93.7	ALAS1
U5W584	F5H2B5	0.8878	7.014e-13	1.8	0.5885	0.5863	84.29	88.42	PLD4
A0A822VZF9	P05771	0.8878	2.135e-17	1.31	0.3548	0.3583	85.52	80.58	PRKCB
A0A2K4WBX1	Q6P712	0.8878	6.938e-17	1.72	0.7936	0.1602	86.61	78.49	SMC2
R9RJ65	P17252	0.8877	2.135e-17	1.33	0.3545	0.3586	86.38	80.14	PRKCA
A0A4P8XGJ0	Q9NRZ9	0.8877	2.322e-20	1.42	0.5377	0.4943	68.41	73.83	HELLS
A0A250IWT1	A0A0C4DGX6	0.8877	1.486e-16	1.06	0.7667	0.2598	87.38	53.22	WDR86
A0A3G9JPH8	B4DKP9	0.8877	4.378e-13	1.0	0.7462	0.2955	67.76	87.29	
A0A089LR48	A0A590UJC7	0.8877	5.874e-12	1.49	0.3507	0.7809	83.4	88.78	PLA2G6
A0A822VZF9	Q14164	0.8877	3.808e-23	1.74	0.3622	0.3885	88.57	80.58	IKBKE
A0A1L5JQK1	C9JUP7	0.8876	1.968e-17	1.93	0.3209	0.711	81.75	84.36	VCP
A0A0X3BIU8	Q59F09	0.8875	0.0	2.03	0.532	0.5968	72.61	79.36	
A0A822VZF9	Q69FE3	0.8875	1.525e-22	1.7	0.4773	0.3405	82.86	80.58	IRAK4
A0A518DYC1	Q05DJ8	0.8875	7.192e-16	1.68	0.4708	0.5238	78.04	85.88	HTRA1
A0A2D1TV21	Q9UHL0	0.8875	1.021e-17	1.72	0.5709	0.3649	80.8	82.75	DDX25
A0A116MDM6	Q9BWF9	0.8875	7.837e-14	1.4	0.6487	0.2911	87.21	80.78	PCTK3
A0A0K2E484	Q9NY57	0.8874	4.706e-19	1.81	0.5576	0.3595	85.4	79.77	STK32B
R9RJ65	Q15523	0.8874	1.131e-17	1.32	0.4918	0.3596	75.86	80.14	
R9RJ65	Q5Y191	0.8874	5.082e-17	1.95	0.7249	0.3521	84.63	80.14	AURKC
A0A1Q2CWK5	B3KY11	0.8873	2.734e-20	2.29	0.3507	0.833	76.34	89.43	
A0A0Z8M843	F8WAK5	0.8872	3.264e-21	1.14	0.5249	0.2702	67.4	80.86	STK33
A9WFD2	Q8N7P1	0.8872	5.909e-11	1.36	0.2801	0.8677	83.1	93.36	PLD5
A0A0K2E484	Q5U5J2	0.8872	8.642e-14	1.39	0.5874	0.3616	87.11	79.77	CSNK2A1
U3A0C6	A0A0A0MSC1	0.8872	4.22e-20	1.57	0.1571	0.5365	75.61	93.8	ADCY3
A0A5B8V527	Q7Z3Z3	0.8872	0.0	2.76	0.6074	0.7582	83.25	88.75	PIWIL3
A0A518G7R2	B4DVA0	0.8872	1.407e-14	2.07	0.4674	0.7484	76.05	93.7	
A0A4P8XGJ0	A0A2R8Y6N0	0.8871	3.11e-37	1.35	0.4036	0.4996	68.25	73.83	SMARCA4
R9RJ65	A0A0S2Z3F9	0.8871	7.837e-14	1.47	0.679	0.3687	82.29	80.14	CDK7
A0A250IWT1	B4DP68	0.8871	3.253e-15	1.35	0.7467	0.3725	93.67	53.22	
A0A3E3EC96	C9J384	0.8871	2.351e-16	1.42	0.5166	0.233	83.38	85.92	CMSS1
A0A517ZL33	Q9UEE5	0.887	3.799e-19	1.59	0.5965	0.4302	75.08	74.1	STK17A
A0A250IWT1	A8K2R5	0.887	3.648e-15	1.5	0.7916	0.3804	94.97	53.22	
A0A250IWT1	B3KPF6	0.887	1.592e-17	1.45	0.7659	0.3796	86.96	53.22	
A0A0Z8M843	B3KS39	0.8869	3.264e-21	1.16	0.5248	0.2695	67.56	80.86	
A0A517ZL33	A0A5F9ZGY0	0.8869	1.022e-14	1.57	0.6394	0.4452	84.13	74.1	AKT3
A0A822VZF9	P34947	0.8869	5.436e-16	1.46	0.4007	0.3581	90.38	80.58	GRK5
U3A0C6	U3KQ91	0.8868	7.547e-23	1.64	0.219	0.5281	71.03	93.8	ADCY3
A0A3Z3LLJ0	Q0IIN5	0.8868	1.69e-15	1.98	0.4817	0.6799	79.51	85.28	VCP
A0A517ZL33	A0A024RD04	0.8868	2.791e-17	1.9	0.6425	0.4152	88.36	74.1	MAPK13
A0A822VZF9	B2R7K0	0.8868	5.436e-16	1.45	0.4007	0.358	89.83	80.58	
Q2FMQ3	B3KXC7	0.8868	7.714e-27	1.56	0.323	0.2788	81.19	88.49	
A0A2Z5TNJ9	A8K3Y2	0.8867	8.892e-25	2.08	0.6996	0.3648	79.33	80.1	MAP2K6
A9WFD2	A0A3B3IT68	0.8867	5.909e-11	1.46	0.3238	0.8632	82.95	93.36	PLD4
A0A250IWT1	B3KM72	0.8867	3.788e-15	1.41	0.8439	0.3065	93.14	53.22	
A0A343TGU9	A0A494C1B9	0.8867	8.521e-16	1.83	0.2728	0.6567	81.03	91.96	GUCY1B1
A0A822VZF9	A0A087WZT9	0.8867	3.049e-16	1.27	0.601	0.3343	71.61	80.58	PSKH1
A0A517MUB1	B3KVN7	0.8867	1.648e-14	1.24	0.2238	0.6647	78.07	83.7	
A0A4D7E0U6	B4E1G2	0.8867	3.245e-16	2.41	0.5688	0.6312	86.34	92.67	
L0HC34	B7Z8C1	0.8866	2.674e-14	1.35	0.4572	0.3434	85.29	86.51	
Q2SG57	Q4W5H1	0.8866	6.79e-12	1.47	0.9097	0.3469	86.31	76.0	SMARCA5
A0A822VZF9	A0A2R8YD58	0.8866	6.976e-13	1.35	0.6003	0.3499	90.23	80.58	CSNK2A1
U3A0C6	O43306	0.8866	4.556e-21	1.64	0.1539	0.5368	76.23	93.8	ADCY6
A0A7T5EL75	B9EIS3	0.8866	2.673e-23	1.37	0.4121	0.4844	71.35	74.06	MOV10L1
A0A822VZF9	Q00535	0.8865	6.976e-13	1.71	0.7567	0.3515	91.56	80.58	CDK5
A0A4U8Z5F9	A0A494C0J6	0.8865	6.481e-14	1.72	0.7682	0.4034	82.18	79.27	CHD1L
S6EM37	B3KNH8	0.8865	7.714e-27	1.8	0.39	0.3356	81.27	88.32	
A3N1K3	Q16603	0.8865	1.225e-17	1.36	0.63	0.2378	67.13	87.77	PMS5
U3A0C6	P40145	0.8864	2.166e-22	1.56	0.1496	0.551	71.21	93.8	ADCY8
A0A7G5GRL3	A0A2R8Y4Q3	0.8864	5.879e-16	1.11	0.4263	0.4031	72.16	83.33	OPA1
A0A486M670	Q03393	0.8864	6.494e-7	0.64	0.7758	0.9278	95.61	97.88	PTS
A0A1L5JQK1	A0A7P0TAW3	0.8864	1.968e-17	1.95	0.317	0.7127	81.07	84.36	VCP
A0A0K1P5Q4	F5H7U2	0.8863	1.792e-15	2.29	0.63	0.7334	73.44	91.06	ABCB9
A0A5P2ALZ1	B4DJD3	0.8863	1.005e-10	1.24	0.5061	0.6515	90.07	83.66	
A0A517ZL33	B7Z454	0.8863	2.542e-22	1.82	0.4693	0.4442	85.95	74.1	
D1PF82	Q6ZTP6	0.8863	3.065e-19	1.04	0.4104	0.2958	72.77	80.31	
A0A517ZL33	Q9UQB9	0.8863	1.814e-16	1.89	0.7378	0.4058	84.02	74.1	AURKC
A0A517ZL33	J3KNN3	0.8862	4.426e-16	1.54	0.6208	0.4449	77.72	74.1	PHKG2
A0A2M9H3T4	A8K6U0	0.8862	6.078e-17	1.89	0.367	0.8136	63.64	90.38	
A0A1D7QX01	B7ZAX9	0.8861	2.353e-18	1.41	0.4628	0.5013	73.52	74.39	
A0A7D6J0P3	A8K5B6	0.8861	2.328e-31	1.51	0.4296	0.4761	63.6	82.38	
P0DTF4	A0A2R8YFJ7	0.8861	1.603e-24	1.8	0.3579	0.577	66.18	89.87	SPG7
A0A0D0F9E8	B4DGR3	0.886	5.315e-34	2.25	0.3544	0.6437	83.12	85.6	
A0A0K2E484	B9EIS4	0.886	5.436e-16	1.53	0.4221	0.3615	90.63	79.77	GRK1
A0A0K2E484	H0YNV4	0.8859	5.93e-19	1.28	0.4216	0.4092	71.56	79.77	MARK3
A0A410G1T0	B4DYF7	0.8858	0.0	2.84	0.6245	0.7663	81.9	91.29	
A0A822VZF9	P32298	0.8858	5.436e-16	1.47	0.4086	0.358	88.66	80.58	GRK4
A0A517ZL33	D7R526	0.8858	4.426e-16	1.73	0.6214	0.4138	85.85	74.1	MAPK9
A0A2T3FW44	A0A1W2PRR2	0.8858	4.042e-13	1.29	0.5312	0.5793	69.54	86.09	DDX24
A0A822VZF9	A0A7I2V2I9	0.8858	1.307e-20	1.34	0.464	0.3915	68.15	80.58	MARK3
A0A518DYC1	B4DTF7	0.8858	7.192e-16	1.7	0.4309	0.4985	80.81	85.88	
A0A822VZF9	E5KR06	0.8857	7.401e-20	1.41	0.3988	0.3792	76.45	80.58	
Q2SG57	B3KNW7	0.8857	3.11e-37	1.28	0.4322	0.321	72.13	76.0	
A0A367MH91	Q68D06	0.8857	4.997e-14	1.78	0.4634	0.5737	87.46	83.5	SLFN13
G4T261	B3KRD4	0.8856	1.304e-29	1.52	0.4728	0.462	69.26	74.69	
A0A6J5FPF2	H3BNT7	0.8856	0.0	2.79	0.5992	0.6432	88.02	91.9	PSMD7
A0A517ZL33	O15264	0.8855	2.791e-17	1.95	0.6388	0.4134	89.05	74.1	MAPK13
A0A3G6K670	B4DSI8	0.8855	3.11e-37	1.32	0.4438	0.328	70.86	76.92	
A0A0Z8HCP9	B2RAP9	0.8855	1.525e-22	1.77	0.4743	0.3387	83.31	80.32	
D5SMN0	Q8N3E6	0.8855	7.246e-25	1.93	0.5023	0.5646	66.63	84.71	DKFZp761L1023
A0A250IWT1	Q9BZK7	0.8855	1.193e-19	1.25	0.5544	0.3833	88.34	53.22	TBL1XR1
A0A822VZF9	Q2I0Y7	0.8854	6.976e-13	1.33	0.587	0.3498	88.87	80.58	
A0A517ZL33	Q9UPJ8	0.8854	3.188e-17	1.77	0.6464	0.4152	81.48	74.1	PkB-like 1
A0A517ZL33	A0A1W2PQ00	0.8854	3.188e-17	2.01	0.735	0.3527	89.24	74.1	STRADA
Q1PV30	Q96J94	0.8854	1.399e-21	2.78	0.6113	0.7677	85.6	88.84	PIWIL1
A0A220UM70	Q9P025	0.8854	1.775e-18	1.53	0.4807	0.5144	62.17	86.29	
A0A1L5JQK1	A0A2R8YDQ1	0.8853	2.415e-25	1.76	0.2759	0.6184	71.43	84.36	SPG7
A0A517ZL33	A0A286YF35	0.8853	4.426e-16	1.68	0.6285	0.415	82.85	74.1	MAPK10
A0A0E3QWB4	F8WA42	0.8853	2.245e-16	0.56	0.4351	0.3449	62.62	80.53	SUMF2
A0A250IWT1	A0JLP1	0.8853	8.855e-19	0.97	0.6814	0.181	87.16	53.22	WSB1
A0A822VZF9	Q96KB5	0.8852	3.049e-16	1.89	0.6815	0.3492	84.4	80.58	PBK
A0A822VZF9	P50613	0.8852	7.837e-14	1.52	0.6686	0.3637	82.02	80.58	CDK7
A0A822VZF9	E7EU96	0.8852	6.976e-13	1.34	0.5872	0.3499	88.92	80.58	CSNK2A1
A0A3G9JPH8	D6RCM4	0.8852	1.318e-13	0.75	0.4434	0.4401	65.59	87.29	DDX4
A0A822VZF9	Q96AD6	0.8852	5.436e-16	1.48	0.4011	0.3578	88.71	80.58	GRK6
A0A518DYC1	A0A0C4DG44	0.8851	7.192e-16	1.21	0.4384	0.467	65.77	85.88	HTRA2
A0A517ZL33	P41743	0.8851	1.233e-16	1.35	0.4404	0.446	80.3	74.1	PRKCI
A0A250IWT1	C9JIS1	0.8851	1.252e-14	1.23	0.7823	0.2537	95.7	53.22	GNB2
A0A0K2E484	A8K8M5	0.8851	5.436e-16	1.47	0.4153	0.3644	87.66	79.77	
A0A250IWT1	P43034	0.8851	1.568e-16	1.38	0.6896	0.379	90.25	53.22	PAFAH1B1
A0A1D7QX01	Q59GQ7	0.8851	5.731e-35	1.4	0.4521	0.488	64.11	74.39	
R9RJ65	B2R9M8	0.8849	4.706e-19	1.82	0.5457	0.3509	83.49	80.14	
A0A7Z2ZN36	O60266	0.8848	2.408e-14	1.53	0.1668	0.6883	76.39	94.92	ADCY3
A3QFJ5	Q69YJ7	0.8848	2.077e-47	0.26	0.1651	0.2162	58.44	90.26	DKFZp667H197
U3A0C6	B3KNM3	0.8848	4.22e-20	1.59	0.1646	0.5362	72.64	93.8	
A0A250IWT1	B7Z623	0.8847	5.747e-19	1.49	0.5907	0.3793	93.68	53.22	
B0N6M2	T2DQ69	0.8847	9.209e-35	1.68	0.4612	0.4765	61.64	85.91	
A0A517MUB1	Q08462	0.8847	1.648e-14	1.31	0.1929	0.6722	79.0	83.7	ADCY2
A0A7Z2ZN36	A0A0K0K1K3	0.8847	1.648e-14	1.36	0.1565	0.6979	70.01	94.92	HEL-S-172mP
A0A6N1ASN4	A0A6Q8PHG6	0.8847	6.439e-28	2.02	0.5011	0.412	76.47	86.79	DICER1
A0A126PXN6	Q8NBU5	0.8846	5.236e-12	1.86	0.6287	0.6957	84.15	83.75	ATAD1
R9RJ65	P53355	0.8846	4.751e-18	1.3	0.2218	0.4506	82.55	80.14	DAPK1
R9RJ65	F5H0U9	0.8846	1.358e-16	1.39	0.4317	0.4317	76.54	80.14	MYO3A
A0A250IWT1	Q96DI7	0.8845	3.642e-23	1.69	0.7526	0.3663	85.26	53.22	SNRNP40
A0A250IWT1	A0A087X0J1	0.8845	7.632e-18	0.83	0.7618	0.2798	72.87	53.22	WDR38
A0A822VZF9	D6R910	0.8845	4.356e-11	1.02	0.8353	0.171	90.81	80.58	RPS6KA2
A0A822VZF9	A0A090N7W4	0.8845	6.976e-13	1.74	0.755	0.351	90.06	80.58	CDK5
R9RJ65	B3KPS5	0.8845	5.436e-16	1.48	0.4205	0.3568	86.97	80.14	
A0A822VZF9	Q6IAW3	0.8844	6.976e-13	1.73	0.7552	0.3511	89.6	80.58	CDK5
A0A517ZL33	Q6FHR4	0.8844	2.791e-17	2.0	0.6431	0.4154	89.18	74.1	MAPK13
A0A822VZF9	B2R9L6	0.8844	6.849e-16	1.88	0.6251	0.3664	86.87	80.58	
A0A250IWT1	Q7Z5U6	0.8843	3.642e-23	1.72	0.7597	0.3687	85.4	53.22	WDR53
A0A250IWT1	A0A3B3ISK1	0.8843	1.69e-19	1.47	0.6155	0.3758	90.14	53.22	COPA
R9RJ65	Q0VD65	0.8843	1.358e-16	1.41	0.433	0.433	76.48	80.14	MYO3A
A0A822VZF9	B5BUH5	0.8843	6.976e-13	1.35	0.5786	0.3499	88.59	80.58	CSNK2A1
A0A0J8XNY7	E9PMD8	0.8843	4.561e-48	1.66	0.384	0.3078	78.98	83.54	PSMC3
A0A517ZL33	H7BXS4	0.8842	2.791e-17	1.93	0.666	0.4276	83.78	74.1	CAMK2B
A0A517ZL33	E5RGW5	0.8842	1.42e-15	1.9	0.6238	0.4124	92.03	74.1	IKBKB
A0A822VZF9	Q8NEV1	0.8841	6.976e-13	1.37	0.5789	0.35	88.9	80.58	CSNK2A3
A0A0K1P5Q4	B4DPV2	0.8841	1.502e-16	2.29	0.3836	0.8142	77.72	91.06	
A0A822VZF9	B2R6D7	0.8841	6.976e-13	1.36	0.5786	0.3499	88.68	80.58	
A0A822VZF9	F5H049	0.8841	8.798e-16	1.8	0.6655	0.3695	80.88	80.58	NRK
A0A250IWT1	Q8N136	0.8841	1.045e-22	1.86	0.6645	0.3759	96.62	53.22	DAW1
A0A517ZL33	B8ZZN3	0.8841	1.103e-13	1.53	0.6864	0.4245	83.01	74.1	STK16
A0A822VZF9	P68400	0.884	6.976e-13	1.37	0.5776	0.3496	88.94	80.58	CSNK2A1
A0A7Z2ZN36	B4E1Z0	0.884	1.648e-14	1.65	0.1726	0.6738	79.09	94.92	
A0A250IWT1	Q9BQ87	0.884	1.193e-19	1.25	0.5473	0.3834	86.83	53.22	TBL1Y
A0A517ZL33	A0A286YEQ0	0.884	4.426e-16	1.79	0.6136	0.4144	86.12	74.1	MAPK10
A0A822VZF9	A8K9I1	0.884	4.706e-19	1.86	0.5442	0.3508	83.42	80.58	
A0A517ZL33	B5BUK7	0.8839	1.233e-16	1.42	0.4455	0.4448	80.64	74.1	PRKCI
A0A822VZF9	L7RSM7	0.8839	2.135e-17	1.25	0.3553	0.3594	78.44	80.58	PRKCA
A0A367MH91	B7ZVY5	0.8838	4.997e-14	1.77	0.4627	0.5727	84.7	83.5	SLFN13
A0A517ZL33	Q53TE4	0.8836	1.204e-16	2.0	0.6552	0.4302	88.19	74.1	TLK1
Q2SG57	H7BYI2	0.8836	1.735e-67	1.6	0.4971	0.3994	69.76	76.0	SMARCAL1
K9XVY7	Q9H6E5	0.8836	1.476e-14	0.37	0.1181	0.3479	74.96	90.86	TUT1
A0A5Q2MJC7	H7BXP1	0.8836	9.839e-14	0.91	0.5756	0.2543	78.55	78.68	NKIRAS2
A1BCM2	B3KUX1	0.8836	1.233e-13	1.14	0.5796	0.1275	89.97	81.91	
A0A0K1P5Q4	Q13798	0.8836	8.893e-13	2.02	0.4183	0.7664	84.94	91.06	ara
A0A250IWT1	Q9GZL7	0.8835	4.942e-17	1.45	0.6755	0.3889	89.13	53.22	WDR12
A0A3F2ZXH1	A0A0S2Z520	0.8835	5.114e-44	1.99	0.5554	0.4492	70.26	82.95	SETX
A0A250IWT1	C9JBF9	0.8835	1.045e-22	1.61	0.699	0.3542	85.89	53.22	DAW1
A0A0Z8M843	B3KU51	0.8835	1.903e-23	1.22	0.4017	0.3823	63.37	80.86	
A0A517ZL33	B5BUB8	0.8834	4.426e-16	1.81	0.6145	0.4148	86.05	74.1	MAPK8
A0A517ZL33	P49336	0.8834	1.123e-16	1.65	0.5566	0.4475	79.82	74.1	CDK8
A0A343TGU9	P33402	0.8833	8.521e-16	1.79	0.2479	0.6662	76.04	91.96	GUCY1A2
A7HKC6	B4DP52	0.8832	3.205e-25	2.57	0.7169	0.5766	75.77	87.25	
Q1QKF1	B4DTP6	0.8832	4.999e-34	1.13	0.2239	0.5191	64.01	77.38	
A0A517ZL33	Q96LW2	0.8832	8.834e-17	1.59	0.5984	0.4273	75.79	74.1	RSKR
A0A517ZL33	B2RCZ4	0.8832	1.233e-16	1.42	0.4457	0.4449	79.57	74.1	
A0A517ZL33	A0A286YEX7	0.8831	4.426e-16	1.67	0.577	0.4125	83.18	74.1	MAPK10
A0A822VZF9	Q2TSD3	0.8831	2.135e-17	1.26	0.3565	0.3606	77.53	80.58	
S7TRZ0	A6NDY0	0.8831	2.927e-14	0.36	0.2384	0.3178	66.54	93.9	PABPN1L
A0A250IWT1	B2R9I9	0.883	3.642e-23	1.71	0.7715	0.3762	82.11	53.22	
A0A822VZF9	I6L972	0.883	4.706e-19	1.86	0.5342	0.3502	82.84	80.58	STK32C
A0A7Z2ZN36	Q4F7X0	0.8829	1.648e-14	1.33	0.1673	0.6993	65.95	94.92	ADCY8
A0A250IWT1	Q53T99	0.8829	4.942e-17	1.43	0.6774	0.3905	87.39	53.22	WDR12
A0A2S5TG67	Q9NTC4	0.8828	1.69e-15	2.15	0.5514	0.7046	79.98	80.48	DKFZp434K0126
A0A517ZL33	A0A0S2Z542	0.8828	2.791e-17	1.94	0.6228	0.4137	86.11	74.1	MAPK13
A0A822VZF9	A0A169TED2	0.8828	2.135e-17	1.29	0.3562	0.3603	78.03	80.58	PRKCA
A0A6G7VQR1	V9HW06	0.8828	3.245e-16	2.89	0.6131	0.7786	92.86	94.67	HEL-S-51e
A0A250IWT1	G3V201	0.8828	5.721e-19	1.71	0.7746	0.3687	87.22	53.22	WDR90
A0A1M5FJF6	Q5HYG8	0.8827	3.245e-16	2.94	0.6158	0.7754	95.53	94.89	DKFZp686P09201
A0A4U8Z5F9	O14647	0.8827	6.59e-40	1.49	0.2718	0.643	60.42	79.27	CHD2
A0A250IWT1	B4DX89	0.8827	1.045e-22	1.89	0.6894	0.3772	94.25	53.22	
A0A517ZL33	A0A090N8Z3	0.8826	5.855e-19	1.94	0.6766	0.407	78.87	74.1	LOC389599
A0A250IWT1	A0MNP2	0.8826	3.642e-23	1.68	0.7545	0.3671	82.2	53.22	WDR57
A0A517ZL33	Q96GD4	0.8826	1.814e-16	1.77	0.672	0.4071	78.82	74.1	AURKB
A0A2L0RWR6	Q9BXT6	0.8826	4.429e-27	1.93	0.399	0.4152	74.54	89.01	MOV10L1
A0A4U8Z5F9	O14646	0.8826	6.59e-40	1.53	0.2816	0.6275	62.08	79.27	CHD1
A0A7G7W8T3	A6NMB9	0.8826	4.698e-23	1.98	0.3554	0.7346	60.35	88.84	FIGNL2
A0A517ZL33	J3QS66	0.8825	3.188e-17	1.93	0.6838	0.3292	87.05	74.1	STRADA
A0A517ZL33	Q96S53	0.8825	7.485e-22	1.19	0.4234	0.412	65.78	74.1	TESK2
R9RJ65	Q52WX2	0.8825	7.052e-19	1.73	0.5497	0.3636	76.13	80.14	SBK1
A0A3G9IYS2	Q92743	0.8825	1.149e-15	1.3	0.3638	0.3807	83.27	79.01	HTRA1
A0A250IWT1	A0A140VKH6	0.8825	1.045e-22	1.89	0.665	0.3764	95.64	53.22	
I4DAD0	B4E0B1	0.8823	4.997e-14	1.88	0.4514	0.5595	85.95	86.08	
A0A1D7QX01	A0A087WTM4	0.8823	1.491e-12	1.28	0.7776	0.3342	80.37	74.39	CHD1L
A0A1M5FJF6	B4DJQ3	0.8822	3.245e-16	2.95	0.6153	0.7749	95.56	94.89	
A0A517ZL33	B4DPK7	0.8821	1.63e-23	1.44	0.4375	0.4423	68.47	74.1	
A0A3G9J6D0	O15269	0.8821	3.232e-13	2.64	0.6112	0.7412	94.14	95.59	SPTLC1
A0A250IWT1	O14775	0.8821	3.648e-15	1.51	0.712	0.3808	93.98	53.22	GNB5
A0A0H2YG60	A0A669KB03	0.882	2.666e-13	1.36	0.3762	0.4985	84.1	83.0	MLH1
R9RJ65	I6L989	0.882	7.401e-20	1.47	0.4148	0.4097	70.71	80.14	DMPK
A0A2T3FW44	B4E300	0.882	4.042e-13	1.3	0.5036	0.5783	66.58	86.09	
A0A0K1P5Q4	B3KVV3	0.882	3.311e-18	2.45	0.3214	0.8154	82.34	91.06	
A0A8B3KKU7	Q13608	0.8819	4.575e-25	1.8	0.2652	0.6283	69.29	83.63	PEX6
Z9JIC9	H7C1W4	0.8819	4.655e-20	1.81	0.2901	0.7259	52.92	96.65	
A0A517ZL33	A0A3B3IS85	0.8818	1.103e-13	1.95	0.7661	0.4258	90.02	74.1	STK32A
A0A517ZL33	A0A5F9ZHU3	0.8818	1.022e-14	1.61	0.6118	0.4458	80.5	74.1	AKT3
A0A517ZL33	A0A286YFB6	0.8818	4.426e-16	1.81	0.6244	0.4	84.21	74.1	MAPK10
A0A0K1P5Q4	B3KWP2	0.8818	2.337e-14	2.27	0.425	0.8151	80.05	91.06	
A0A517ZL33	A0A023PX70	0.8818	7.696e-16	2.01	0.6363	0.3834	93.38	74.1	
A0A250IWT1	Q9NV06	0.8817	6.257e-20	1.8	0.6622	0.4017	92.77	53.22	DCAF13
A0A822VZF9	P50750	0.8817	6.849e-16	1.95	0.6181	0.3614	86.82	80.58	CDK9
A0A8B3KKU7	Q53HB3	0.8817	8.131e-14	1.98	0.5794	0.6555	77.88	83.63	
A0A3G9JPH8	F6UJC5	0.8817	5.986e-18	2.24	0.7752	0.3923	74.08	87.29	DDX39B
A0A250IWT1	D6RD66	0.8817	2.641e-17	1.62	0.8238	0.2799	88.93	53.22	WDR1
A0A822VZF9	A0A2R8YFU2	0.8817	8.642e-14	1.47	0.5667	0.3287	85.01	80.58	CSNK2A1
A0A517ZL33	A0A286YFC0	0.8817	4.426e-16	1.7	0.5729	0.4123	82.62	74.1	MAPK10
A0A7Z2ZN36	B7ZLX9	0.8817	2.408e-14	1.62	0.1661	0.6864	75.41	94.92	ADCY3
A0A517ZL33	B4DG79	0.8816	1.022e-14	1.57	0.6109	0.4456	79.0	74.1	
A0A517ZL33	Q96QS6	0.8816	3.188e-17	1.96	0.6516	0.4406	81.8	74.1	PSKH2
A0A0H3NKU5	C9J168	0.8816	0.0	2.56	0.4572	0.5299	87.86	90.85	PRPSAP1
A0A411PGA5	Q8IV48	0.8816	1.577e-9	1.37	0.4979	0.8389	85.23	90.32	ERI1
A0A2I5KM74	E9PR89	0.8815	5.65e-18	1.13	0.4796	0.2887	66.49	80.99	SGK1
A0A4P8XGJ0	P51532	0.8815	2.322e-36	1.24	0.2934	0.5131	64.02	73.83	SMARCA4
A0A822VZF9	C9JQR6	0.8815	1.866e-19	1.84	0.6045	0.2485	81.42	80.58	PTK7
A0A7Z2ZN36	E7EVL1	0.8815	1.648e-14	1.37	0.174	0.6989	64.89	94.92	ADCY8
A0A3G9JPH8	D6RJA6	0.8815	5.404e-18	0.68	0.2931	0.2653	63.46	87.29	DDX46
G2LKY9	B6RF28	0.8814	2.927e-14	0.19	0.2365	0.3127	62.64	93.14	
A0A517MUB1	P51828	0.8814	2.408e-14	1.35	0.1912	0.6654	77.26	83.7	ADCY7
A0A0K2E484	B5BU53	0.8813	6.849e-16	1.98	0.6371	0.3739	86.18	79.77	CDK9
A0A250IWT1	A0A804HJZ5	0.8813	1.045e-22	1.62	0.6416	0.3828	85.16	53.22	TBL1X
A0A756PHJ3	B7Z700	0.8812	6.423e-16	2.08	0.4882	0.6283	74.6	88.29	
A0A517ZL33	E9PQW4	0.8812	4.223e-14	1.78	0.7092	0.4286	83.72	74.1	MAPK3
A0A517ZL33	C9JCU6	0.8811	2.67e-15	1.61	0.6514	0.3561	80.26	74.1	MAP4K2
A0A0H1XY30	O14757	0.8811	3.902e-16	1.78	0.453	0.4323	76.14	89.22	CHEK1
A0A4U8Z5F9	A8K996	0.8809	7.444e-15	1.99	0.5927	0.6025	78.66	79.27	
L0KAC5	P51531	0.8809	1.12e-28	1.35	0.3247	0.4325	65.09	79.18	SMARCA2
A0A518DYC1	A0A3B3IU24	0.8808	2.017e-13	1.81	0.5649	0.5375	79.06	85.88	HTRA1
A0A517ZL33	A0PJ51	0.8807	5.609e-24	2.09	0.641	0.4537	76.29	74.1	STK4
A0A2I5KM74	P31152	0.8807	5.921e-24	1.49	0.4452	0.3971	63.53	80.99	MAPK4
A0A1C7IB32	A0A7I2V423	0.8806	3.058e-16	1.58	0.3724	0.4362	76.64	85.64	MACROH2A2
A0A7Z2ZN36	B4DSJ6	0.8806	1.648e-14	1.89	0.2456	0.6856	77.89	94.92	
A0A822VZF9	B4DMN4	0.8804	2.992e-18	1.07	0.3362	0.3658	67.6	80.58	
A0A517ZL33	J3QLN8	0.8804	4.259e-13	1.52	0.7474	0.311	85.01	74.1	AURKB
A0A517ZL33	A0A286YES0	0.8802	4.426e-16	1.42	0.5279	0.3253	80.01	74.1	MAPK10
A0A250IWT1	A0A6Q8PFU3	0.8802	1.568e-16	1.4	0.6637	0.3804	86.02	53.22	PAFAH1B1
A0A517ZL33	B4DFN2	0.8801	7.485e-22	1.19	0.4247	0.3566	66.24	74.1	
A0A5B7Y0L0	Q96I63	0.8801	2.571e-19	1.72	0.3347	0.6403	67.85	79.92	YME1L1
A0A172ZJL0	Q08AF3	0.8801	2.929e-53	2.32	0.4361	0.5728	87.59	75.6	SLFN5
A0A822VZF9	X5DNJ6	0.8801	7.401e-20	1.45	0.3986	0.3846	69.82	80.58	DMPK
A0A517ZL33	A0A087WUH9	0.8801	2.103e-23	1.76	0.4135	0.4681	76.68	74.1	
A0A250I871	Q58FG0	0.8801	1.708e-40	2.17	0.6445	0.3559	69.05	87.8	HSP90AA5P
B7WQG6	Q13257	0.8799	1.425e-8	1.57	0.7193	0.8717	93.79	85.52	MAD2L1
A0A250IWT1	B3KME9	0.8799	2.641e-17	1.36	0.7299	0.2387	87.13	53.22	DCAF13
A0A6G7VQG1	Q86U44	0.8799	4.493e-11	0.88	0.2862	0.753	75.38	84.32	METTL3
A0A1S7P244	B3KWA8	0.8799	2.665e-13	1.71	0.2081	0.7183	77.59	94.91	ADCY5
A0A250IWT1	D6R9L0	0.8798	7.632e-18	1.01	0.7149	0.2948	73.13	53.22	RACK1
U3A0C6	Q59FG4	0.8798	4.22e-20	1.83	0.1654	0.52	75.74	93.8	
A0A4P8XGJ0	A0A0B4J1V9	0.8798	2.322e-20	1.49	0.5021	0.4855	63.16	73.83	HELLS
A0A822VZF9	A0A2R8Y5A0	0.8798	8.642e-14	1.45	0.568	0.3117	82.94	80.58	CSNK2A1
A0A250IWT1	Q8NA23	0.8797	3.5e-15	1.43	0.752	0.3737	85.97	53.22	WDR31
A0A2Z5TNJ9	V9HWH0	0.8797	3.049e-16	2.02	0.669	0.3435	84.09	80.1	HEL164
A0A517ZL33	Q9NYY3	0.8797	2.103e-23	1.64	0.3812	0.4405	75.89	74.1	PLK2
A0A1M5FJF6	P34897	0.8797	3.245e-16	2.94	0.5913	0.774	93.29	94.89	SHMT2
A0A3L8I112	Q6LC83	0.8796	3.342e-11	1.28	0.611	0.295	87.81	89.57	CDK4
A0A2Z5TNJ9	P06239	0.8796	1.209e-16	1.74	0.4688	0.3627	83.59	80.1	LCK
A0A2I5KM74	G3V4T8	0.8795	1.828e-19	1.51	0.3946	0.4275	68.6	80.99	MAP4K5
K0N9J3	Q03468	0.8795	6.464e-30	1.09	0.3188	0.4103	60.87	75.8	ERCC6
A0A0G3G260	Q96C10	0.8795	3.827e-11	1.39	0.5347	0.4577	90.98	84.4	DHX58
A0A1J0VPE0	B7Z5L6	0.8794	7.865e-27	2.06	0.2273	0.5713	79.28	86.53	
A0A517ZL33	P45983	0.8794	4.426e-16	1.76	0.5595	0.4166	82.41	74.1	MAPK8
A0A7U7ICI2	B4E083	0.8793	3.197e-13	1.54	0.3812	0.3839	87.02	90.09	
A0A7G6TYW3	K7ERR6	0.8793	3.602e-13	1.28	0.629	0.2685	72.23	88.3	LONP1
A0A6A9GWD9	Q5T1W1	0.8792	1.027e-13	1.9	0.7837	0.377	70.54	89.93	DDX59
A0A4P8XGJ0	Q9UNY4	0.8792	2.402e-35	1.43	0.3879	0.4874	62.09	73.83	TTF2
A0A250IWT1	B4DDM6	0.8792	4.871e-16	1.67	0.7816	0.2699	94.89	53.22	
A0A7I7SNA8	Q16673	0.8791	1.225e-17	0.59	0.4933	0.187	51.91	86.49	PMS7
A0A517ZL33	P53778	0.8791	4.426e-16	2.05	0.6427	0.4165	88.03	74.1	MAPK12
A0A518G7R2	A8K967	0.879	2.028e-22	2.97	0.5308	0.7681	88.25	93.7	
A0A345Z4V0	A0A0C4DG02	0.879	1.81e-10	0.82	0.3421	0.5593	81.89	91.59	DNMT3A
A0A250IWT1	A0A2R8YFW3	0.879	1.193e-19	1.35	0.5327	0.3761	84.62	53.22	TBL1X
A0A517MUB1	Q8NFM4	0.879	5.017e-13	1.25	0.1932	0.666	79.01	83.7	ADCY4
A0A517ZL33	A1L4K2	0.879	4.426e-16	1.73	0.5589	0.4162	80.78	74.1	MAPK8
B6XE79	Q9NTZ6	0.879	2.077e-47	0.88	0.1881	0.2395	64.09	86.11	RBM12
A0A517ZL33	B2RC06	0.879	1.814e-16	1.88	0.6701	0.4071	78.31	74.1	
A0A6N1ASN4	A0A6Q8PH99	0.879	6.439e-28	1.92	0.4319	0.3354	74.41	86.79	DICER1
A0A1D7QX01	Q6ZSZ4	0.879	8.327e-40	1.54	0.3702	0.4878	65.81	74.39	
A0A0K1P5Q4	Q9UMN4	0.8789	7.032e-13	2.06	0.3902	0.7673	81.52	91.06	CFTR
A0A250IWT1	Q9Y2I8	0.8789	5.559e-19	1.24	0.5833	0.3859	78.43	53.22	WDR37
A0A7T4IRB5	F8VZ51	0.8787	3.342e-11	1.26	0.5975	0.2628	89.11	89.53	CDK4
A0A1D7QX01	F2Z2R5	0.8787	8.327e-40	1.5	0.3665	0.4822	64.77	74.39	CHD5
A0A250IWT1	A0A0A0MRH0	0.8787	8.492e-21	1.53	0.6182	0.3717	82.88	53.22	NLE1
A0A1M5FJF6	Q53ET4	0.8786	3.245e-16	2.96	0.5923	0.7753	92.95	94.89	
A0A0B7GR96	A0A2R8Y7E1	0.8786	1.007e-9	1.53	0.7417	0.5286	89.84	88.31	PNPLA6
A0A517ZL33	B5BUJ7	0.8786	4.426e-16	1.72	0.5616	0.4156	79.71	74.1	MAPK9
A0A250IWT1	Q86W42	0.8786	5.721e-19	1.92	0.7368	0.3451	93.63	53.22	THOC6
A0A250IWT1	H3BRD4	0.8786	3.844e-14	1.34	0.822	0.2494	90.42	53.22	ZNF106
A0A822VZF9	B1APG3	0.8786	2.016e-10	1.18	0.7328	0.305	92.9	80.58	PRKACB
A0A822VZF9	Q86UX6	0.8785	4.706e-19	1.8	0.4706	0.3514	78.62	80.58	STK32C
A0A517ZL33	A0A1P0B7D2	0.8785	4.426e-16	1.77	0.5604	0.4125	81.81	74.1	MAPK10
A0A518G7R2	Q99259	0.8785	2.028e-22	2.99	0.5311	0.7687	88.69	93.7	GAD1
A0A3R0VII7	Q96TA2	0.8784	4.32e-18	2.12	0.3031	0.737	71.07	88.59	YME1L1
B1WUU2	K7EJM5	0.8784	0.0	2.02	0.3318	0.3085	78.68	93.27	TARDBP
L0L0B2	H3BQW6	0.8783	5.341e-10	1.28	0.6586	0.4654	79.57	96.22	NAE1
A0A2K8UA51	K7EJE8	0.8783	1.301e-24	1.65	0.2368	0.3183	80.29	85.14	LONP1
A0A372FQI4	Q8TCS8	0.8783	1.149e-48	1.37	0.1968	0.2385	87.41	74.64	PNPT1
A0A250IWT1	Q9BQA1	0.8783	5.721e-19	1.92	0.7583	0.3564	91.03	53.22	WDR77
A0A2K8UA51	Q86WA8	0.8782	1.301e-24	1.6	0.2402	0.3309	77.4	85.14	LONP2
R9RJ65	Q9H1R3	0.8781	2.135e-17	1.29	0.4164	0.3759	67.23	80.14	MYLK2
A0A517ZL33	A0A7P0T8T9	0.8781	1.022e-14	1.62	0.5813	0.4412	78.22	74.1	AKT3
A0A518DYC1	A8K7G2	0.8781	7.192e-16	1.66	0.4112	0.4715	72.19	85.88	
A0A250IWT1	C9JJ54	0.8781	3.844e-14	1.33	0.8291	0.2521	88.81	53.22	WDFY1
A0A822VZF9	A0A804HHY0	0.878	2.135e-17	1.18	0.3075	0.3062	75.43	80.58	PRKCG
A0A518G7R2	Q8IVA8	0.878	2.028e-22	2.99	0.5309	0.7683	88.04	93.7	GAD1
A0A562WD58	B4DL81	0.8779	1.469e-14	2.32	0.537	0.5923	83.3	91.26	
A0A250IWT1	A0A024R0H7	0.8779	5.721e-19	1.92	0.7595	0.3571	90.48	53.22	
A0A517ZL33	A0A286YFJ6	0.8779	4.426e-16	1.78	0.5581	0.4106	81.55	74.1	MAPK10
D9SDG5	A2A376	0.8778	6.283e-12	1.29	0.4894	0.495	86.59	76.24	DDX58
A0A7Z2ZN36	Q08828	0.8778	2.408e-14	1.85	0.1731	0.6995	77.42	94.92	ADCY1
A0A822VZF9	Q9UQ07	0.8778	1.318e-13	1.36	0.5545	0.3609	76.19	80.58	MOK
A0A411PGA5	O43414	0.8778	1.577e-9	1.08	0.4969	0.8138	73.76	90.32	ERI3
A0A517ZL33	B7Z1Z1	0.8778	4.223e-14	1.58	0.5913	0.3227	86.88	74.1	
A0A2I5KM74	B2R928	0.8777	1.828e-19	1.57	0.3421	0.4284	71.63	80.99	
A0A822VZF9	A0A286YF83	0.8777	6.976e-13	1.66	0.6694	0.3222	85.79	80.58	MAPK10
A0A518G7R2	A0A0S2Z3V5	0.8777	2.028e-22	3.0	0.5309	0.7683	88.34	93.7	GAD1
A0A0J8XNY7	Q53XL8	0.8777	8.131e-14	2.03	0.5613	0.6368	77.23	83.54	PSMC1
A0A0K2E484	A0A1W2PPJ9	0.8776	1.539e-21	2.18	0.5863	0.3701	81.53	79.77	STRADA
E8V4E5	A0A2R8Y7N2	0.8776	1.603e-24	1.74	0.2974	0.446	64.44	90.87	SPG7
A0A517ZL33	A0A286YES9	0.8775	4.426e-16	1.79	0.5626	0.4189	80.65	74.1	MAPK10
A0A250IWT1	D6REE5	0.8775	7.632e-18	1.43	0.7749	0.3423	74.73	53.22	RACK1
R9RJ65	Q8TDR2	0.8775	1.371e-15	1.12	0.4488	0.3652	66.17	80.14	STK35
A0A517ZL33	A0A286YFJ4	0.8775	4.426e-16	1.78	0.5567	0.4124	81.01	74.1	MAPK10
S7TRZ0	C9JYS8	0.8775	1.3e-11	0.2	0.2676	0.3214	73.74	93.9	NONO
A0A0K2E484	A0A7I2V639	0.8775	5.93e-19	1.29	0.3677	0.3806	66.22	79.77	MARK3
R9RJ65	K7ER95	0.8775	1.828e-19	1.65	0.3623	0.4383	73.05	80.14	MAP4K1
A0A0J8VQR5	B7Z9U2	0.8774	4.285e-20	2.25	0.3307	0.6096	83.3	83.86	
A0A3R0VII7	Q5HY92	0.8774	1.011e-16	1.86	0.3131	0.7444	61.4	88.59	FIGN
A0A0K1P5Q4	Q9UMW6	0.8773	1.856e-10	1.79	0.4812	0.7384	87.9	91.06	TAP2-G
A0A518G7R2	P13196	0.8773	1.407e-14	2.44	0.4791	0.7489	79.27	93.7	ALAS1
R9RJ65	Q9Y4K4	0.8773	1.828e-19	1.67	0.3539	0.4421	73.7	80.14	MAP4K5
A0A250IWT1	Q9UM11	0.8773	9.758e-19	1.56	0.6182	0.4148	82.36	53.22	FZR1
E3FIT8	C9JJ18	0.8773	6.709e-11	1.32	0.8333	0.3034	86.53	76.92	PNCK
A0A517ZL33	Q59FA7	0.8773	1.74e-14	1.79	0.6772	0.4034	80.68	74.1	
A0A250IWT1	B4DGZ9	0.8773	1.706e-16	1.42	0.7179	0.2442	88.4	53.22	
A0A3G6K670	A0A2R8Y8B3	0.8772	8.327e-40	1.37	0.3378	0.3274	68.34	76.92	CHD4
A0A7I7SNA8	Q16544	0.8772	1.225e-17	0.6	0.4999	0.1875	49.14	86.49	PMS6
A0A1M5FJF6	B4DJ63	0.8772	3.245e-16	2.7	0.5784	0.5839	89.4	94.89	
A0A517ZL33	Q9BWU1	0.8771	1.123e-16	1.76	0.5293	0.4582	76.56	74.1	CDK19
A0A123SU34	A4D151	0.8771	1.318e-13	1.69	0.571	0.3655	84.47	80.85	LOC402468
A0A7T3E6V9	Q5TA58	0.8771	5.444e-13	2.24	0.4535	0.6762	91.52	87.69	AGO1
A0A0K1P5Q4	Q9UPU0	0.877	4.003e-19	2.7	0.4951	0.753	79.76	91.06	DKFZp547P193
A0A250IWT1	Q15542	0.877	1.356e-23	0.93	0.3767	0.3958	75.47	53.22	TAF5
A0A448L463	Q15157	0.8769	1.305e-15	1.65	0.5733	0.285	72.31	86.52	PMS4
A0A2D1TV21	J3QL17	0.8769	3.28e-14	1.72	0.5757	0.3585	80.01	82.75	DDX25
Q5HK71	Q59GD0	0.8769	3.197e-13	1.29	0.3486	0.3756	79.03	89.68	
A0A0Z8M843	P08631	0.8769	1.209e-16	1.82	0.4554	0.3647	83.1	80.86	HCK
A0A0K1P5Q4	Q6AI28	0.8769	2.629e-14	2.06	0.1976	0.8145	79.5	91.06	DKFZp781N1972
A0A1S7P244	F5H4D1	0.8769	5.017e-13	1.66	0.2403	0.6866	73.68	94.91	ADCY7
A0A5P3ATL0	Q14558	0.8769	2.645e-14	1.67	0.3297	0.4883	88.87	79.42	PRPSAP1
A0A2K8UA51	Q2VPA0	0.8769	1.301e-24	1.68	0.2321	0.3186	79.84	85.14	LONP1
E3FIT8	C9JB09	0.8768	6.709e-11	1.34	0.8352	0.3029	86.28	76.92	PNCK
A0A172XTS4	F5H116	0.8768	9.787e-18	2.19	0.755	0.162	82.01	87.71	PIWIL4
A0A4Y1WP74	B3KME0	0.8768	5.444e-13	2.28	0.4528	0.6847	92.98	87.22	
A0A517ZL33	A0A286YFI3	0.8768	4.426e-16	2.03	0.6124	0.4134	86.24	74.1	MAPK10
A0A2I5KM74	Q8IWB3	0.8767	7.837e-14	0.96	0.5544	0.2094	72.06	80.99	PCTK3
A0A250IWT1	D6RHH4	0.8767	1.985e-12	1.02	0.8601	0.2738	86.5	53.22	RACK1
B7KMS1	B4DRA0	0.8767	3.317e-15	0.91	0.199	0.4067	63.37	92.0	
A0A822VZF9	Q9Y6B5	0.8767	1.152e-15	1.29	0.4326	0.3551	70.9	80.58	
A0A123SU34	P09769	0.8767	1.209e-16	1.8	0.4533	0.3653	82.18	80.85	FGR
A0A822VZF9	B2RCU6	0.8767	1.152e-15	1.32	0.4306	0.3561	71.82	80.58	
A0A822VZF9	B3KVM3	0.8767	2.135e-17	1.19	0.4223	0.3686	62.08	80.58	
A0A1S7P244	B3KSJ0	0.8766	5.017e-13	1.67	0.2411	0.6866	73.6	94.91	
A0A517ZL33	A0A286YEN5	0.8766	4.426e-16	1.75	0.5459	0.4137	79.35	74.1	MAPK10
A0A250IWT1	Q8TC44	0.8766	1.524e-20	1.4	0.5927	0.3793	77.41	53.22	POC1B
Q5HK71	B2R841	0.8766	3.197e-13	1.74	0.4004	0.4729	83.6	89.68	
A0A517ZL33	F5GZ00	0.8766	2.791e-17	1.52	0.5784	0.3522	69.53	74.1	CAMKK2
A0A250IWT1	Q4G115	0.8765	1.524e-20	1.9	0.6754	0.3703	90.06	53.22	DNAI2
A0A2I5KM74	B7ZAU7	0.8765	5.704e-17	1.48	0.3473	0.3734	76.06	80.99	
A0A517ZL33	P19784	0.8764	1.436e-14	2.12	0.6532	0.4014	94.14	74.1	CSNK2A2
A0A517ZL33	E9PER6	0.8764	1.175e-17	1.78	0.4785	0.4335	78.64	74.1	PDPK1
A0A822VZF9	P05129	0.8764	3.489e-14	1.23	0.3426	0.3589	81.46	80.58	PRKCG
D1PF82	B7ZB02	0.8764	5.272e-11	0.57	0.3881	0.2338	96.66	80.31	
A0A250IWT1	Q05048	0.8764	2.049e-22	1.95	0.654	0.3833	90.43	53.22	CSTF1
A0A517ZL33	A0A286YFD7	0.8762	4.426e-16	1.83	0.5581	0.4144	80.97	74.1	MAPK10
A0A7Z2ZN36	O95622	0.8762	2.665e-13	1.56	0.153	0.6869	73.19	94.92	ADCY5
A0A123SU34	Q59H18	0.8762	3.456e-15	1.34	0.3099	0.3838	79.62	80.85	TNNI3K
A0A5Q2MJC7	A0PHL1	0.8761	3.201e-18	1.79	0.5975	0.2238	78.69	78.68	RASL11B
G4T261	A0A2R8YDW2	0.8761	4.25e-31	1.47	0.371	0.4465	62.53	74.69	CHD4
A0A5B9E1W6	A0A140VJQ4	0.8761	4.648e-10	2.21	0.6562	0.7376	93.45	95.11	
Q5HK71	P53350	0.8761	3.197e-13	1.78	0.4027	0.4754	84.03	89.68	PLK1
A0A3G9JPH8	B4DJX6	0.876	1.03e-16	2.19	0.7702	0.3931	67.73	87.29	
A0A0Z8M843	A8K4G3	0.876	1.209e-16	1.86	0.4644	0.3589	83.15	80.86	
A0A123SU34	P06241	0.8759	1.209e-16	1.78	0.4459	0.3646	80.84	80.85	FYN
A0A517ZL33	A0A5H1ZRP5	0.8759	5.358e-12	1.78	0.7891	0.3887	88.98	74.1	CDKL1
B0SQF3	B4DMT7	0.8759	8.237e-20	2.25	0.3285	0.7475	71.37	85.15	
A0A250IWT1	A0A6Q8PG63	0.8759	1.568e-16	1.23	0.6285	0.2951	83.19	53.22	PAFAH1B1
A0A517ZL33	Q9C0K7	0.8758	5.855e-19	2.0	0.6087	0.4438	74.3	74.1	STRADB
A0A822VZF9	F8W9W2	0.8758	5.436e-16	1.59	0.3734	0.3084	84.99	80.58	GRK6
A0A0Z8HCP9	A0A0S2Z3Y8	0.8758	1.209e-16	1.83	0.4602	0.358	82.63	80.32	LCK
A0A3G9IYS2	P83105	0.8757	1.149e-15	1.5	0.3492	0.3643	82.51	79.01	HTRA4
A0A250IWT1	O60907	0.8756	1.193e-19	1.35	0.4931	0.3818	82.27	53.22	TBL1X
A0A517ZL33	A0A1W2PNV7	0.8756	5.855e-19	1.98	0.5907	0.3519	80.49	74.1	STRADA
A0A517MUB1	Q86TZ7	0.8756	5.017e-13	1.28	0.1879	0.6636	75.97	83.7	
D8GSV2	B3KV52	0.8756	3.245e-16	2.93	0.603	0.6827	95.95	91.52	
A0A6I6CCJ7	Q9UBC3	0.8756	1.81e-10	0.54	0.2836	0.599	72.55	91.75	DNMT3B
A0A7T3E6V9	Q9UL18	0.8755	5.444e-13	2.22	0.416	0.6768	90.99	87.69	AGO1
A0A5B9E1W6	P04181	0.8755	4.648e-10	2.24	0.6561	0.7375	94.08	95.11	OAT
A0A4Y6RC84	O75435	0.8754	8.48e-13	1.33	0.8068	0.1543	74.69	80.52	
A0A1Z4VRC4	A0A2R8YFV8	0.8754	1.491e-12	1.44	0.7034	0.3017	78.59	78.89	SMARCA4
A0A3E3EC96	B4DKX3	0.8754	2.27e-33	1.85	0.349	0.5016	61.42	85.92	
A0A517ZL33	A8K342	0.8753	5.855e-19	1.97	0.6004	0.4377	73.34	74.1	
A0A822VZF9	Q9C098	0.8753	2.135e-17	1.2	0.3809	0.3721	63.03	80.58	DCLK3
A0A0H3JWT2	Q2TU65	0.8753	3.902e-16	1.78	0.3831	0.4102	74.2	89.51	
A0A822VZF9	O75914	0.8752	1.152e-15	1.38	0.4186	0.3552	72.43	80.58	PAK3
A0A2I5KM74	Q5TBH0	0.8752	3.233e-11	1.06	0.7609	0.2445	77.67	80.99	NEK6
A0A2K8K7Y7	E9PN50	0.8752	3.548e-19	1.21	0.2977	0.1331	77.4	83.99	PSMC3
A0A123SU34	A0A0S2Z355	0.8752	6.976e-13	1.83	0.7038	0.2984	87.79	80.85	CDK5
A0A1B1YDD2	Q2M2I3	0.8751	6.367e-10	1.04	0.2863	0.8449	69.56	96.05	FAM83E
A0A250IWT1	Q59F53	0.8751	1.193e-19	1.36	0.5256	0.3809	79.8	53.22	
A0A250IWT1	A0MNP0	0.8751	1.524e-20	1.42	0.5924	0.3794	76.02	53.22	WDR51B
E3FIT8	G9BXQ3	0.8751	1.466e-15	1.58	0.5105	0.3963	74.06	76.92	
A0A116MDM6	A0A7I2V3B9	0.8749	5.93e-19	1.45	0.3631	0.3636	67.97	80.78	MARK3
A0A250IWT1	Q13347	0.8749	3.854e-17	2.06	0.8185	0.3663	91.93	53.22	EIF3I
Q2SG57	Q14839	0.8748	1.235e-37	1.47	0.2583	0.4758	64.62	76.0	CHD4
A0A0K2E484	B7Z7X0	0.8747	5.704e-17	1.37	0.3185	0.3418	75.38	79.77	
A0A1E3MBE1	Q59FH0	0.8746	1.017e-10	2.16	0.7739	0.5461	91.44	89.27	
A0A0K1P5Q4	Q6ZMF8	0.8746	5.244e-13	2.47	0.4413	0.7741	90.17	91.06	
A0A221UZU7	A0A2R8YGD1	0.8745	2.152e-9	0.49	0.5364	0.3279	88.36	89.89	TPP1
A0A1I7K5J7	A0A2R8YD45	0.8745	2.152e-9	0.59	0.5168	0.3631	89.26	89.87	TPP1
A0A250IWT1	A0A7I2YQT9	0.8745	3.854e-17	1.82	0.8053	0.3085	86.36	53.22	EIF3I
A0A250IWT1	Q5XUX1	0.8744	9.635e-20	1.71	0.6098	0.378	84.95	53.22	FBXW9
A0A250IWT1	B4DZ46	0.8744	2.396e-13	1.53	0.8882	0.2446	91.64	53.22	
D5UA90	A0A2Z2CIT2	0.8743	1.81e-10	0.75	0.2915	0.6963	67.14	92.78	DNMT3B
A0A4U8Z5F9	Q9HCK8	0.8743	1.734e-33	1.48	0.1959	0.6481	53.92	79.27	CHD8
A0A517ZL33	Q16539	0.8742	4.426e-16	2.21	0.6349	0.4054	89.77	74.1	MAPK14
A0A5P3ATL0	B2R7R5	0.8742	2.645e-14	1.71	0.324	0.4936	86.75	79.42	
A0A1L5JQK1	Q59H53	0.8741	1.312e-28	2.11	0.3077	0.7172	61.01	84.36	
A0A2W5C3Y0	Q6PIY7	0.8741	2.232e-19	2.54	0.4661	0.6497	76.7	89.92	TENT2
A0A0K1P5Q4	O15439	0.874	8.017e-14	2.02	0.1504	0.7661	83.04	91.06	ABCC4
A0A123SU34	J3KPD6	0.874	1.209e-16	1.86	0.4509	0.3614	81.22	80.85	HCK
A0A517ZL33	A0A286YFM6	0.874	4.426e-16	2.18	0.6332	0.414	87.68	74.1	MAPK10
A0A1D7QX01	H0YMN5	0.8739	8.327e-40	1.24	0.2623	0.3139	68.64	74.39	INO80
A0A4U8Z5F9	Q5FWF4	0.8739	2.681e-21	2.04	0.3854	0.5545	72.4	79.27	ZRANB3
A0A0K1P5Q4	Q53S60	0.8739	1.193e-12	2.35	0.4217	0.7651	87.82	91.06	ABCB11
Q2SG57	Q12873	0.8739	1.235e-37	1.44	0.2517	0.4838	62.36	76.0	CHD3
A0A250IWT1	Q96J01	0.8738	3.648e-15	1.84	0.7837	0.3772	90.2	53.22	THOC3
A0A250IWT1	H0YNI7	0.8738	4.268e-13	1.63	0.7983	0.3862	92.53	53.22	TLE3
A0A0J8FE08	Q7Z777	0.8738	7.368e-20	2.25	0.6853	0.2797	77.21	83.91	CLPB
R9RJ65	A0A2R8YF43	0.8737	8.642e-14	1.72	0.5634	0.3196	84.25	80.14	CSNK2A1
A0A123SU34	A4D150	0.8737	1.318e-13	1.73	0.5543	0.366	82.5	80.85	LOC402468
R9RJ65	H7C360	0.8737	8.318e-32	1.4	0.2363	0.399	63.79	80.14	MAP4K4
A0A448L463	B4DMF4	0.8736	8.266e-23	1.33	0.2656	0.2854	63.71	86.52	
A0A0J8XNY7	P62191	0.8736	8.131e-14	2.16	0.5584	0.6336	77.83	83.54	PSMC1
A0A850LHY9	Q2NL95	0.8736	1.998e-13	1.57	0.6094	0.2784	83.14	77.82	DDX19B
R9RJ65	O60285	0.8735	5.93e-19	1.4	0.3927	0.391	61.38	80.14	NUAK1
A0A6S4T7H3	Q9Y6X9	0.8735	3.748e-12	1.34	0.2923	0.5916	77.65	85.63	MORC2
A0A418U496	P61221	0.8735	2.494e-17	1.91	0.322	0.3281	86.69	85.49	ABCE1
A0A5Z1RV82	A0A1W2PPQ8	0.8735	5.881e-17	2.26	0.3801	0.5771	86.02	81.97	ABCC6
B7KMS1	B4DLM0	0.8735	3.317e-15	0.91	0.1748	0.3636	63.59	92.0	
A0A517ZL33	A0A286YF85	0.8734	4.426e-16	1.81	0.528	0.4131	78.57	74.1	MAPK10
A0A1E3MBE1	A0A7I2V412	0.8734	3.058e-16	2.36	0.4779	0.5508	80.87	89.27	MACROH2A2
G2LKY9	B4DJ90	0.8734	6.564e-13	0.17	0.1731	0.3123	64.48	93.14	
A9WFD2	Q86UY5	0.8733	1.822e-10	1.38	0.3232	0.8027	72.45	93.36	FAM83A
A0A1L3JMF1	B7Z455	0.8733	3.827e-11	1.46	0.5401	0.4061	88.82	83.64	
A0A2I5KM74	Q8NCB2	0.8733	5.926e-13	1.18	0.5036	0.3874	70.65	80.99	CAMKV
R9RJ65	A0A140VJW0	0.8733	4.706e-19	1.89	0.4694	0.3512	75.76	80.14	STK32C
A0A6J5FPF2	H3BTM8	0.8731	0.0	2.9	0.5479	0.6438	81.27	91.9	PSMD7
A0A250IWT1	B7Z2C8	0.8731	1.486e-16	1.48	0.5297	0.3802	87.9	53.22	
E3FF42	X6RI79	0.873	2.282e-33	2.12	0.4962	0.407	69.77	82.1	SETX
A7HKC6	O94762	0.873	9.083e-11	1.33	0.3705	0.7996	70.05	87.25	RECQL5
R9RJ65	Q5JQZ9	0.873	1.29e-11	1.35	0.6357	0.2583	87.04	80.14	CDK19
A0A6A9GWD9	X2JEV0	0.873	8.974e-24	2.29	0.3245	0.6665	66.27	89.93	RECQL4
A0A1P8U854	A0A2R8Y6K2	0.873	2.241e-20	0.93	0.1724	0.2537	68.4	81.14	SPG7
A0A517ZL33	A0A286YF97	0.8729	4.426e-16	1.78	0.516	0.4145	77.54	74.1	MAPK10
R9RJ65	A0A590UK17	0.8729	7.052e-19	1.67	0.4621	0.3639	66.92	80.14	SBK1
B4RJB3	B4DHJ4	0.8729	2.828e-34	1.77	0.1919	0.5217	68.35	81.73	
Q6AKU3	B4DT15	0.8728	9.448e-32	2.29	0.2526	0.5295	82.45	85.14	
A0A822VZF9	B2R5T1	0.8728	3.489e-14	1.25	0.3433	0.3597	77.06	80.58	
A7HKC6	A5YM55	0.8727	9.083e-11	1.29	0.3711	0.802	68.2	87.25	RECQL5
A0A0K2E484	V9HWH3	0.8726	8.318e-32	1.54	0.2526	0.4429	63.14	79.77	HEL-S-31
A0A7I7SNA8	O95744	0.8726	1.305e-15	1.29	0.5022	0.3137	57.82	86.49	PMS2P2
A0A0K1P5Q4	Q9UQ60	0.8726	1.193e-12	2.27	0.3743	0.7342	87.57	91.06	TAP2
A0A822VZF9	V9GXZ1	0.8726	2.992e-18	1.2	0.3117	0.3669	62.35	80.58	MAST2
A0A7Z2ZN36	A0A384P5Q5	0.8726	2.665e-13	1.67	0.1508	0.6843	72.54	94.92	
A0A3G9IYS2	P83110	0.8725	2.995e-14	1.52	0.3648	0.3633	84.5	79.01	HTRA3
E3FIT8	B3KYB1	0.8725	6.14e-14	1.9	0.6786	0.3401	82.75	76.92	
A0A5Q2MJC7	F5GYB5	0.8725	6.651e-15	1.73	0.6703	0.1842	80.47	78.68	RAP1B
A0A517ZL33	P15735	0.8725	4.426e-16	2.05	0.5855	0.413	83.26	74.1	PHKG2
A0A3G9IYS2	B3KRN4	0.8724	1.149e-15	1.38	0.3702	0.3642	72.99	79.01	
A0A0Z8M843	H0Y3C5	0.8724	1.209e-16	1.9	0.4476	0.3583	81.12	80.86	HCK
A0A250IWT1	A0A3B3ITV3	0.8724	1.69e-19	1.52	0.4715	0.3812	85.16	53.22	COPA
A0A250IWT1	B4DE62	0.8724	3.253e-15	1.58	0.7018	0.3919	83.18	53.22	
Q2SG57	Q8TDI0	0.8724	1.235e-37	1.47	0.2518	0.4744	61.99	76.0	CHD5
A0A858B7I7	Q9UMR2	0.8723	3.28e-14	1.95	0.5842	0.3705	81.53	82.61	DDX19B
A0A517ZL33	E9PCC0	0.8723	4.426e-16	1.79	0.6139	0.3708	73.45	74.1	STK32B
A0A250IWT1	B4DDG3	0.8722	2.049e-22	2.02	0.6628	0.3765	87.56	53.22	
A0A1L3FFC9	B3KM53	0.8722	8.342e-17	2.0	0.3635	0.4904	76.77	85.24	
A0A1L5JQK1	B4DER6	0.8722	7.1e-16	1.72	0.2286	0.7139	64.07	84.36	
A0A123SU34	B7Z325	0.8722	5.65e-18	1.55	0.4796	0.2887	66.89	80.85	
A0A0H1XY30	Q53EW6	0.8722	9.486e-14	1.85	0.4179	0.414	81.68	89.22	
A0A1Q2CWK5	B4DWT9	0.8722	6.878e-15	2.63	0.477	0.7718	83.91	89.43	
A0A250IWT1	Q53HU7	0.8721	3.854e-17	2.04	0.8197	0.3665	87.21	53.22	
A0A250IWT1	A0A7I2V3U3	0.8721	3.854e-17	2.08	0.8176	0.3649	89.28	53.22	EIF3I
A0A250IWT1	B4DK45	0.8721	1.592e-17	1.7	0.7271	0.3718	78.66	53.22	
A0A250IWT1	Q8TAF3	0.8721	7.365e-17	1.31	0.4124	0.3689	88.9	53.22	WDR48
Q6AKU3	A0A0S2Z5M8	0.8721	9.448e-32	2.28	0.2463	0.5226	81.89	85.14	ELAC2
A0A517ZL33	O14733	0.872	4.838e-20	2.19	0.5943	0.4341	77.27	74.1	MAP2K7
A0A250IWT1	A0JLS5	0.872	6.15e-18	1.3	0.4888	0.37	80.47	53.22	TBL3
A0A3Q8BJG0	G3V547	0.872	1.033e-8	0.95	0.8732	0.2041	93.16	89.17	NEMF
G2LKY9	E5RHG1	0.872	8.935e-10	0.25	0.4795	0.3281	75.56	93.14	RBM12B
A0A0B5ICT0	E5RIA2	0.8719	2.7e-9	1.37	0.4218	0.6767	95.67	86.59	ENPP2
A0A116MDM6	A0A2R8YDP2	0.8719	8.642e-14	1.63	0.5361	0.2969	81.3	80.78	CSNK2A1
A0A517ZL33	Q8TAS1	0.8719	1.851e-11	1.45	0.5739	0.419	89.75	74.1	UHMK1
A0A822VZF9	B7Z3W6	0.8717	3.489e-14	1.25	0.3371	0.3595	76.04	80.58	
A0A345Z4V0	Q9Y6K1	0.8716	1.213e-10	0.72	0.2623	0.5595	72.94	91.59	DNMT3A
A0A250IWT1	B4DIH4	0.8716	6.743e-13	0.71	0.7173	0.221	81.83	53.22	
B7KMS1	B3KWX7	0.8716	3.317e-15	0.96	0.1693	0.3501	63.6	92.0	
A0A2I5KM74	B7Z3V5	0.8716	8.318e-32	1.55	0.2516	0.4455	60.83	80.99	
A0A0K1P5Q4	Q6AI35	0.8716	1.341e-12	1.86	0.1892	0.8207	75.49	91.06	DKFZp686F2450
A0A250IWT1	Q5U0F4	0.8716	3.854e-17	2.07	0.8189	0.3664	87.94	53.22	EIF3S2
A0A850LHY9	Q9HBZ9	0.8716	1.998e-13	1.5	0.582	0.279	79.87	77.82	
Q6AKU3	B3KT00	0.8715	9.448e-32	2.28	0.2532	0.5297	80.17	85.14	
A0A0Z8M843	A0A7P0TB08	0.8715	1.505e-11	1.36	0.6359	0.2518	85.72	80.86	VRK1
A0A250IWT1	A0A7I2YQC8	0.8714	3.854e-17	1.96	0.8059	0.3286	86.47	53.22	EIF3I
A0A822VZF9	D6RJF7	0.8714	2.737e-11	1.01	0.7228	0.2498	73.18	80.58	NEK11
Q6AKU3	G5E9D5	0.8714	9.448e-32	2.27	0.2537	0.5295	79.46	85.14	ELAC2
A0A250IWT1	A0A7P0MRT9	0.8714	3.854e-17	2.03	0.8185	0.3646	86.11	53.22	EIF3I
A0A822VZF9	B2RDF9	0.8713	5.926e-13	1.15	0.5016	0.3858	67.82	80.58	
A0A822VZF9	A0A804HIU5	0.8712	3.489e-14	1.27	0.3366	0.3589	76.05	80.58	PRKCG
A0A517ZL33	D6RJF9	0.8712	4.426e-16	2.19	0.6118	0.4131	85.97	74.1	MAPK10
A0A250IWT1	A0A024R2L1	0.8711	7.365e-17	1.34	0.4122	0.3688	88.53	53.22	WDR48
A0A517ZL33	A0A286YF19	0.8711	4.426e-16	2.13	0.6272	0.4153	81.91	74.1	MAPK10
A0A2I5KM74	A0A140VKD5	0.8711	5.926e-13	1.19	0.5049	0.3887	67.72	80.99	
A0A2I5KM74	O96013	0.871	1.152e-15	1.45	0.3971	0.3556	70.09	80.99	PAK4
A0A850LHY9	H3BQK0	0.871	1.998e-13	1.5	0.5828	0.2827	78.74	77.82	DDX19B
A0A250IWT1	Q9BVC4	0.871	2.019e-14	1.83	0.7803	0.3497	91.64	53.22	MLST8
S0F4R3	B2RAD8	0.871	5.444e-13	2.35	0.4161	0.6924	92.09	85.68	
A0A123SU34	A0A7P0T814	0.871	1.505e-11	1.31	0.6456	0.2599	82.31	80.85	VRK1
A0A7G7GB79	Q5EBM7	0.8709	4.295e-17	1.77	0.3555	0.4082	63.4	93.05	PAPD5
A0A250IWT1	H3BPT1	0.8708	6.743e-13	1.41	0.828	0.2315	91.01	53.22	MLST8
A0A411PGA5	A0A3B3ISV9	0.8708	1.577e-9	1.06	0.4962	0.761	67.47	90.32	ERI3
A0A250IWT1	Q6UXN9	0.8707	3.601e-14	2.05	0.8456	0.3686	95.97	53.22	WDR82
E4MU86	B4DV26	0.8706	3.827e-11	1.52	0.5033	0.4265	88.46	83.34	
A0A0Z8HCP9	Q96PY6	0.8706	1.222e-27	1.34	0.2328	0.4242	56.86	80.32	NEK1
A0A250IWT1	H3BSZ4	0.8706	4.871e-16	1.87	0.7917	0.304	87.88	53.22	MLST8
A0A517ZL33	A0A2R8YEJ7	0.8706	4.093e-14	2.09	0.657	0.425	85.77	74.1	CASK
Q2SG57	B4DZN6	0.8706	4.135e-19	1.27	0.3895	0.3369	61.38	76.0	
A0A643FHJ9	Q69YV6	0.8706	1.246e-13	1.32	0.6498	0.2194	69.03	79.91	DKFZp564G1016
R9RJ65	Q59GQ9	0.8706	6.044e-17	1.73	0.4763	0.4021	67.19	80.14	
E1QKV0	J3KNJ7	0.8705	2.896e-14	1.25	0.2758	0.5071	65.89	82.9	METTL4
A0A250IWT1	Q9H6Y2	0.8705	3.648e-15	1.73	0.7103	0.369	87.04	53.22	WDR55
A0A1L5JQK1	A0A2R8Y632	0.8705	2.244e-21	1.74	0.3032	0.4237	64.96	84.36	SPG7
A0A250IWT1	A0A7I2V640	0.8704	3.854e-17	2.07	0.8318	0.3547	86.28	53.22	EIF3I
A0A6I6AHP7	Q6N037	0.8703	3.77e-19	1.59	0.2237	0.3392	70.67	87.24	DKFZp686A11192
A0A7I7SNA8	I3L239	0.8703	7.101e-9	0.58	0.6377	0.3074	91.33	86.49	TRAP1
A0A517ZL33	D7R527	0.8702	4.426e-16	2.23	0.6228	0.4145	85.53	74.1	MAPK9
A0A0B5ICT0	Q13822	0.8702	3.345e-10	1.36	0.2517	0.6717	91.4	86.59	ENPP2
A0A3G9JPH8	B3KV84	0.8701	3.885e-16	1.09	0.3257	0.3032	58.55	87.29	
G2LKY9	A0A6Q8PH35	0.8701	1.15e-13	0.21	0.1427	0.2722	60.37	93.14	HNRNPR
A0A7T3E6V9	Q9UKV8	0.8701	5.444e-13	2.4	0.4151	0.6768	92.41	87.69	AGO2
A0A0K2E484	Q9UQ88	0.87	2.135e-17	1.37	0.3176	0.3706	66.15	79.77	CDK11A
A0A250IWT1	B3KM67	0.87	3.648e-15	1.63	0.689	0.3908	82.74	53.22	
A0A088E5K8	B4DLX7	0.87	6.124e-14	2.23	0.4641	0.5281	85.44	86.87	
A0A850LHY9	Q7Z4W5	0.8699	1.998e-13	1.58	0.5848	0.2813	79.95	77.82	
A0A250IWT1	A0A7I2V685	0.8699	3.854e-17	2.12	0.8273	0.3427	88.83	53.22	EIF3I
A0A517ZL33	A8K8J5	0.8699	1.123e-16	1.91	0.5159	0.4459	74.44	74.1	
A7HKC6	B7Z8Y7	0.8698	9.083e-11	1.32	0.3616	0.8024	65.82	87.25	
A5FFF0	A0A0C4DG33	0.8698	1.061e-15	1.8	0.2318	0.7209	62.67	85.43	PEX1
A0A2I5KM74	B0QY34	0.8698	1.466e-14	2.32	0.682	0.3656	88.21	80.99	CSNK1E
S7TRZ0	F5GY08	0.8698	6.163e-12	0.41	0.2846	0.3107	63.59	93.9	RBM7
A0A250IWT1	Q24JR4	0.8698	1.356e-23	1.51	0.4935	0.3869	75.04	53.22	WDR81
A0A5Z9UYT5	P11802	0.8697	9.195e-15	2.45	0.7006	0.3353	86.81	88.55	CDK4
A0A0K1P5Q4	Q8NCH1	0.8697	1.193e-12	2.43	0.4034	0.774	86.89	91.06	
A0A822VZF9	Q499G7	0.8697	2.849e-11	1.72	0.638	0.3596	91.15	80.58	MAPK1
A0A0H3JWT2	O43353	0.8697	3.902e-16	2.06	0.3974	0.4251	76.03	89.51	RIPK2
A0A2D1TV21	A0A0U4B4U6	0.8697	3.28e-14	2.02	0.5897	0.3725	80.37	82.75	
A0A123SU34	E7EN19	0.8696	8.318e-32	1.58	0.2531	0.4488	59.01	80.85	MAP4K4
R9RJ65	G5E948	0.8696	8.318e-32	1.56	0.2479	0.4364	60.19	80.14	MAP4K4
A0A250IWT1	B7Z6V3	0.8696	1.356e-23	1.47	0.5074	0.3878	72.57	53.22	
D9SDG5	O95786	0.8695	6.518e-12	1.37	0.3869	0.4902	85.17	76.24	RIGI
A0A250IWT1	A0A7I2V4S8	0.8695	4.871e-16	2.01	0.8537	0.3021	88.09	53.22	EIF3I
A0A2I5KM74	A8K602	0.8695	1.828e-19	1.78	0.321	0.4217	70.11	80.99	
K4IFX1	Q460N3	0.8695	1.089e-12	1.78	0.2184	0.5901	79.08	94.34	PARP15
A0A7I8DCJ7	Q9BQ69	0.8694	3.852e-16	2.22	0.4012	0.4263	82.27	89.63	MACROD1
A0A5J6QTB0	B7Z611	0.8694	3.76e-17	1.98	0.4317	0.2803	88.83	77.12	
Q72TS8	A6PVI1	0.8694	8.935e-10	0.32	0.4654	0.3247	75.29	92.22	RBM12
A0A250IWT1	A0A140VJF3	0.8694	7.651e-12	1.62	0.8245	0.3668	95.91	53.22	
A0A5K7X3J4	A0A0A8K9B1	0.8694	1.476e-14	1.05	0.104	0.3484	70.7	91.75	URLC6
A0A0K2E484	Q6ZN16	0.8694	6.656e-19	1.61	0.2151	0.4039	74.3	79.77	MAP3K15
A0A3M8ANJ8	O15270	0.8693	2.721e-13	2.73	0.5269	0.7654	86.22	94.99	SPTLC2
A0A0K1P5Q4	A0A2R8YGQ6	0.8693	9.826e-16	2.4	0.2837	0.7628	76.23	91.06	ABCC8
A0A0H2YG60	A0A7P0T8R3	0.8692	5.573e-13	1.32	0.4319	0.3043	77.34	83.0	HSP90B1
A0A0K2E484	P21127	0.8692	2.135e-17	1.36	0.3167	0.3748	64.54	79.77	CDK11B
A0A0K1P5Q4	Q59GY9	0.8692	8.017e-14	2.27	0.1873	0.7573	85.89	91.06	
A0A7D6VA10	B5MCT7	0.8691	1.579e-21	3.09	0.5464	0.6502	90.51	93.47	PPM1F
A0A822VZF9	Q32MK0	0.8691	2.135e-17	1.27	0.3055	0.3732	61.71	80.58	MYLK3
A0A250I871	Q58FF4	0.8691	7.283e-45	1.81	0.5377	0.3165	49.12	87.8	HSP90Bf
A0A5K7X3J4	F5H0R1	0.8691	1.476e-14	1.05	0.1001	0.3527	70.29	91.75	TUT1
A0A0K2E484	Q5QPR4	0.8689	2.135e-17	1.31	0.3305	0.3688	62.03	79.77	CDK11A
A0A850LHY9	Q9NUU7	0.8689	1.998e-13	1.6	0.57	0.275	80.69	77.82	DDX19A
A0A660GDJ5	C9JV02	0.8688	1.273e-9	1.1	0.6113	0.3029	89.0	88.55	SEPTIN8
A0A250IWT1	C9JYB3	0.8687	8.682e-11	1.02	0.8972	0.2139	93.42	53.22	WDHD1
A0A250IWT1	Q9BRP4	0.8686	8.197e-12	1.44	0.7128	0.3792	95.87	53.22	PAAF1
A0A250IWT1	H3BN58	0.8686	6.743e-13	1.53	0.8246	0.2357	91.91	53.22	MLST8
A0A0H1XY30	B3KQG4	0.8686	7.589e-17	1.56	0.3259	0.4033	59.76	89.22	
A0A2K8N535	O95470	0.8686	8.37e-23	3.29	0.5391	0.7838	92.09	95.04	SGPL1
A0A250IWT1	Q13112	0.8686	2.499e-20	1.43	0.4991	0.3719	74.75	53.22	CHAF1B
F2IJV1	Q9UI95	0.8685	1.425e-8	1.47	0.5904	0.7116	90.39	89.68	MAD2L2
A0A0K1P5Q4	Q9NRK6	0.8685	4.877e-12	2.02	0.2672	0.7703	80.69	91.06	ABCB10
A0A250IWT1	Q3KRB0	0.8685	4.52e-23	2.33	0.7552	0.3652	90.67	53.22	WDR67
A0A822VZF9	B7Z7J1	0.8684	4.706e-19	1.96	0.4548	0.3487	72.68	80.58	
D9SDG5	A0A7P0TB70	0.8684	6.283e-12	1.37	0.4086	0.4926	82.0	76.24	
A0A850LHY9	F6QDS0	0.8684	1.998e-13	1.63	0.574	0.277	80.66	77.82	
A0A3L8GBN6	H0YCC9	0.8684	1.111e-13	1.96	0.4783	0.3899	82.24	85.99	EPHA10
A0A250IWT1	O43684	0.8683	7.651e-12	1.65	0.8182	0.3661	95.96	53.22	BUB3
U3A0C6	C9JRT8	0.8682	3.065e-12	1.62	0.2122	0.5307	80.16	93.8	ADCY5
A0A0K1NJR8	K7EN06	0.8682	6.651e-15	2.22	0.7354	0.2073	88.72	78.97	DIRAS1
A0A7U7ICI2	B4DFP8	0.8681	1.063e-9	1.25	0.7409	0.2675	83.2	90.09	
A0A0K1P5Q4	Q8N139	0.8681	1.767e-15	2.31	0.1342	0.8218	77.39	91.06	ABCA6
A0A0K2E484	Q5QPR3	0.868	2.135e-17	1.35	0.3226	0.3746	62.17	79.77	CDK11A
A0A5P2ALZ1	E7EUF1	0.868	3.345e-10	1.25	0.2445	0.6583	89.55	83.66	ENPP2
R9RJ65	B7Z388	0.868	8.318e-32	1.49	0.219	0.3962	60.38	80.14	
A0A517ZL33	A0A286YEY0	0.8679	4.223e-14	1.79	0.6014	0.3628	77.92	74.1	MAPK10
A0A6M8SNR0	Q6UWY2	0.8679	1.149e-8	0.53	0.5361	0.3737	89.17	90.62	PRSS57
A0A517ZL33	Q05DF6	0.8679	2.739e-26	2.06	0.5388	0.4206	65.76	74.1	NEK4
A0A250IWT1	Q9Y3F4	0.8679	9.635e-20	2.26	0.7621	0.368	89.59	53.22	STRAP
A0A0K1NJR8	Q14015	0.8679	6.651e-15	2.37	0.7425	0.2325	93.29	78.97	
L0D6C1	A6PVI0	0.8679	8.935e-10	0.34	0.4458	0.3278	74.05	92.92	RBM12
A0A250IWT1	C9J8B4	0.8678	3.13e-14	1.64	0.7789	0.2299	89.47	53.22	WDR33
A0A4P6F1X8	Q460N5	0.8678	5.145e-19	2.12	0.0984	0.5655	81.68	87.06	PARP14
A0A822VZF9	B1APF7	0.8677	3.512e-10	1.19	0.6929	0.2063	91.08	80.58	PRKACB
A0A0K1NJR8	Q14014	0.8677	6.651e-15	2.37	0.7449	0.2328	92.94	78.97	
A0A1L5JQK1	O43933	0.8677	7.1e-16	1.88	0.1912	0.7084	66.98	84.36	PEX1
A0A7U7ICI2	A8K6P8	0.8677	1.063e-9	1.27	0.7386	0.2672	83.45	90.09	CCRK
A0A6G1ZH45	F8WAT4	0.8676	7.083e-15	2.96	0.6867	0.5208	95.97	93.26	PAPOLG
E3FIT8	F8W872	0.8676	6.14e-14	2.05	0.6717	0.3366	83.17	76.92	CDK10
D9SDG5	B3KWW1	0.8676	6.518e-12	1.44	0.4182	0.4931	82.59	76.24	RIGI
A0A822VZF9	V9GXZ4	0.8676	3.456e-15	1.38	0.2673	0.3745	73.17	80.58	FPGT-TNNI3K
A0A850LHY9	Q53G16	0.8676	1.998e-13	1.66	0.5744	0.277	80.68	77.82	
A0A2I5KM74	Q92918	0.8675	1.828e-19	1.85	0.3455	0.4258	68.2	80.99	MAP4K1
A0A518G7R2	Q5VZ30	0.8675	2.028e-22	3.23	0.5389	0.7692	89.11	93.7	GAD2
A0A518G7R2	Q05329	0.8675	2.028e-22	3.24	0.5394	0.77	89.78	93.7	GAD2
A0A2I5KM74	Q12851	0.8674	1.812e-16	1.81	0.3405	0.4131	74.88	80.99	MAP4K2
A0A2I5KM74	F5H5A3	0.8674	1.828e-19	1.73	0.2907	0.3478	72.35	80.99	MAP4K3
A0A822VZF9	O95819	0.8673	8.318e-32	1.76	0.2372	0.422	65.47	80.58	MAP4K4
A0A127M5U1	K7EPR8	0.8673	2.13e-11	2.36	0.7012	0.4315	91.5	93.92	METTL23
S0F4R3	A4FVC0	0.8673	5.444e-13	2.48	0.4398	0.6921	92.11	85.68	EIF2C2
F3YC87	P19447	0.8672	1.324e-23	2.59	0.3562	0.7194	75.92	82.26	ERCC3
A0A7U7ICI2	I3WA72	0.8672	1.063e-9	1.2	0.683	0.2797	83.63	90.09	EGFR
A0A116MDM6	Q7Z3H5	0.8671	2.849e-11	1.76	0.6414	0.3272	90.79	80.78	DKFZp686O0215
A0A3G6K670	A0A0A0MRH8	0.867	1.23e-14	1.09	0.4204	0.2691	67.14	76.92	CHD1L
A0A6M8SNR0	A0A0A0MR61	0.867	1.149e-8	0.58	0.5382	0.3741	88.73	90.62	PRSS57
A0A0K1P5Q4	P21439	0.867	8.017e-14	2.23	0.156	0.7578	83.23	91.06	ABCB4
A0A2I5KM74	A0A0D9SER5	0.8669	2.135e-17	1.37	0.3214	0.3749	60.14	80.99	CDK11B
A0A517ZL33	A0A286YFA6	0.8669	4.426e-16	1.95	0.5089	0.4112	76.77	74.1	MAPK10
A0A250IWT1	Q15269	0.8669	4.695e-18	1.33	0.3071	0.3703	86.37	53.22	PWP2
A0A822VZF9	A0A494C1I2	0.8669	1.71e-10	1.68	0.7665	0.2964	90.56	80.58	TBK1
B7JW14	A0A0A0N0N3	0.8669	0.0	2.09	0.2731	0.2953	71.98	92.43	TDP43
A0A2I5KM74	Q9NQU5	0.8669	1.152e-15	1.4	0.3499	0.3584	65.99	80.99	PAK6
A0A517ZL33	Q96RU7	0.8669	7.882e-21	2.36	0.6323	0.4024	77.09	74.1	TRIB3
A0A0E3QWB4	Q75LP3	0.8668	2.245e-16	1.64	0.4594	0.319	66.93	80.53	DKFZP566I1024
A0A6M8SNR0	B7ZMF6	0.8668	1.149e-8	0.55	0.5377	0.3742	87.94	90.62	PRSSL1
A0A517ZL33	A0A5K1VW74	0.8668	1.022e-14	1.66	0.5064	0.4001	72.34	74.1	AKT3
A0A250IWT1	A0A0A0MSZ9	0.8667	2.049e-22	2.01	0.632	0.3016	86.89	53.22	CSTF1
A0A822VZF9	A0A0D9SEN2	0.8667	2.135e-17	1.32	0.3131	0.3664	60.01	80.58	CDK11B
A0A822VZF9	Q9P286	0.8667	2.135e-17	1.43	0.3293	0.3552	62.93	80.58	PAK5
A0A517ZL33	A0A286YF62	0.8666	4.426e-16	1.95	0.5093	0.4165	76.05	74.1	MAPK10
G2LKY9	P42696	0.8666	2.422e-11	0.11	0.1577	0.3079	69.43	93.14	RBM34
A0A123SU34	W0S1B5	0.8666	1.098e-14	1.87	0.3699	0.361	85.0	80.85	Pe1Fe6
R9RJ65	Q53TX8	0.8665	8.318e-32	1.48	0.2111	0.3777	59.77	80.14	MAP4K4
G2LKY9	E5RJ83	0.8665	8.935e-10	0.25	0.4433	0.3393	69.85	93.14	RBM12B
A0A517ZL33	Q32ND9	0.8664	1.42e-15	2.19	0.5701	0.4183	83.9	74.1	IKBKB
A0A0K1P5Q4	B4DWY6	0.8664	7.255e-11	2.1	0.3728	0.8064	83.79	91.06	
A0A250IWT1	E9PDG3	0.8664	1.356e-23	1.63	0.498	0.3859	74.33	53.22	WDR81
A0A7U7ICI2	A0A0S2Z552	0.8662	1.063e-9	1.31	0.6691	0.2945	85.46	90.09	CDK20
A0A517ZL33	P78368	0.8662	5.855e-19	2.32	0.5813	0.4235	79.05	74.1	CSNK1G2
A0A1Y0CDD0	Q9NXN4	0.8661	4.029e-17	2.32	0.3131	0.5168	82.06	86.87	GDAP2
A0A0K1P5Q4	A4D1D2	0.8661	8.017e-14	2.28	0.1567	0.757	84.28	91.06	ABCB1
A0A0Z8HCP9	P42681	0.8661	1.209e-16	2.03	0.4389	0.3529	79.54	80.32	TXK
A0A6G7VQR1	Q5BJF5	0.8661	3.245e-16	3.17	0.6417	0.779	86.39	94.67	SHMT2
A0A250IWT1	A0A3B3IT47	0.866	5.559e-19	1.4	0.5113	0.3925	70.26	53.22	WDR37
A0A7I8DCJ7	A0A6Q8PH91	0.866	3.852e-16	2.23	0.3915	0.4265	78.87	89.63	MACROD1
R9RJ65	O96017	0.866	8.31e-12	1.2	0.4512	0.373	76.18	80.14	CHEK2
A0A0H1XY30	Q9BRS0	0.866	9.486e-14	1.86	0.4107	0.3961	75.53	89.22	RPS6KB2
A0A4C9H0B9	G3V3E0	0.8659	7.444e-10	1.99	0.6946	0.5264	94.68	85.1	MLH3
A0A822VZF9	B4E3D9	0.8659	2.135e-17	1.48	0.317	0.3654	63.59	80.58	
A0A7U7ICI2	I3WA73	0.8658	1.063e-9	1.11	0.669	0.2627	81.41	90.09	EGFR
A0A0Z8HCP9	Q9H4D1	0.8658	5.704e-17	1.83	0.3261	0.3805	75.76	80.32	dik
A0A822VZF9	E7ETR1	0.8658	5.65e-18	1.75	0.452	0.3023	66.65	80.58	CAMKV
A0A517ZL33	Q9UBE8	0.8658	1.123e-16	1.96	0.4706	0.4262	75.32	74.1	NLK
Q5HK71	Q9UBS0	0.8658	9.486e-14	1.88	0.4111	0.3959	75.48	89.68	RPS6KB2
A0A1B1YDD2	Q8NEG4	0.8658	3.199e-10	1.47	0.2736	0.8341	66.99	96.05	FAM83F
A0A0Z8M843	B2R6F9	0.8657	5.65e-18	2.3	0.5091	0.3649	81.43	80.86	
A0A0K1P5Q4	Q2M3G0	0.8657	8.017e-14	2.32	0.1587	0.7662	84.95	91.06	ABCB5
A0A517ZL33	A0A1W2PPM8	0.8656	1.069e-12	2.0	0.6803	0.4163	83.63	74.1	STRADA
A0A0H1XY30	A0A7I2PIU1	0.8656	7.589e-17	1.63	0.3139	0.3927	59.6	89.22	CILK1
A0A0K1P5Q4	Q8WWZ7	0.8656	1.767e-15	2.34	0.1307	0.7994	77.13	91.06	ABCA5
R9RJ65	Q8IVH8	0.8653	1.828e-19	1.92	0.3152	0.4136	71.69	80.14	MAP4K3
G2LKY9	E5RJV8	0.8651	8.935e-10	0.28	0.4289	0.3392	69.43	93.14	RBM12B
A0A6G7VQR1	B4DP88	0.865	3.245e-16	3.01	0.5758	0.6392	88.32	94.67	
A0A517ZL33	P45984	0.865	4.426e-16	2.2	0.5608	0.4148	81.45	74.1	MAPK9
A0A250IWT1	A0A7P0T8R7	0.865	1.926e-18	1.85	0.6197	0.3564	80.82	53.22	WDR62
G2LKY9	Q59FM6	0.865	1.264e-12	0.4	0.221	0.3137	55.96	93.14	
A0A3M8ANJ8	Q9NUV7	0.8649	2.721e-13	2.84	0.5304	0.7561	87.09	94.99	SPTLC3
A0A3G6K670	Q6I7N8	0.8649	5.69e-16	1.63	0.5147	0.3589	62.75	76.92	HELLS
B7KMS1	O43719	0.8649	1.57e-13	0.78	0.1324	0.3899	59.11	92.0	HTATSF1
A0A2U2XIN6	Q8IYB8	0.8649	3.76e-17	1.97	0.3931	0.3094	83.03	77.18	SUPV3L1
A0A5Z9UYT5	Q00534	0.8649	8.661e-14	2.46	0.6897	0.3578	85.4	88.55	CDK6
A0A822VZF9	A0A0D9SEI3	0.8649	2.135e-17	1.39	0.317	0.3653	59.54	80.58	CDK11B
A0A0K1P5Q4	A1L471	0.8649	8.017e-14	2.31	0.1567	0.7568	84.14	91.06	ABCB1
D5ECJ4	P31483	0.8648	1.676e-17	1.7	0.1798	0.3037	73.68	89.6	TIA1
A0A0Z8M843	J3QLU9	0.8648	1.036e-14	1.55	0.2336	0.3643	79.73	80.86	ERBB2
M9YT10	W0S0D3	0.8647	3.666e-10	1.79	0.7014	0.4037	93.9	79.81	Pe1Fe13
A0A0Z8M843	B4DIG8	0.8647	5.65e-18	1.82	0.4671	0.3122	65.88	80.86	
A0A0M4MTC3	P36639	0.8647	1.819e-10	1.18	0.3398	0.1671	97.17	92.6	NUDT1
A0A250IWT1	Q96FK6	0.8646	1.524e-20	2.24	0.6934	0.3688	87.68	53.22	WDR89
A0A250IWT1	P57081	0.8645	4.604e-22	2.09	0.6084	0.3429	86.53	53.22	WDR4
A0A3G6K670	A0A2R8YCY3	0.8644	1.491e-12	1.72	0.7213	0.2556	77.29	76.92	SMARCA4
A0A517ZL33	A0A0C4DG77	0.8644	1.771e-13	1.6	0.4599	0.4542	73.45	74.1	ULK4
A0A250IWT1	Q86TI4	0.8644	1.074e-12	1.59	0.6945	0.3584	90.35	53.22	WDR86
A0A250IWT1	Q9UMS4	0.8644	7.854e-14	1.53	0.5546	0.3736	88.83	53.22	PRPF19
A0A0K1P5Q4	H0YFV4	0.8644	8.017e-14	2.31	0.1689	0.7598	82.47	91.06	ABCC9
A0A3G6K670	B4DLS6	0.8644	1.665e-14	1.13	0.3985	0.2383	68.85	76.92	
A0A0Z8HCP9	Q96T11	0.8643	5.704e-17	1.91	0.3314	0.3864	76.14	80.32	
A0A3G9JPH8	A8KA56	0.8643	1.91e-35	2.74	0.413	0.6288	74.84	87.29	
A0A0K1P5Q4	O15438	0.8642	8.017e-14	2.25	0.1299	0.7604	81.94	91.06	ABCC3
A0A3L8GBN6	Q59HG2	0.8642	1.147e-14	1.79	0.1948	0.4345	80.42	85.99	
A0A822VZF9	A8JZZ5	0.8642	8.31e-12	1.2	0.4477	0.3698	73.82	80.58	
R9RJ65	Q1HBJ4	0.8642	2.849e-11	1.87	0.6391	0.3613	89.72	80.14	MAPK1
A0A250IWT1	K7EKG3	0.8642	4.871e-16	1.81	0.7086	0.2304	87.49	53.22	EML2
A0A0K2E484	B4DHN0	0.8641	2.849e-11	1.94	0.6573	0.3605	91.53	79.77	
A0A3G9IYS2	A0A384MDW9	0.8641	1.149e-15	1.67	0.3557	0.3579	72.8	79.01	HTRA2
A0A0Z8HCP9	P57078	0.864	5.704e-17	1.81	0.3003	0.3707	74.9	80.32	RIPK4
A0A822VZF9	B0AZM9	0.864	2.135e-17	1.45	0.3276	0.3534	60.21	80.58	
A0A250IWT1	B4DY59	0.864	7.09e-22	2.28	0.6893	0.3051	91.78	53.22	
A0A517ZL33	Q96RR4	0.8639	1.089e-14	1.49	0.4229	0.4229	66.82	74.1	CAMKK2
A0A518RH41	Q14153	0.8639	2.019e-24	0.74	0.1533	0.1364	52.39	86.09	FAM53B
A0A0K1P5Q4	Q99758	0.8637	1.767e-15	2.48	0.1268	0.8156	80.82	91.06	ABCA3
A0A822VZF9	P27361	0.8637	2.849e-11	1.79	0.6052	0.3584	87.98	80.58	MAPK3
A0A0J8FE08	A0A140VK11	0.8637	1.696e-22	2.37	0.4758	0.412	71.62	83.91	CLPB
A0A116MDM6	P28482	0.8637	2.849e-11	1.91	0.6349	0.3598	90.37	80.78	MAPK1
A0A6I6AHP7	B4DQX0	0.8636	4.528e-15	1.17	0.1237	0.2981	70.15	87.24	
A0A822VZF9	L7RXH5	0.8635	2.849e-11	1.78	0.6122	0.3628	86.51	80.58	MAPK3
A0A411PGA5	A8K979	0.8635	4.652e-10	0.87	0.2473	0.8066	58.9	90.32	ERI2
A0A009Q851	Q8IXQ6	0.8635	2.133e-11	1.25	0.204	0.4386	78.74	91.81	PARP9
Q6KHD8	B4DXZ7	0.8634	3.545e-18	2.51	0.5287	0.3707	81.21	86.31	
A0A116MDM6	Q8N2N5	0.8634	3.325e-13	1.1	0.4194	0.2784	66.52	80.78	
A0A822VZF9	B7Z6W7	0.8634	1.209e-16	2.02	0.4983	0.3547	71.2	80.58	
A0A822VZF9	Q5TBG1	0.8634	5.408e-10	0.88	0.7061	0.2315	77.31	80.58	NEK6
A0A7U4P2V9	A0A2R8Y6W8	0.8633	1e-16	2.07	0.4477	0.3941	72.53	81.73	ERCC3
A0A3G9JPQ6	B4DFR8	0.8633	3.331e-15	2.49	0.3498	0.5288	84.72	92.49	
A0A250IWT1	Q9UKT8	0.8632	9.606e-18	2.09	0.6081	0.3802	89.12	53.22	FBXW2
A0A3T2EUF3	B4DRY2	0.8632	4.942e-10	1.66	0.5108	0.4663	89.06	88.15	DIMT1
A0A0Z8M843	B4DZS7	0.8631	1.209e-16	1.91	0.4128	0.3374	72.85	80.86	
A0A0K2E484	E9PBK7	0.8631	2.849e-11	1.73	0.6413	0.316	86.15	79.77	MAPK3
A0A3W0MQC4	A0A8A5YP40	0.863	2.766e-14	1.13	0.2719	0.2868	61.92	88.42	UPF1
A0A517ZL33	H0YD75	0.863	1.123e-16	2.17	0.5067	0.4167	78.86	74.1	NLK
A0A250IWT1	B3KQ29	0.8629	4.268e-13	1.62	0.7025	0.3916	83.65	53.22	
A0A250IWT1	Q53F40	0.8629	1.486e-16	1.49	0.4627	0.3882	78.58	53.22	
A0A517ZL33	Q6ZNI2	0.8629	5.493e-16	1.73	0.3816	0.4524	69.03	74.1	
A0A250IWT1	A0A2R8YD43	0.8629	1.926e-18	1.96	0.636	0.3567	81.37	53.22	WDR62
A0A250IWT1	Q9Y6I7	0.8629	2.517e-11	1.05	0.6697	0.3805	84.56	53.22	WSB1
A0A1B2I3Q4	Q58FF8	0.8628	8.646e-28	2.04	0.3352	0.2149	78.75	80.4	HSP90AB2P
E3FIT8	Q53EZ1	0.8628	1.492e-15	2.1	0.5356	0.3503	79.12	76.92	
A0A169T0H3	B3KQM3	0.8628	3.902e-16	2.17	0.3837	0.4095	73.95	89.22	
A0A250IWT1	Q9NYS7	0.8627	2.517e-11	1.13	0.6955	0.3781	84.9	53.22	WSB2
G2LKY9	A0A494C015	0.8627	1.672e-14	1.6	0.2249	0.3563	68.47	93.14	ELAVL4
A0A3G9JPH8	B4DIJ6	0.8626	1.645e-10	0.78	0.6076	0.2978	62.6	87.29	
A0A250IWT1	Q59ET6	0.8626	1.486e-16	1.49	0.4621	0.3854	78.47	53.22	
A0A0K1NJR8	P62745	0.8626	1.421e-12	2.18	0.6887	0.2771	92.23	78.97	RHOB
A0A822VZF9	A0A1C7CYZ1	0.8625	2.016e-10	1.55	0.7189	0.3175	82.78	80.58	MAPK15
B0SQF3	Q6ZV29	0.8625	6.837e-18	2.34	0.1856	0.7448	71.21	85.15	PNPLA7
A0A3G6K670	B4DLE1	0.8625	5.281e-15	0.93	0.3252	0.1828	67.39	76.92	
A0A0K1P5Q4	B7Z464	0.8624	7.255e-11	2.1	0.3213	0.8111	81.56	91.06	
E4S5T3	Q32NB8	0.8624	9.379e-9	1.35	0.2401	0.8246	85.15	95.45	PGS1
A0A250IWT1	H0YMF9	0.8624	8.682e-11	1.32	0.8726	0.2317	93.76	53.22	SKIC8
A0A822VZF9	Q2TB16	0.8624	5.704e-17	1.96	0.3244	0.3785	76.34	80.58	RIPK4
A0A0H3ALS5	P46100	0.8624	1.145e-22	1.38	0.2229	0.4648	51.81	76.01	ATRX
A0A553IIE0	O60503	0.8624	3.038e-11	1.53	0.1411	0.7491	70.22	92.52	ADCY9
A0A1M6P5F7	B1AK44	0.8623	1.425e-8	1.5	0.5594	0.712	84.83	89.87	MAD2L2
A0A126PXN6	A0A2R8Y729	0.8623	2.244e-21	1.86	0.2778	0.4205	61.13	83.75	SPG7
A0A0K2E484	Q9NSY1	0.8622	6.72e-18	1.38	0.2578	0.4254	55.02	79.77	BMP2K
Q6AKU3	B3KSU9	0.8622	3.928e-14	2.31	0.3376	0.5287	87.78	85.14	
D5ECJ4	B4DSC7	0.8621	1.041e-10	1.6	0.441	0.3147	90.15	89.6	
M9YT10	P31749	0.862	8.072e-12	1.66	0.4645	0.3984	83.05	79.81	AKT1
A0A0Z8M843	Q504U8	0.8619	1.036e-14	1.57	0.237	0.3799	75.2	80.86	EGFR
A0A250IWT1	H0YL19	0.8619	2.086e-9	0.96	0.9394	0.2714	95.17	53.22	SKIC8
A0A517ZL33	J3KR25	0.8619	7.882e-21	2.4	0.6098	0.4147	72.98	74.1	TRIB3
A0A127M5U3	Q96GW1	0.8619	1.536e-9	0.68	0.5561	0.284	76.25	88.36	HSP90B1
D5ECJ4	A0A7I2V4S4	0.8618	1.284e-15	1.95	0.2785	0.3281	77.21	89.6	HNRNPA2B1
A0A4U8Z5F9	A0A2R8Y7F3	0.8618	5.114e-16	2.09	0.3774	0.5847	68.16	79.27	SMARCA4
A0A250IWT1	A0A7P0T972	0.8616	1.926e-18	1.97	0.6264	0.3563	80.74	53.22	WDR62
A0A517ZL33	Q86VY5	0.8615	2.372e-9	1.16	0.7792	0.3429	85.67	74.1	MYO3A
A0A250IWT1	Q9BV38	0.8615	4.783e-17	1.93	0.5908	0.3449	85.48	53.22	WDR18
Q83ZD6	Q86YV6	0.8614	8.535e-14	2.27	0.5104	0.3998	79.96	89.01	MYLK4
A0A0H3JWT2	Q9Y572	0.8614	9.284e-15	1.98	0.4066	0.4187	67.11	89.51	RIPK3
D5ECJ4	A0A7I2V2L6	0.8613	2.927e-14	1.91	0.3034	0.3351	79.11	89.6	HNRNPA1
A0A250IWT1	Q6Q0C0	0.8613	1.482e-22	1.77	0.4183	0.3711	79.66	53.22	TRAF7
A0A6G7VQR1	B4DWA7	0.8612	3.245e-16	3.18	0.604	0.7791	83.03	94.67	
Q82S43	B1AHL9	0.8612	2.695e-13	1.96	0.5086	0.4437	63.21	92.3	PNPLA5
B1WUU2	A0A1C7CYY8	0.8612	2.927e-14	0.26	0.1324	0.1515	54.45	93.27	PABPN1L
C1DRC1	Q56A86	0.8612	8.072e-12	1.66	0.4808	0.4012	79.97	80.52	AKT3
G2LKY9	A0A384NL74	0.8612	2.422e-11	0.17	0.1564	0.3053	63.42	93.14	
A0A4P7PX36	B4E2J1	0.8612	5.697e-23	2.6	0.4645	0.4355	73.48	89.35	
Q5HK71	B0LPE5	0.8611	9.486e-14	2.13	0.4099	0.3932	80.02	89.68	AKT1
A0A250IWT1	A0A0A0MR05	0.861	2.019e-14	1.86	0.7614	0.3434	81.13	53.22	MLST8
E6W311	F6UGJ8	0.861	9.981e-11	1.2	0.3424	0.4912	64.2	96.22	ERI3
A0A0B5ICT0	O14638	0.8608	1.847e-9	1.54	0.249	0.6738	95.33	86.59	ENPP3
E3D9K1	Q9H078	0.8608	1.696e-22	2.5	0.4943	0.4284	71.76	84.02	CLPB
U2XWV3	D6CHF9	0.8608	6.058e-20	3.05	0.4841	0.7272	84.74	86.65	NOD2/CARD15
A0A250IWT1	F5H280	0.8608	2.517e-11	1.15	0.6927	0.3787	83.0	53.22	WSB2
A0A0K1NJR8	E9PQH6	0.8608	1.421e-12	2.23	0.6811	0.2392	95.08	78.97	RHOC
B7KMS1	E1CJT3	0.8607	5.796e-13	1.98	0.3203	0.3374	85.57	92.0	CPEB 4 variant
G2LKY9	O95319	0.8607	6.552e-11	0.17	0.1603	0.3461	64.57	93.14	CELF2
Q5HK71	B3KVH4	0.8607	9.486e-14	2.14	0.4098	0.3931	79.96	89.68	
A0A5J6WIH1	E9PI75	0.8606	2.046e-11	2.34	0.6558	0.452	89.53	87.46	INTS11
A0A0K1P5Q4	B7Z7P4	0.8606	2.445e-13	2.7	0.3535	0.7777	87.21	91.06	
G2LKY9	A0A590UJK4	0.8606	1.873e-13	1.46	0.2786	0.3085	66.76	93.14	SRSF6
A0A0K1P5Q4	P78363	0.8606	9.961e-17	2.5	0.0955	0.8099	75.67	91.06	ABCA4
A0A0Z8M843	Q5JXL9	0.8606	2.398e-8	1.04	0.9056	0.2056	93.4	80.86	DKFZp564L2416
A0A7U7ICI2	I3WA68	0.8604	1.063e-9	1.33	0.6729	0.2753	79.38	90.09	EGFR
A0A5B8T3W3	Q15477	0.8604	1.162e-13	2.42	0.3825	0.6371	80.69	87.84	SKIC2
A0A7U7ICI2	B4DLF5	0.8604	1.054e-13	1.76	0.2268	0.412	74.77	90.09	
A0A517ZL33	B4DT73	0.8603	7.485e-22	1.65	0.3587	0.3068	61.97	74.1	
E3FIT8	P49674	0.8603	1.492e-15	2.17	0.5332	0.3489	79.2	76.92	CSNK1E
A0A123SU34	A8K9L2	0.8602	1.318e-13	2.27	0.5937	0.3716	84.11	80.85	
G2LKY9	A2A2V2	0.8602	2.422e-11	0.16	0.1678	0.312	60.83	93.14	RBM34
A0A3G8YW22	B2RE94	0.8601	5.693e-8	0.39	0.5947	0.4227	85.9	87.63	EEF1AKMT1
A0A517ZL33	Q9H3Y6	0.86	7.696e-16	2.23	0.4783	0.4018	83.29	74.1	SRMS
A0A4Q1TS01	I3L2G1	0.86	2.527e-11	2.29	0.7161	0.3189	92.7	86.9	NSF
R9RJ65	P00533	0.86	1.036e-14	1.64	0.2235	0.3927	75.95	80.14	EGFR
A0A0B5ICT0	A8KA38	0.86	1.847e-9	1.56	0.249	0.6736	94.95	86.59	
A0A517ZL33	A0A286YEV3	0.8599	4.223e-14	2.22	0.6386	0.3918	80.79	74.1	MAPK10
A0A822VZF9	U3KQA5	0.8599	7.052e-19	2.49	0.5656	0.3739	77.15	80.58	CSNK1G1
A0A0Z8M843	Q5TBG7	0.8599	5.408e-10	1.16	0.7384	0.255	75.8	80.86	NEK6
A0A0K1P5Q4	Q9NP58	0.8599	9.43e-13	2.39	0.2333	0.7625	83.08	91.06	ABCB6
A0A250IWT1	Q8TED0	0.8598	6.643e-13	1.41	0.5712	0.396	82.4	53.22	UTP15
A0A250IWT1	Q4G0D9	0.8598	3.445e-18	2.06	0.5023	0.3821	89.24	53.22	BOP1
E3FIT8	Q5U045	0.8598	1.492e-15	2.18	0.5344	0.3494	78.89	76.92	CSNK1E
A0A6G7J0Z6	E5RHF2	0.8598	1.399e-10	1.65	0.6648	0.1597	86.6	88.82	COPS5
Q5LLA2	A0A2K4Z9R8	0.8598	7.463e-16	1.06	0.3256	0.1682	73.77	67.67	PIGA
G2LKY9	G3XAP0	0.8598	3.233e-10	0.27	0.2558	0.3269	68.45	93.14	RBM23
A0A2C9CA92	O00372	0.8598	3.295e-11	2.13	0.2111	0.7977	83.15	91.75	
A0A0K2GAP6	A0A494C173	0.8597	5.781e-10	1.15	0.3911	0.3339	79.72	94.74	ELAVL4
D5ECJ4	A0A0C4DGR1	0.8596	2.927e-14	1.59	0.2496	0.3204	69.51	89.6	CELF4
A0A3P1H1Q9	A0A7I2V5G8	0.8595	1.992e-13	1.95	0.3739	0.3801	84.13	81.04	VCP
A5EWK1	B4E0N1	0.8595	2.318e-18	2.49	0.4163	0.3903	82.22	84.88	
G2LKY9	Q9BTF3	0.8595	6.973e-11	0.42	0.2455	0.3325	62.78	93.14	TNRC4
A0A517ZL33	B4DMM9	0.8594	7.882e-21	2.39	0.5795	0.392	72.8	74.1	
R9RJ65	O60674	0.8594	2.613e-14	1.93	0.2405	0.393	86.88	80.14	JAK2
D5ECJ4	B1ANR1	0.8594	1.041e-10	1.82	0.4759	0.3119	92.34	89.6	PABPC4
A0A250IWT1	Q5J8M4	0.8594	7.651e-12	1.85	0.7542	0.3633	95.96	53.22	
A0A0K1P5Q4	O95342	0.8594	8.017e-14	2.44	0.1515	0.7632	83.1	91.06	ABCB11
A0A518G7R2	A0A7L4XSC9	0.8594	2.028e-22	3.47	0.6014	0.7713	90.88	93.7	DDC
A0A2C6WNY1	Q9UPZ9	0.8593	7.589e-17	1.86	0.3179	0.3914	60.77	87.96	CILK1
A0A6I6AHP7	A0A7I2YQE4	0.8593	1.385e-12	0.88	0.1342	0.3032	71.09	87.24	PABPC1
A0A250IWT1	A0A7I2V607	0.8593	3.854e-17	2.09	0.7255	0.3547	79.42	53.22	EIF3I
A0A822VZF9	Q5TBH2	0.8593	5.408e-10	1.08	0.7148	0.2516	74.98	80.58	NEK6
A0A7I7SNA8	Q3BDU3	0.8593	3.477e-21	1.88	0.2518	0.3219	63.63	86.49	PMS1
A0A4P6F1X8	B4DJC3	0.8592	1.017e-10	1.82	0.6404	0.4814	72.24	87.06	MACROH2A1
A0A250IWT1	Q86Y33	0.8592	5.559e-19	1.7	0.5471	0.3805	69.75	53.22	CDC20B
A0A7Z2ZN36	F5H699	0.8592	4.536e-9	1.45	0.3698	0.627	83.48	94.92	ADCY7
A0A517ZL33	E7EPP6	0.8592	7.485e-22	1.7	0.3635	0.3112	61.78	74.1	CHEK1
A0A250IWT1	B3KQY7	0.8591	1.482e-22	1.8	0.4285	0.3805	76.61	53.22	
A0A0K1P5Q4	B4E2I2	0.8591	1.577e-11	2.07	0.1895	0.8087	77.69	91.06	
A0A0K1P5Q4	B3KUJ3	0.8591	3.383e-11	2.3	0.3615	0.7955	80.98	91.06	
A0A250IWT1	E5RFG6	0.8591	2.641e-17	2.26	0.8028	0.2855	85.85	53.22	TBC1D31
A0A250IWT1	B4E2W3	0.859	4.268e-13	1.62	0.6659	0.3881	81.06	53.22	
A0A822VZF9	F8WBF5	0.859	1.318e-13	1.51	0.4478	0.2488	70.44	80.58	CLK1
A0A250IWT1	H0YI78	0.859	1.949e-18	1.6	0.4299	0.3731	75.36	53.22	KIF21A
E3FIT8	B4DJP1	0.859	6.709e-11	1.33	0.7087	0.261	73.59	76.92	
A0A0K1P5Q4	Q96HC2	0.8589	7.255e-11	2.0	0.241	0.8186	77.45	91.06	ABCA2
A0A5Z5DW76	Q7Z333	0.8589	4.982e-22	2.17	0.1983	0.6807	52.27	88.41	SETX
A0A0U3GZX2	B4DSW9	0.8589	4.953e-11	0.79	0.0738	0.3173	84.46	88.82	
A0A822VZF9	Q9HCP0	0.8588	7.052e-19	2.58	0.5827	0.386	78.48	80.58	CSNK1G1
A0A1W6V6P6	Q9NRR2	0.8588	1.149e-8	0.87	0.5307	0.4067	82.39	90.65	TPSG1
A0A0K2E484	B4DYV1	0.8588	2.613e-14	1.89	0.2515	0.3653	86.0	79.77	
A0A123SU34	Q8IVT5	0.8588	2.769e-14	1.25	0.2785	0.3815	60.45	80.85	KSR1
A0A0H2YG60	P40692	0.8587	3.33e-14	2.05	0.2789	0.5254	77.31	83.0	MLH1
A0A250IWT1	Q8NC76	0.8587	2.517e-11	1.13	0.6718	0.3815	80.92	53.22	
A0A7Z2ZN36	Q86YI0	0.8587	4.536e-9	1.47	0.3697	0.6268	83.39	94.92	
A0A0Z8M843	F8VSH4	0.8587	1.22e-8	1.02	0.8212	0.205	90.3	80.86	NUAK1
A0A250IWT1	Q68D13	0.8586	1.949e-18	1.59	0.4298	0.3718	74.52	53.22	DKFZp779C159
A0A4P2R5N6	Q59FA2	0.8586	6.913e-13	1.22	0.2898	0.3182	61.21	91.21	
G2LKY9	G5EA30	0.8585	6.552e-11	0.21	0.1591	0.3516	61.94	93.14	CELF1
R9RJ65	X5D991	0.8585	1.209e-16	2.11	0.3947	0.3635	75.28	80.14	NTRK1
A0A2I5KM74	Q5TBH1	0.8584	5.408e-10	1.17	0.7157	0.254	75.5	80.99	NEK6
A0A169T0H3	A0A2R8Y4U5	0.8584	8.535e-14	2.35	0.5219	0.4036	78.67	89.22	MYLK4
A0A517ZL33	Q6N076	0.8584	4.426e-16	2.4	0.6226	0.3558	81.92	74.1	DKFZp686M02159
B7KMS1	B4DRS4	0.8583	1.57e-13	0.73	0.1208	0.3385	53.41	92.0	
A0A3G6K670	B4DLC6	0.8583	8.046e-17	0.83	0.2135	0.1837	59.99	76.92	
A0A2Z5TNJ9	E7BSV0	0.8582	1.036e-14	1.7	0.2285	0.3781	76.29	80.1	EGFR
C1F1P8	Q6SZW1	0.8582	1.563e-11	1.09	0.1677	0.2554	85.69	86.6	SARM1
A0A822VZF9	P04626	0.8582	1.036e-14	1.62	0.2099	0.3825	73.98	80.58	ERBB2
A0A127M5U3	A0A7P0T885	0.8582	1.536e-9	0.61	0.5422	0.2451	73.35	88.36	HSP90B1
R9RJ65	C9J8E1	0.8582	6.78e-11	1.68	0.6305	0.3282	81.55	80.14	MAPKAPK3
A0A5K7X3J4	C9JLB1	0.8581	3.998e-15	1.15	0.1193	0.3155	56.7	91.75	NCL
G2LKY9	B4DS31	0.8581	6.552e-11	0.19	0.1642	0.3484	61.01	93.14	
A0A1L6ZIH7	Q9BXR0	0.858	0.0	3.56	0.6206	0.7557	93.66	91.78	QTRT1
A0A7T4IRB5	Q6P3R8	0.858	4.026e-17	1.92	0.2971	0.4092	59.24	89.53	NEK5
A0A2I5KM74	Q8N433	0.8579	1.281e-10	1.47	0.4464	0.2686	92.6	80.99	
R9RJ65	A2VCQ3	0.8579	3.627e-16	1.67	0.2737	0.3789	65.71	80.14	ROR1
B7KMS1	B3KWQ8	0.8578	4.814e-14	1.29	0.2127	0.3002	60.32	92.0	
S7TRZ0	Q15287	0.8578	1.676e-17	1.9	0.2335	0.3347	61.94	93.9	RNPS1
U2XWV3	A0A2R8YEG7	0.8577	3.001e-35	2.93	0.4123	0.6754	74.86	86.65	NLRP3
A0A517ZL33	B4DVT5	0.8576	1.106e-12	1.94	0.5712	0.3249	83.88	74.1	
A0A822VZF9	Q01973	0.8576	3.627e-16	1.78	0.2775	0.3836	68.21	80.58	ROR1
A0A0K1P5Q4	O94911	0.8576	1.767e-15	2.59	0.1315	0.8093	78.61	91.06	ABCA8
U5W4X0	P51530	0.8576	7.613e-19	2.42	0.4556	0.3839	87.8	70.03	DNA2
Q6KHD8	A0A494C168	0.8576	4.026e-17	1.85	0.3161	0.4037	58.22	86.31	NEK5
A0A5K7X3J4	A0A7I2V3F3	0.8575	3.998e-15	1.15	0.1212	0.3205	55.49	91.75	NCL
A0A517ZL33	Q9NRP7	0.8575	1.689e-14	1.7	0.2012	0.4289	80.87	74.1	STK36
A0A0K1P5Q4	H0Y8C9	0.8574	6.06e-15	2.53	0.2049	0.8346	70.87	91.06	ABCA2
A0A1L5JQ20	Q14527	0.8574	1.995e-15	2.09	0.4283	0.4678	68.28	80.05	HLTF
A0A0K1NJR8	Q9NP72	0.8573	9.839e-14	2.29	0.647	0.2684	85.56	78.97	RAB18
A0A2D1TV21	G3V0G3	0.8572	1.277e-14	2.59	0.7107	0.3545	81.95	82.75	DDX56
D5ECJ4	E5RJB9	0.8571	1.041e-10	1.83	0.4747	0.3106	89.89	89.6	PABPC1
A0A250IWT1	A0A7I2V2M3	0.8571	3.854e-17	2.15	0.7415	0.3535	78.06	53.22	EIF3I
A0A1P9WYC0	A0A1R3UCE8	0.8571	5.157e-8	0.57	0.64	0.2788	90.04	88.58	KLNI
A0A250IWT1	Q53HK4	0.8571	2.517e-11	1.16	0.6744	0.3831	79.3	53.22	
Q6AKU3	B4E365	0.857	3.928e-14	2.32	0.3191	0.5297	82.51	85.14	
A0A517ZL33	P53779	0.8569	4.426e-16	2.31	0.5106	0.4109	79.32	74.1	MAPK10
A0A0K2E484	Q8IXP2	0.8569	2.613e-14	1.88	0.2206	0.366	85.1	79.77	JAK2
A0A1B1YDD2	Q5T0W9	0.8569	2.34e-10	1.1	0.1384	0.8385	51.22	96.05	FAM83B
A0A517ZL33	A0A1W2PQF1	0.8568	1.069e-12	2.0	0.5957	0.4193	77.26	74.1	STRADA
A0A0A0GV06	P54278	0.8568	5.512e-13	1.7	0.3391	0.4325	70.97	82.93	PMS2
A0A1Q2CWK5	Q86TM3	0.8567	9.209e-18	3.05	0.4284	0.8042	79.34	89.43	DDX53
A0A0Z8HCP9	A9CB80	0.8566	1.036e-14	1.7	0.2193	0.3868	74.04	80.32	
A0A123SU34	A0A2R8Y4X0	0.8566	2.769e-14	1.25	0.3048	0.3768	56.08	80.85	KSR1
A0A822VZF9	B4DSE5	0.8566	9.875e-14	1.22	0.2859	0.3741	60.05	80.58	
A0A7D6VA10	B2R665	0.8566	1.715e-16	2.79	0.3527	0.7548	71.17	93.47	
A0A0K1P5Q4	Q8IUA7	0.8565	1.767e-15	2.58	0.1332	0.7988	77.21	91.06	ABCA9
A0A7U7ICI2	O00444	0.8565	3.062e-15	1.86	0.2238	0.4129	65.62	90.09	PLK4
A0A250IWT1	Q6DKJ9	0.8565	3.445e-18	2.07	0.4705	0.3322	90.67	53.22	BOP1
A0A123SU34	A0A2R8Y5H9	0.8564	2.769e-14	1.27	0.2742	0.378	58.32	80.85	KSR1
A0A822VZF9	J3QR41	0.8564	1.026e-9	1.38	0.7352	0.2045	85.37	80.58	AURKB
A0A250IWT1	O14727	0.8564	1.087e-16	1.52	0.2436	0.3842	85.38	53.22	APAF1
A0A0Z8M843	Q59GQ4	0.8564	2.283e-10	1.04	0.5132	0.2233	80.06	80.86	
A0A6G7VQR1	A0A1J0GNC2	0.8563	1.231e-10	2.63	0.3582	0.7931	97.27	94.67	
A0A250IWT1	A0A7I2YQF8	0.8563	3.854e-17	2.0	0.639	0.3154	79.98	53.22	EIF3I
A0A250IWT1	B2R7X3	0.8563	2.499e-20	1.83	0.4996	0.3721	72.29	53.22	
A0A0Z8M843	A8K2T7	0.8563	1.036e-14	1.69	0.2142	0.3778	73.63	80.86	
A0A250IWT1	A0A7P0T8U8	0.8562	1.926e-18	2.0	0.52	0.359	81.61	53.22	WDR62
A0A0K1P5Q4	P08183	0.8562	8.017e-14	2.55	0.1567	0.757	84.59	91.06	ABCB1
A0A250IWT1	O75529	0.8561	2.331e-17	1.79	0.4893	0.3843	76.16	53.22	TAF5L
A0A0Z8M843	E7ESI2	0.8561	2.836e-16	2.37	0.5825	0.2269	81.19	80.86	CDK2
A0A1B1YDD2	Q6ZRV2	0.856	2.34e-10	1.06	0.1192	0.8464	49.69	96.05	FAM83H
A0A517ZL33	B0QYQ2	0.856	3.715e-18	2.45	0.6311	0.3135	77.5	74.1	TRIB3
A0A5Z1RV82	O95255	0.8559	7.674e-15	2.11	0.1224	0.5758	80.94	81.97	ABCC6
A0A0K2E484	Q506Q0	0.8559	2.613e-14	1.91	0.2198	0.3655	84.98	79.77	JAK2
A0A0K2E484	A8K910	0.8559	2.613e-14	1.9	0.2198	0.3656	84.57	79.77	
A0A0K1NJR8	A8MTC6	0.8558	5.202e-13	2.15	0.6575	0.2532	82.22	78.97	RAB37
U2XWV3	P59046	0.8558	2.012e-31	2.79	0.2364	0.6011	80.92	86.65	NLRP12
A0A2I5KM74	X5DNK3	0.8558	1.036e-14	1.71	0.217	0.3956	72.15	80.99	ERBB2
Q5HK71	A0A804HJM6	0.8558	9.486e-14	2.14	0.393	0.3952	74.3	89.68	AKT1
A0A250IWT1	Q05DR3	0.8557	1.285e-18	1.94	0.4554	0.3725	81.61	53.22	WDHD1
A0A822VZF9	H7BXX9	0.8556	2.906e-15	1.5	0.3035	0.4072	56.03	80.58	HIPK2
A0A250IWT1	P78406	0.8555	7.651e-12	1.85	0.7241	0.3635	92.85	53.22	RAE1
A0A0K2GAP6	H3BMM9	0.8555	1.676e-17	1.94	0.248	0.3346	58.74	94.74	RNPS1
A0A0K1P5Q4	K7EJW6	0.8555	7.255e-11	2.29	0.342	0.7762	81.98	91.06	ABCA5
A0A250IWT1	A0A7I2V3N2	0.8555	3.854e-17	2.13	0.7115	0.347	77.59	53.22	EIF3I
E3FIT8	B3KRV2	0.8555	1.492e-15	2.3	0.5328	0.349	78.83	76.92	
F4HB07	Q53GX1	0.8554	7.487e-12	1.53	0.3623	0.4084	73.41	82.06	
A0A6C0NEW4	Q2TB79	0.8554	5.646e-19	3.29	0.6552	0.7083	84.36	87.22	ERCC2
A0A250IWT1	Q9Y263	0.8554	1.126e-13	1.29	0.3534	0.3695	83.99	53.22	PLAA
A0A518C748	Q16651	0.8553	2.818e-8	0.74	0.5249	0.4725	83.74	85.34	PRSS8
A0A6M8BAQ4	B3KSH0	0.8553	2.16e-9	0.88	0.3826	0.5612	76.77	78.88	
F4HB07	B2R6K0	0.8551	7.487e-12	1.55	0.3645	0.4102	73.35	82.06	
A0A116MDM6	B4DDL9	0.8551	2.836e-16	2.43	0.591	0.2329	81.94	80.78	
E3FIT8	B4DJG4	0.8551	6.709e-11	1.03	0.6382	0.26	64.76	76.92	
G2LKY9	G3V546	0.8551	1.375e-8	0.27	0.4503	0.2928	77.47	93.14	RBM23
A0A0H2YG60	Q5GJ64	0.855	3.33e-14	2.11	0.2848	0.5265	74.44	83.0	
D5ECJ4	Q5SZQ8	0.855	6.576e-15	1.72	0.1672	0.3229	70.12	89.6	CELF3
R9RJ65	Q05D26	0.855	1.209e-16	2.16	0.4078	0.3705	71.39	80.14	BLK
A0A1Y2NZ71	B2RBY8	0.8549	1.847e-9	1.59	0.247	0.6787	93.46	82.18	
A0A0Z8M843	F2YGG7	0.8548	1.036e-14	1.72	0.2211	0.3781	72.2	80.86	
A0A250IWT1	Q53H17	0.8548	1.285e-18	2.3	0.4608	0.3724	95.93	53.22	
A0A517ZL33	Q86UE8	0.8547	2.752e-13	1.65	0.3462	0.4464	71.62	74.1	TLK2
A0A6I6UTH8	J3QKW5	0.8547	1.108e-10	0.66	0.2077	0.1771	83.13	86.26	CDH8
A0A330LKB8	C9J674	0.8547	7.465e-8	1.47	0.7965	0.6129	82.32	86.94	RSAD2
K8Y0Q4	H7BY16	0.8546	3.998e-15	1.4	0.1183	0.3623	55.87	92.11	NCL
A0A2Z4FQE1	U3KQN2	0.8546	1.877e-19	2.58	0.7084	0.131	79.1	81.95	DNAH11
A0A0E1NS95	I6L9H5	0.8546	7.21e-14	2.14	0.3687	0.6251	65.73	82.34	PMS1
A0A250IWT1	B4E0B6	0.8546	1.09e-18	1.72	0.4152	0.3733	74.13	53.22	
A0A517ZL33	Q53EZ9	0.8546	3.825e-13	2.3	0.6869	0.4204	78.41	74.1	
B1FI79	P46736	0.8545	1.574e-9	1.91	0.3849	0.6862	84.56	91.56	BRCC3
A0A250IWT1	H3BR95	0.8545	8.682e-11	1.55	0.8487	0.1871	95.02	53.22	WDR59
A0A3G6K670	F6T542	0.8545	7.985e-10	0.72	0.7747	0.0786	73.61	76.92	CHD5
A0A250IWT1	Q53GN4	0.8545	1.285e-18	2.32	0.462	0.3736	96.31	53.22	WDR1
A0A822VZF9	A0A0U1RQT7	0.8545	7.052e-19	2.58	0.5472	0.3683	76.33	80.58	CSNK1G1
A0A1D7XK87	A1A4F3	0.8545	3.245e-16	3.34	0.6182	0.6869	92.38	92.51	SEPSECS
A0A3L8GBN6	A0A2R8YF61	0.8545	7.83e-18	1.73	0.2262	0.4046	54.05	85.99	CDK13
A0A250IWT1	B2RAW3	0.8545	9.606e-18	2.17	0.5936	0.3455	84.4	53.22	
A0A7T5EL75	B3KY55	0.8544	6.201e-13	0.67	0.389	0.1472	63.81	74.06	
A0A0K1P5Q4	O95477	0.8544	9.961e-17	2.61	0.0971	0.8096	73.24	91.06	ABCA1
A0A1P9WYC0	A0A2I2MP54	0.8544	5.157e-8	0.21	0.6119	0.2912	80.97	88.58	KLK6
A0A2Z5TNJ9	Q2TTR7	0.8543	1.036e-14	1.75	0.215	0.3785	73.84	80.1	
A0A0K1NJR8	A8MSP2	0.8542	5.202e-13	2.26	0.676	0.2527	83.85	78.97	RAB37
Q1CW34	Q53FG6	0.8542	3.53e-15	1.7	0.1761	0.3121	66.83	89.99	
A0A0Z8M843	B7Z2I3	0.8541	1.036e-14	1.78	0.2137	0.3643	74.95	80.86	
Q1QC66	H7C5K0	0.8541	9.807e-10	1.04	0.6223	0.2609	77.64	79.16	HLTF
A0A0H2YG60	A0A669KBK2	0.8541	3.33e-14	2.15	0.3233	0.5181	72.98	83.0	MLH1
A0A0K1P5Q4	O75555	0.8539	8.017e-14	2.64	0.2196	0.764	81.75	91.06	MOAT-B
A0A250IWT1	V9HWG7	0.8539	1.285e-18	2.34	0.4604	0.3722	96.6	53.22	HEL-S-52
A0A0K1P5Q4	Q8IZY2	0.8538	9.961e-17	2.66	0.1	0.804	75.35	91.06	ABCA7
S7TRZ0	Q6PKD2	0.8537	2.573e-9	0.2	0.2848	0.297	71.68	93.9	HNRPCL1
A0A822VZF9	P20794	0.8537	5.926e-13	1.46	0.3901	0.3675	62.14	80.58	MAK
A0A7D5PGU2	Q5FBZ9	0.8537	3.477e-21	2.0	0.2516	0.2992	62.41	86.75	PMS1
A0A348B5X2	Q53G15	0.8536	3.592e-10	1.21	0.3979	0.3365	76.62	87.88	
D0KRW0	Q6IN84	0.8535	3.252e-15	2.9	0.3574	0.74	78.72	93.86	MRM1
A0A249MXF2	A0A1U9X8I9	0.8535	5.517e-13	2.25	0.3553	0.4979	79.74	86.98	
A9WFD2	G3V3J8	0.8534	6.692e-8	1.51	0.5144	0.796	81.1	93.36	PLD4
A0A250IWT1	O75083	0.8533	1.285e-18	2.35	0.459	0.3708	96.5	53.22	WDR1
A0A0H1XY30	Q8TD19	0.8533	2.095e-13	1.87	0.2139	0.4004	73.92	89.22	NEK9
A0A250IWT1	Q6RFH5	0.8532	2.997e-16	2.22	0.6727	0.3568	83.28	53.22	WDR74
G2LKY9	G3V576	0.8531	2.573e-9	0.15	0.2617	0.2977	72.37	93.14	HNRNPC
A0A3E3EC96	A0A7I2V4J3	0.8531	8.417e-9	0.9	0.4451	0.396	84.22	85.92	DDX1
A0A809XNA9	P08217	0.8531	6.097e-8	0.69	0.6483	0.2705	93.43	83.91	CELA2A
A0A810MZG8	Q59EA4	0.8531	2.559e-10	1.76	0.2952	0.577	80.71	89.89	
Q16C13	P23378	0.853	1.231e-10	2.62	0.3229	0.7931	94.13	95.3	GLDC
A0A116MDM6	A0A6Q8PG01	0.853	5.926e-13	1.36	0.3921	0.3293	60.26	80.78	MAK
A0A0H1XY30	J3KR82	0.8529	3.062e-15	1.92	0.2271	0.3903	65.29	89.22	PLK4
A0A517ZL33	Q59FI5	0.8529	2.318e-15	2.19	0.4639	0.3721	76.91	74.1	
A0A5Z9UYT5	Q6PJ06	0.8529	1.264e-12	2.45	0.6446	0.2734	85.4	88.55	CSNK1A1
A0A330LKB8	B2R6Q5	0.8528	7.465e-8	1.55	0.6965	0.6491	86.68	86.94	
A0A0E1NS95	P54277	0.8528	7.21e-14	2.19	0.2829	0.6459	69.78	82.34	PMS1
A0A517ZL33	A0A804HLD1	0.8528	2.791e-17	2.07	0.6106	0.2436	63.62	74.1	CAMK2A
A0A2I5KM74	Q59FL8	0.8527	1.036e-14	1.83	0.2441	0.3863	71.32	80.99	
A0A6J4DJ71	Q6FHP1	0.8527	5.187e-10	2.16	0.6757	0.3109	95.18	87.69	MTAP
A0A7G9GP99	Q2T9J0	0.8527	1.98e-12	2.25	0.3429	0.5135	83.37	86.24	TYSND1
A0A517ZL33	P46734	0.8527	3.825e-13	2.38	0.6798	0.4164	80.49	74.1	MAP2K3
A9KZ97	Q96LQ7	0.8526	1.108e-10	0.6	0.2022	0.1818	80.07	85.36	CDH24
A0A6J4DJ71	Q6FHT1	0.8526	5.187e-10	2.16	0.6762	0.3111	95.04	87.69	MTAP
A0A1Y2NZ71	P22413	0.8525	1.847e-9	1.58	0.234	0.6792	90.66	82.18	ENPP1
A0A250IWT1	Q53SV2	0.8524	2.946e-14	1.88	0.5226	0.3657	85.84	53.22	FLJ10035
A0A1S7P244	H3BQ93	0.8523	4.536e-9	1.65	0.328	0.6882	79.63	94.91	ADCY7
A0A5J4LJY9	B4DHI6	0.8523	1.998e-13	1.94	0.5703	0.242	80.21	71.05	
A0A517ZL33	Q6FHG1	0.8523	3.825e-13	2.35	0.689	0.4213	77.47	74.1	MAP2K3
A0A250IWT1	Q9H9Z0	0.8523	1.126e-13	1.56	0.3249	0.3683	90.43	53.22	
A0A250IWT1	A0A7I2V613	0.8522	3.854e-17	2.13	0.6886	0.3628	73.58	53.22	EIF3I
A0A4U8Z5F9	Q149N8	0.8522	4.578e-22	2.52	0.2706	0.5889	70.7	79.27	SHPRH
A0A518G7R2	Q9UGI5	0.8522	2.025e-11	3.23	0.7273	0.7653	98.08	93.7	GAD65
A0A7T3V578	A0A7I2YQ77	0.8521	1.447e-11	1.71	0.4065	0.3521	78.12	82.65	DDX1
A0A809XNA9	P08218	0.8521	6.097e-8	0.7	0.6497	0.2708	92.14	83.91	CELA2B
R9RJ65	U6FVB0	0.8521	1.209e-16	2.03	0.3782	0.3583	64.69	80.14	CD74-Ntrk1 fusion gene
A0A250IWT1	A7E2A2	0.852	1.087e-16	1.61	0.2435	0.3786	82.95	53.22	APAF1
A0A0H3JWT2	A0A3B3ITQ6	0.852	4.026e-17	1.95	0.2579	0.425	54.08	89.51	NEK5
R9RJ65	Q9BUB5	0.8519	5.913e-11	1.45	0.513	0.3675	69.88	80.14	MKNK1
A0A517ZL33	C7DUW4	0.8519	3.825e-13	2.37	0.6907	0.422	77.75	74.1	MAP2K3
A0A660GDJ5	C9IY94	0.8519	1.273e-9	1.23	0.5701	0.2682	75.09	88.55	SEPTIN2
A0A249MXF2	A0A1U9X8I7	0.8519	5.517e-13	2.29	0.3553	0.4979	79.48	86.98	
A0A250IWT1	X5D2S9	0.8518	6.735e-16	1.72	0.459	0.406	73.0	53.22	RFWD2
A0A0K2GAP6	H3BTC0	0.8518	1.676e-17	1.94	0.215	0.308	57.79	94.74	RNPS1
A0A250IWT1	A0A3B3IS84	0.8518	1.358e-15	1.47	0.2437	0.3816	81.66	53.22	COPA
A0A330LKB8	Q8WXG1	0.8518	7.465e-8	1.6	0.6941	0.6469	87.36	86.94	RSAD2
A0A250IWT1	P53621	0.8517	1.358e-15	1.51	0.2394	0.3812	83.15	53.22	COPA
A0A0K1P5Q4	B4DI99	0.8517	3.383e-11	2.5	0.3255	0.8167	82.04	91.06	
A0A2R3IKW8	B3KN64	0.8517	7.109e-80	1.62	0.1892	0.2009	54.25	83.41	
A0A517ZL33	B4DR46	0.8517	4.426e-16	2.76	0.6363	0.4548	84.86	74.1	
A0A809XNA9	Q6ICV2	0.8516	6.097e-8	0.7	0.6465	0.27	91.74	83.91	ELA2A
F3L658	Q8WXB1	0.8516	2.13e-11	2.87	0.6957	0.5257	91.86	94.38	METTL21A
A0A250IWT1	Q8IU52	0.8516	7.117e-13	0.74	0.4758	0.2215	72.1	53.22	POC1B
A0A0K2GAP6	D3DU92	0.8516	1.676e-17	1.93	0.2138	0.3089	57.13	94.74	rnps1
L0L0B2	M0QX65	0.8516	2.146e-7	1.44	0.6708	0.5746	89.66	96.22	SAE1
A0A250IWT1	C9JGR9	0.8514	5.908e-11	1.25	0.6329	0.3939	80.34	53.22	WDR37
A0A809XNA9	Q6ISU5	0.8514	6.097e-8	0.7	0.6458	0.2699	91.6	83.91	ELA2A
A0A809XNA9	Q6ISN8	0.8514	6.097e-8	0.7	0.6466	0.2699	91.52	83.91	ELA2A
A0A517ZL33	O75676	0.8513	8.015e-11	1.43	0.4179	0.5356	71.18	74.1	RPS6KA4
M9YT10	Q5H9Q5	0.8512	8.072e-12	1.99	0.4549	0.4023	81.68	79.81	DKFZp781N0293
A0A7H0F5Q6	A0A7I2V4N4	0.8512	1.385e-12	1.4	0.1355	0.3032	71.12	90.44	PABPC1
G2LKY9	P31943	0.8512	4.519e-13	1.58	0.1945	0.3757	61.89	93.14	HNRNPH1
A0A096CHU5	A0A087X072	0.8512	3.874e-13	2.36	0.3893	0.4609	78.73	89.23	RECQL4
A0A250IWT1	X5DNY7	0.851	6.735e-16	1.73	0.4574	0.4287	70.94	53.22	RFWD2
G2LKY9	P52597	0.851	1.149e-12	1.57	0.2009	0.3661	64.49	93.14	HNRNPF
A0A7G7GB79	Q53F79	0.851	4.295e-17	2.75	0.4265	0.5775	66.95	93.05	
B7JW14	B7Z3R7	0.8509	3.77e-19	2.26	0.213	0.3812	64.5	92.43	
A0A250IWT1	Q59ER5	0.8509	1.285e-18	2.36	0.4495	0.3736	94.24	53.22	
A0A123SU34	A0A499FIS5	0.8509	5.913e-11	1.58	0.5304	0.3709	70.72	80.85	MKNK1
A0A0K1NJR8	B4DMS1	0.8509	5.202e-13	2.07	0.6407	0.2474	73.64	78.97	
A0A3L8GBN6	Q15136	0.8509	9.017e-9	1.49	0.6451	0.2943	91.73	85.99	PRKACA
A0A809XNA9	Q6ISP9	0.8509	6.097e-8	0.66	0.6479	0.2704	89.9	83.91	ELA2B
Q9XBB4	A0A0S2Z4Z8	0.8508	3.902e-16	2.51	0.3842	0.4114	74.2	89.32	RIPK2
A0A5Q0BI20	Q8WTZ8	0.8508	6.267e-11	0.93	0.264	0.1303	85.77	80.92	RYK
C9LWS0	O95648	0.8508	1.073e-10	1.0	0.5161	0.1595	73.68	78.72	
A0A249MXF2	B4DM01	0.8507	5.517e-13	2.46	0.4166	0.5127	81.2	86.98	
A0A6L8SZ11	B3KUD4	0.8506	7.104e-9	1.54	0.6836	0.2616	93.37	83.32	
A0A2Z5TNJ9	E9PRV7	0.8505	1.281e-10	1.45	0.4164	0.2641	85.27	80.1	GRK2
G0J3X9	Q05B42	0.8505	1.563e-11	1.65	0.2051	0.2928	84.67	89.59	SARM1
A0A822VZF9	P00519	0.8505	2.878e-16	1.84	0.2353	0.3856	63.37	80.58	ABL1
A0A517ZL33	Q59F75	0.8505	4.223e-14	1.88	0.5897	0.2809	64.48	74.1	
A0A822VZF9	P42684	0.8504	5.13e-16	1.76	0.2396	0.4094	59.21	80.58	ABL2
A0A0K1P5Q4	A0A6M3QJP3	0.8504	6.842e-11	2.34	0.2415	0.7604	84.96	91.06	
A0A4P6ZIQ3	Q6IQ20	0.8504	5.409e-8	0.9	0.4792	0.5271	87.28	84.17	NAPEPLD
A0A2T3FW44	E7EX41	0.8504	1.414e-7	0.98	0.7934	0.2982	91.05	86.09	DDX55
A0A169T0H3	Q02763	0.8504	1.147e-14	2.34	0.1958	0.4114	83.96	89.22	TEK
A0A7H8NAU2	A0A2R8Y4D6	0.8503	6.182e-13	2.57	0.6574	0.2134	95.84	81.81	CSNK2A1
E3FIT8	Q96BR1	0.8503	3.707e-11	1.79	0.4739	0.363	83.37	76.92	SGK3
A0A6I6AHP7	B4E2A3	0.8502	1.988e-9	0.34	0.4199	0.2874	65.79	87.24	
A0A7G7GB79	A0A7N4YH79	0.8502	4.295e-17	2.64	0.3239	0.6579	61.18	93.05	TENT4B
A0A250IWT1	A8K1Z3	0.8502	4.783e-17	1.38	0.4012	0.3505	63.26	53.22	
A0A250IWT1	B7ZLM5	0.8501	2.946e-14	1.88	0.489	0.3659	84.98	53.22	ATG16L1
A0A5K7X3J4	Q5T852	0.8501	2.133e-8	0.39	0.2675	0.2799	90.96	91.75	MTPAP
A0A858SRR4	P20231	0.85	6.097e-8	0.75	0.6028	0.2879	91.3	85.01	TPSB2
L0D6C1	Q14498	0.85	3.317e-15	2.04	0.1735	0.3845	66.79	92.92	RBM39
B0N6M2	A0A140T9X9	0.85	1.81e-8	1.81	0.8655	0.3114	91.67	85.91	DDX39B
A0A517ZL33	E9PC47	0.85	6.212e-13	1.66	0.3493	0.3991	71.22	74.1	LIMK1
